2026-08-10 21:26:46,067 | fase1_ibge | INFO | === Fase 1: base demográfica IBGE — município 3170206 ===
2026-08-10 21:26:49,813 | fase1_ibge | INFO | URL mais recente para basico: https://ftp.ibge.gov.br/Censos/Censo_Demografico_2022/Agregados_por_Setores_Censitarios/Agregados_por_Setor_csv/Agregados_por_setores_basico_BR_20260520.zip
2026-08-10 21:26:49,813 | fase1_ibge | INFO | URL mais recente para domicilio1: https://ftp.ibge.gov.br/Censos/Censo_Demografico_2022/Agregados_por_Setores_Censitarios/Agregados_por_Setor_csv/Agregados_por_setores_caracteristicas_domicilio1_BR.zip
2026-08-10 21:26:49,813 | fase1_ibge | INFO | URL mais recente para demografia: https://ftp.ibge.gov.br/Censos/Censo_Demografico_2022/Agregados_por_Setores_Censitarios/Agregados_por_Setor_csv/Agregados_por_setores_demografia_BR.zip
2026-08-10 21:26:49,814 | fase1_ibge | INFO | URL mais recente para dicionario: https://ftp.ibge.gov.br/Censos/Censo_Demografico_2022/Agregados_por_Setores_Censitarios/dicionario_de_dados_agregados_por_setores_censitarios_20260520.xlsx
2026-08-10 21:26:49,814 | fase1_ibge | INFO | URL mais recente para malha: https://ftp.ibge.gov.br/Censos/Censo_Demografico_2022/Agregados_por_Setores_Censitarios/malha_com_atributos/setores/gpkg/UF/MG/MG_setores_CD2022.gpkg
2026-08-10 21:26:49,814 | fase1_ibge | INFO | URL mais recente para renda_zip: https://ftp.ibge.gov.br/Censos/Censo_Demografico_2022/Agregados_por_Setores_Censitarios_Rendimento_do_Responsavel/Agregados_por_setores_renda_responsavel_BR_20260508_xlsx.zip
2026-08-10 21:26:49,814 | fase1_ibge | INFO | URL mais recente para renda_dicionario: https://ftp.ibge.gov.br/Censos/Censo_Demografico_2022/Agregados_por_Setores_Censitarios_Rendimento_do_Responsavel/dicionario_de_dados_renda_responsavel_20260508.xlsx
2026-08-10 21:26:49,815 | fase1_ibge | INFO | baixando https://ftp.ibge.gov.br/Censos/Censo_Demografico_2022/Agregados_por_Setores_Censitarios/Agregados_por_Setor_csv/Agregados_por_setores_basico_BR_20260520.zip -> C:\projetos\novo_ponto\data\raw\ibge\Agregados_por_setores_basico_BR_20260520.zip
2026-08-10 21:26:52,561 | fase1_ibge | INFO | download concluído: C:\projetos\novo_ponto\data\raw\ibge\Agregados_por_setores_basico_BR_20260520.zip (15418417 bytes)
2026-08-10 21:26:52,564 | fase1_ibge | INFO | baixando https://ftp.ibge.gov.br/Censos/Censo_Demografico_2022/Agregados_por_Setores_Censitarios/Agregados_por_Setor_csv/Agregados_por_setores_caracteristicas_domicilio1_BR.zip -> C:\projetos\novo_ponto\data\raw\ibge\Agregados_por_setores_caracteristicas_domicilio1_BR.zip
2026-08-10 21:26:54,737 | fase1_ibge | INFO | download concluído: C:\projetos\novo_ponto\data\raw\ibge\Agregados_por_setores_caracteristicas_domicilio1_BR.zip (24196895 bytes)
2026-08-10 21:26:54,741 | fase1_ibge | INFO | baixando https://ftp.ibge.gov.br/Censos/Censo_Demografico_2022/Agregados_por_Setores_Censitarios/Agregados_por_Setor_csv/Agregados_por_setores_demografia_BR.zip -> C:\projetos\novo_ponto\data\raw\ibge\Agregados_por_setores_demografia_BR.zip
2026-08-10 21:26:57,149 | fase1_ibge | INFO | download concluído: C:\projetos\novo_ponto\data\raw\ibge\Agregados_por_setores_demografia_BR.zip (22554090 bytes)
2026-08-10 21:26:57,153 | fase1_ibge | INFO | baixando https://ftp.ibge.gov.br/Censos/Censo_Demografico_2022/Agregados_por_Setores_Censitarios/dicionario_de_dados_agregados_por_setores_censitarios_20260520.xlsx -> C:\projetos\novo_ponto\data\raw\ibge\dicionario_de_dados_agregados_por_setores_censitarios_20260520.xlsx
2026-08-10 21:26:58,085 | fase1_ibge | INFO | download concluído: C:\projetos\novo_ponto\data\raw\ibge\dicionario_de_dados_agregados_por_setores_censitarios_20260520.xlsx (118369 bytes)
2026-08-10 21:26:58,089 | fase1_ibge | INFO | cache hit, não baixa de novo: C:\projetos\novo_ponto\data\raw\ibge\MG_setores_CD2022.gpkg
2026-08-10 21:26:58,090 | fase1_ibge | INFO | baixando https://ftp.ibge.gov.br/Censos/Censo_Demografico_2022/Agregados_por_Setores_Censitarios_Rendimento_do_Responsavel/Agregados_por_setores_renda_responsavel_BR_20260508_xlsx.zip -> C:\projetos\novo_ponto\data\raw\ibge\Agregados_por_setores_renda_responsavel_BR_20260508_xlsx.zip
2026-08-10 21:27:00,712 | fase1_ibge | INFO | download concluído: C:\projetos\novo_ponto\data\raw\ibge\Agregados_por_setores_renda_responsavel_BR_20260508_xlsx.zip (24383538 bytes)
2026-08-10 21:27:00,716 | fase1_ibge | INFO | baixando https://ftp.ibge.gov.br/Censos/Censo_Demografico_2022/Agregados_por_Setores_Censitarios_Rendimento_do_Responsavel/dicionario_de_dados_renda_responsavel_20260508.xlsx -> C:\projetos\novo_ponto\data\raw\ibge\dicionario_de_dados_renda_responsavel_20260508.xlsx
2026-08-10 21:27:01,560 | fase1_ibge | INFO | download concluído: C:\projetos\novo_ponto\data\raw\ibge\dicionario_de_dados_renda_responsavel_20260508.xlsx (10197 bytes)
2026-08-10 21:27:01,563 | fase1_ibge | INFO | convertendo C:\projetos\novo_ponto\data\raw\ibge\dicionario_de_dados_agregados_por_setores_censitarios_20260520.xlsx com markitdown -> C:\projetos\novo_ponto\data\interim\md\dicionario_de_dados_agregados_por_setores_censitarios_20260520.xlsx.md
2026-08-10 21:27:05,148 | fase1_ibge | INFO | convertendo C:\projetos\novo_ponto\data\raw\ibge\dicionario_de_dados_renda_responsavel_20260508.xlsx com markitdown -> C:\projetos\novo_ponto\data\interim\md\dicionario_de_dados_renda_responsavel_20260508.xlsx.md
2026-08-10 21:27:06,680 | fase1_ibge | INFO | lendo malha geográfica de MG (pode demorar, é um gpkg grande)
2026-08-10 21:27:15,196 | fase1_ibge | INFO | malha: 51392 setores em MG, 1988 em Uberlândia (CD_MUN=3170206)
2026-08-10 21:27:16,301 | fase1_ibge | INFO | extraído: Agregados_por_setores_basico_BR_20260520.zip -> C:\projetos\novo_ponto\data\raw\ibge\extracted\basico
2026-08-10 21:27:17,780 | fase1_ibge | INFO | extraído: Agregados_por_setores_caracteristicas_domicilio1_BR.zip -> C:\projetos\novo_ponto\data\raw\ibge\extracted\domicilio1
2026-08-10 21:27:18,803 | fase1_ibge | INFO | extraído: Agregados_por_setores_demografia_BR.zip -> C:\projetos\novo_ponto\data\raw\ibge\extracted\demografia
2026-08-10 21:27:18,968 | fase1_ibge | INFO | extraído: Agregados_por_setores_renda_responsavel_BR_20260508_xlsx.zip -> C:\projetos\novo_ponto\data\raw\ibge\extracted\renda
2026-08-10 21:27:19,336 | fase1_ibge | INFO | Agregados_por_setores_basico_BR.csv: chardet sugeriu ISO-8859-1 (confiança=0.006); usando cp1252
2026-08-10 21:27:19,356 | fase1_ibge | INFO | Agregados_por_setores_basico_BR.csv: separador decimal detectado=',' (amostra: vírgula=5194 ponto=0)
2026-08-10 21:27:26,501 | fase1_ibge | INFO | Agregados_por_setores_caracteristicas_domicilio1_BR.csv: chardet sugeriu ascii (confiança=1.000); usando cp1252
2026-08-10 21:27:26,530 | fase1_ibge | INFO | Agregados_por_setores_caracteristicas_domicilio1_BR.csv: separador decimal detectado='.' (amostra: vírgula=0 ponto=0)
2026-08-10 21:27:35,985 | fase1_ibge | INFO | Agregados_por_setores_demografia_BR.csv: chardet sugeriu ascii (confiança=1.000); usando cp1252
2026-08-10 21:27:36,006 | fase1_ibge | INFO | Agregados_por_setores_demografia_BR.csv: separador decimal detectado='.' (amostra: vírgula=0 ponto=0)
2026-08-10 21:27:41,275 | fase1_ibge | INFO | Agregados_por_setores_renda_responsavel_BR.csv: chardet sugeriu ascii (confiança=1.000); usando cp1252
2026-08-10 21:27:41,302 | fase1_ibge | INFO | Agregados_por_setores_renda_responsavel_BR.csv: separador decimal detectado='.' (amostra: vírgula=0 ponto=20283)
2026-08-10 21:27:43,632 | fase1_ibge | INFO | linhas filtradas para Uberlândia: básico=1988 domicilio1=1924 demografia=1924 renda=1924
2026-08-10 21:27:43,801 | fase1_ibge | INFO | merge com básico: 1988->1988 linhas, 0 setores sem correspondência nessa tabela
2026-08-10 21:27:43,811 | fase1_ibge | INFO | merge com domicilio1: 1988->1988 linhas, 90 setores sem correspondência nessa tabela
2026-08-10 21:27:43,818 | fase1_ibge | INFO | merge com demografia: 1988->1988 linhas, 90 setores sem correspondência nessa tabela
2026-08-10 21:27:43,824 | fase1_ibge | INFO | merge com renda: 1988->1988 linhas, 90 setores sem correspondência nessa tabela
2026-08-10 21:27:43,884 | fase1_ibge | INFO | reprojetado de EPSG:4674 para EPSG:31982 (spec: sempre métrico antes de cálculo de distância/área)
2026-08-10 21:27:43,887 | fase1_ibge | INFO | ACEITE — todos os critérios da Fase 1 passaram (n_setores=1988, soma_domicilios=267966)
2026-08-10 21:28:00,898 | fase1_ibge | INFO | === Fase 1: base demográfica IBGE — município 3170206 ===
2026-08-10 21:28:02,923 | fase1_ibge | INFO | URL mais recente para basico: https://ftp.ibge.gov.br/Censos/Censo_Demografico_2022/Agregados_por_Setores_Censitarios/Agregados_por_Setor_csv/Agregados_por_setores_basico_BR_20260520.zip
2026-08-10 21:28:02,924 | fase1_ibge | INFO | URL mais recente para domicilio1: https://ftp.ibge.gov.br/Censos/Censo_Demografico_2022/Agregados_por_Setores_Censitarios/Agregados_por_Setor_csv/Agregados_por_setores_caracteristicas_domicilio1_BR.zip
2026-08-10 21:28:02,924 | fase1_ibge | INFO | URL mais recente para demografia: https://ftp.ibge.gov.br/Censos/Censo_Demografico_2022/Agregados_por_Setores_Censitarios/Agregados_por_Setor_csv/Agregados_por_setores_demografia_BR.zip
2026-08-10 21:28:02,924 | fase1_ibge | INFO | URL mais recente para dicionario: https://ftp.ibge.gov.br/Censos/Censo_Demografico_2022/Agregados_por_Setores_Censitarios/dicionario_de_dados_agregados_por_setores_censitarios_20260520.xlsx
2026-08-10 21:28:02,924 | fase1_ibge | INFO | URL mais recente para malha: https://ftp.ibge.gov.br/Censos/Censo_Demografico_2022/Agregados_por_Setores_Censitarios/malha_com_atributos/setores/gpkg/UF/MG/MG_setores_CD2022.gpkg
2026-08-10 21:28:02,924 | fase1_ibge | INFO | URL mais recente para renda_zip: https://ftp.ibge.gov.br/Censos/Censo_Demografico_2022/Agregados_por_Setores_Censitarios_Rendimento_do_Responsavel/Agregados_por_setores_renda_responsavel_BR_20260508_xlsx.zip
2026-08-10 21:28:02,924 | fase1_ibge | INFO | URL mais recente para renda_dicionario: https://ftp.ibge.gov.br/Censos/Censo_Demografico_2022/Agregados_por_Setores_Censitarios_Rendimento_do_Responsavel/dicionario_de_dados_renda_responsavel_20260508.xlsx
2026-08-10 21:28:02,925 | fase1_ibge | INFO | cache hit, não baixa de novo: C:\projetos\novo_ponto\data\raw\ibge\Agregados_por_setores_basico_BR_20260520.zip
2026-08-10 21:28:02,926 | fase1_ibge | INFO | cache hit, não baixa de novo: C:\projetos\novo_ponto\data\raw\ibge\Agregados_por_setores_caracteristicas_domicilio1_BR.zip
2026-08-10 21:28:02,927 | fase1_ibge | INFO | cache hit, não baixa de novo: C:\projetos\novo_ponto\data\raw\ibge\Agregados_por_setores_demografia_BR.zip
2026-08-10 21:28:02,927 | fase1_ibge | INFO | cache hit, não baixa de novo: C:\projetos\novo_ponto\data\raw\ibge\dicionario_de_dados_agregados_por_setores_censitarios_20260520.xlsx
2026-08-10 21:28:02,927 | fase1_ibge | INFO | cache hit, não baixa de novo: C:\projetos\novo_ponto\data\raw\ibge\MG_setores_CD2022.gpkg
2026-08-10 21:28:02,928 | fase1_ibge | INFO | cache hit, não baixa de novo: C:\projetos\novo_ponto\data\raw\ibge\Agregados_por_setores_renda_responsavel_BR_20260508_xlsx.zip
2026-08-10 21:28:02,928 | fase1_ibge | INFO | cache hit, não baixa de novo: C:\projetos\novo_ponto\data\raw\ibge\dicionario_de_dados_renda_responsavel_20260508.xlsx
2026-08-10 21:28:02,929 | fase1_ibge | INFO | markitdown já convertido, pulando: C:\projetos\novo_ponto\data\interim\md\dicionario_de_dados_agregados_por_setores_censitarios_20260520.xlsx.md
2026-08-10 21:28:02,929 | fase1_ibge | INFO | markitdown já convertido, pulando: C:\projetos\novo_ponto\data\interim\md\dicionario_de_dados_renda_responsavel_20260508.xlsx.md
2026-08-10 21:28:02,929 | fase1_ibge | INFO | lendo malha geográfica de MG (pode demorar, é um gpkg grande)
2026-08-10 21:28:08,134 | fase1_ibge | INFO | malha: 51392 setores em MG, 1988 em Uberlândia (CD_MUN=3170206)
2026-08-10 21:28:08,135 | fase1_ibge | INFO | já extraído, pulando: Agregados_por_setores_basico_BR_20260520.zip
2026-08-10 21:28:08,137 | fase1_ibge | INFO | já extraído, pulando: Agregados_por_setores_caracteristicas_domicilio1_BR.zip
2026-08-10 21:28:08,137 | fase1_ibge | INFO | já extraído, pulando: Agregados_por_setores_demografia_BR.zip
2026-08-10 21:28:08,139 | fase1_ibge | INFO | já extraído, pulando: Agregados_por_setores_renda_responsavel_BR_20260508_xlsx.zip
2026-08-10 21:28:08,500 | fase1_ibge | INFO | Agregados_por_setores_basico_BR.csv: chardet sugeriu ISO-8859-1 (confiança=0.006); usando cp1252
2026-08-10 21:28:08,518 | fase1_ibge | INFO | Agregados_por_setores_basico_BR.csv: separador decimal detectado=',' (amostra: vírgula=5194 ponto=0)
2026-08-10 21:28:15,610 | fase1_ibge | INFO | Agregados_por_setores_caracteristicas_domicilio1_BR.csv: chardet sugeriu ascii (confiança=1.000); usando cp1252
2026-08-10 21:28:15,629 | fase1_ibge | INFO | Agregados_por_setores_caracteristicas_domicilio1_BR.csv: separador decimal detectado='.' (amostra: vírgula=0 ponto=0)
2026-08-10 21:28:25,104 | fase1_ibge | INFO | Agregados_por_setores_demografia_BR.csv: chardet sugeriu ascii (confiança=1.000); usando cp1252
2026-08-10 21:28:25,129 | fase1_ibge | INFO | Agregados_por_setores_demografia_BR.csv: separador decimal detectado='.' (amostra: vírgula=0 ponto=0)
2026-08-10 21:28:30,555 | fase1_ibge | INFO | Agregados_por_setores_renda_responsavel_BR.csv: chardet sugeriu ascii (confiança=1.000); usando cp1252
2026-08-10 21:28:30,584 | fase1_ibge | INFO | Agregados_por_setores_renda_responsavel_BR.csv: separador decimal detectado='.' (amostra: vírgula=0 ponto=20283)
2026-08-10 21:28:32,872 | fase1_ibge | INFO | linhas filtradas para Uberlândia: básico=1988 domicilio1=1924 demografia=1924 renda=1924
2026-08-10 21:28:33,001 | fase1_ibge | INFO | merge com básico: 1988->1988 linhas, 0 setores sem correspondência nessa tabela
2026-08-10 21:28:33,009 | fase1_ibge | INFO | merge com domicilio1: 1988->1988 linhas, 90 setores sem correspondência nessa tabela
2026-08-10 21:28:33,028 | fase1_ibge | INFO | merge com demografia: 1988->1988 linhas, 90 setores sem correspondência nessa tabela
2026-08-10 21:28:33,034 | fase1_ibge | INFO | merge com renda: 1988->1988 linhas, 90 setores sem correspondência nessa tabela
2026-08-10 21:28:33,073 | fase1_ibge | INFO | reprojetado de EPSG:4674 para EPSG:31982 (spec: sempre métrico antes de cálculo de distância/área)
2026-08-10 21:28:33,076 | fase1_ibge | INFO | ACEITE — todos os critérios da Fase 1 passaram (n_setores=1988, soma_domicilios=267966)
2026-08-10 21:28:33,305 | fase1_ibge | INFO | gravado: C:\projetos\novo_ponto\data\processed\setores.gpkg
2026-08-10 21:28:33,307 | fase1_ibge | INFO | RESUMO — entrada=1988 saida=1988 descartados=0 motivo='setores fora de Uberlândia (filtro CD_MUN) já removidos na malha de origem'
2026-08-10 21:34:24,233 | fase2_concorrentes | INFO | grade urbana: 49 células (espaçamento=3000m, raio=2200m)
2026-08-10 21:34:35,303 | fase2_concorrentes | INFO | grade urbana: 35 células (espaçamento=4000m, raio=2800m)
2026-08-10 21:34:35,518 | fase2_concorrentes | INFO | grade urbana: 25 células (espaçamento=4500m, raio=3200m)
2026-08-10 21:34:35,748 | fase2_concorrentes | INFO | grade urbana: 21 células (espaçamento=5000m, raio=3600m)
2026-08-10 21:34:48,525 | fase2_concorrentes | INFO | === Fase 2: concorrência ===
2026-08-10 21:34:48,526 | fase2_concorrentes | INFO | Overpass: tentando https://overpass-api.de/api/interpreter (tentativa 1)
2026-08-10 21:34:49,843 | fase2_concorrentes | WARNING | Overpass https://overpass-api.de/api/interpreter falhou (406 Client Error: Not Acceptable for url: https://overpass-api.de/api/interpreter), aguardando 1.0s
2026-08-10 21:34:50,845 | fase2_concorrentes | INFO | Overpass: tentando https://overpass-api.de/api/interpreter (tentativa 2)
2026-08-10 21:34:51,690 | fase2_concorrentes | WARNING | Overpass https://overpass-api.de/api/interpreter falhou (406 Client Error: Not Acceptable for url: https://overpass-api.de/api/interpreter), aguardando 2.0s
2026-08-10 21:34:53,691 | fase2_concorrentes | INFO | Overpass: tentando https://overpass-api.de/api/interpreter (tentativa 3)
2026-08-10 21:34:54,556 | fase2_concorrentes | WARNING | Overpass https://overpass-api.de/api/interpreter falhou (406 Client Error: Not Acceptable for url: https://overpass-api.de/api/interpreter), aguardando 4.0s
2026-08-10 21:34:58,558 | fase2_concorrentes | INFO | Overpass: tentando https://overpass-api.de/api/interpreter (tentativa 4)
2026-08-10 21:34:59,470 | fase2_concorrentes | WARNING | Overpass https://overpass-api.de/api/interpreter falhou (406 Client Error: Not Acceptable for url: https://overpass-api.de/api/interpreter), aguardando 8.0s
2026-08-10 21:35:07,472 | fase2_concorrentes | INFO | Overpass: tentando https://overpass.private.coffee/api/interpreter (tentativa 1)
2026-08-10 21:35:08,588 | fase2_concorrentes | WARNING | Overpass https://overpass.private.coffee/api/interpreter respondeu 429, aguardando 1.0s
2026-08-10 21:35:09,590 | fase2_concorrentes | INFO | Overpass: tentando https://overpass.private.coffee/api/interpreter (tentativa 2)
2026-08-10 21:35:10,734 | fase2_concorrentes | WARNING | Overpass https://overpass.private.coffee/api/interpreter respondeu 429, aguardando 2.0s
2026-08-10 21:35:12,736 | fase2_concorrentes | INFO | Overpass: tentando https://overpass.private.coffee/api/interpreter (tentativa 3)
2026-08-10 21:35:13,910 | fase2_concorrentes | WARNING | Overpass https://overpass.private.coffee/api/interpreter respondeu 429, aguardando 4.0s
2026-08-10 21:35:17,911 | fase2_concorrentes | INFO | Overpass: tentando https://overpass.private.coffee/api/interpreter (tentativa 4)
2026-08-10 21:35:19,029 | fase2_concorrentes | WARNING | Overpass https://overpass.private.coffee/api/interpreter respondeu 429, aguardando 8.0s
2026-08-10 21:35:27,031 | fase2_concorrentes | INFO | Overpass: tentando https://overpass.kumi.systems/api/interpreter (tentativa 1)
2026-08-10 21:35:29,504 | fase2_concorrentes | INFO | Overpass OK via https://overpass.kumi.systems/api/interpreter: 36 elementos
2026-08-10 21:35:29,507 | fase2_concorrentes | INFO | OSM: 36 concorrentes brutos coletados
2026-08-10 21:35:29,787 | fase2_concorrentes | INFO | grade urbana: 25 células (espaçamento=4500m, raio=3200m)
2026-08-10 21:35:30,600 | fase2_concorrentes | WARNING | Google Places status=REQUEST_DENIED query='pet shop' cell=(-19.2597,-48.4315): You’re calling a legacy API, which is not enabled for your project. To get newer features and more functionality, switch to the Places API (New) or Routes API. Learn more: https://developers.google.com/maps/legacy#LegacyApiNotActivatedMapError
2026-08-10 21:35:31,421 | fase2_concorrentes | WARNING | Google Places status=REQUEST_DENIED query='agropecuária' cell=(-19.2597,-48.4315): You’re calling a legacy API, which is not enabled for your project. To get newer features and more functionality, switch to the Places API (New) or Routes API. Learn more: https://developers.google.com/maps/legacy#LegacyApiNotActivatedMapError
2026-08-10 21:35:31,927 | fase2_concorrentes | WARNING | Google Places status=REQUEST_DENIED query='casa de ração' cell=(-19.2597,-48.4315): You’re calling a legacy API, which is not enabled for your project. To get newer features and more functionality, switch to the Places API (New) or Routes API. Learn more: https://developers.google.com/maps/legacy#LegacyApiNotActivatedMapError
2026-08-10 21:35:32,751 | fase2_concorrentes | WARNING | Google Places status=REQUEST_DENIED query='clínica veterinária' cell=(-19.2597,-48.4315): You’re calling a legacy API, which is not enabled for your project. To get newer features and more functionality, switch to the Places API (New) or Routes API. Learn more: https://developers.google.com/maps/legacy#LegacyApiNotActivatedMapError
2026-08-10 21:35:33,246 | fase2_concorrentes | WARNING | Google Places status=REQUEST_DENIED query='banho e tosa' cell=(-19.2597,-48.4315): You’re calling a legacy API, which is not enabled for your project. To get newer features and more functionality, switch to the Places API (New) or Routes API. Learn more: https://developers.google.com/maps/legacy#LegacyApiNotActivatedMapError
2026-08-10 21:35:34,082 | fase2_concorrentes | WARNING | Google Places status=REQUEST_DENIED query='pet shop' cell=(-19.0154,-48.3926): You’re calling a legacy API, which is not enabled for your project. To get newer features and more functionality, switch to the Places API (New) or Routes API. Learn more: https://developers.google.com/maps/legacy#LegacyApiNotActivatedMapError
2026-08-10 21:35:34,729 | fase2_concorrentes | WARNING | Google Places status=REQUEST_DENIED query='agropecuária' cell=(-19.0154,-48.3926): You’re calling a legacy API, which is not enabled for your project. To get newer features and more functionality, switch to the Places API (New) or Routes API. Learn more: https://developers.google.com/maps/legacy#LegacyApiNotActivatedMapError
2026-08-10 21:35:35,517 | fase2_concorrentes | WARNING | Google Places status=REQUEST_DENIED query='casa de ração' cell=(-19.0154,-48.3926): You’re calling a legacy API, which is not enabled for your project. To get newer features and more functionality, switch to the Places API (New) or Routes API. Learn more: https://developers.google.com/maps/legacy#LegacyApiNotActivatedMapError
2026-08-10 21:35:36,329 | fase2_concorrentes | WARNING | Google Places status=REQUEST_DENIED query='clínica veterinária' cell=(-19.0154,-48.3926): You’re calling a legacy API, which is not enabled for your project. To get newer features and more functionality, switch to the Places API (New) or Routes API. Learn more: https://developers.google.com/maps/legacy#LegacyApiNotActivatedMapError
2026-08-10 21:35:36,817 | fase2_concorrentes | WARNING | Google Places status=REQUEST_DENIED query='banho e tosa' cell=(-19.0154,-48.3926): You’re calling a legacy API, which is not enabled for your project. To get newer features and more functionality, switch to the Places API (New) or Routes API. Learn more: https://developers.google.com/maps/legacy#LegacyApiNotActivatedMapError
2026-08-10 21:35:37,299 | fase2_concorrentes | WARNING | Google Places status=REQUEST_DENIED query='pet shop' cell=(-18.9747,-48.3932): You’re calling a legacy API, which is not enabled for your project. To get newer features and more functionality, switch to the Places API (New) or Routes API. Learn more: https://developers.google.com/maps/legacy#LegacyApiNotActivatedMapError
2026-08-10 21:35:37,768 | fase2_concorrentes | WARNING | Google Places status=REQUEST_DENIED query='agropecuária' cell=(-18.9747,-48.3932): You’re calling a legacy API, which is not enabled for your project. To get newer features and more functionality, switch to the Places API (New) or Routes API. Learn more: https://developers.google.com/maps/legacy#LegacyApiNotActivatedMapError
2026-08-10 21:35:38,289 | fase2_concorrentes | WARNING | Google Places status=REQUEST_DENIED query='casa de ração' cell=(-18.9747,-48.3932): You’re calling a legacy API, which is not enabled for your project. To get newer features and more functionality, switch to the Places API (New) or Routes API. Learn more: https://developers.google.com/maps/legacy#LegacyApiNotActivatedMapError
2026-08-10 21:35:38,894 | fase2_concorrentes | WARNING | Google Places status=REQUEST_DENIED query='clínica veterinária' cell=(-18.9747,-48.3932): You’re calling a legacy API, which is not enabled for your project. To get newer features and more functionality, switch to the Places API (New) or Routes API. Learn more: https://developers.google.com/maps/legacy#LegacyApiNotActivatedMapError
2026-08-10 21:35:39,714 | fase2_concorrentes | WARNING | Google Places status=REQUEST_DENIED query='banho e tosa' cell=(-18.9747,-48.3932): You’re calling a legacy API, which is not enabled for your project. To get newer features and more functionality, switch to the Places API (New) or Routes API. Learn more: https://developers.google.com/maps/legacy#LegacyApiNotActivatedMapError
2026-08-10 21:35:40,191 | fase2_concorrentes | WARNING | Google Places status=REQUEST_DENIED query='pet shop' cell=(-19.0147,-48.3499): You’re calling a legacy API, which is not enabled for your project. To get newer features and more functionality, switch to the Places API (New) or Routes API. Learn more: https://developers.google.com/maps/legacy#LegacyApiNotActivatedMapError
2026-08-10 21:35:40,840 | fase2_concorrentes | WARNING | Google Places status=REQUEST_DENIED query='agropecuária' cell=(-19.0147,-48.3499): You’re calling a legacy API, which is not enabled for your project. To get newer features and more functionality, switch to the Places API (New) or Routes API. Learn more: https://developers.google.com/maps/legacy#LegacyApiNotActivatedMapError
2026-08-10 21:35:41,455 | fase2_concorrentes | WARNING | Google Places status=REQUEST_DENIED query='casa de ração' cell=(-19.0147,-48.3499): You’re calling a legacy API, which is not enabled for your project. To get newer features and more functionality, switch to the Places API (New) or Routes API. Learn more: https://developers.google.com/maps/legacy#LegacyApiNotActivatedMapError
2026-08-10 21:35:41,981 | fase2_concorrentes | WARNING | Google Places status=REQUEST_DENIED query='clínica veterinária' cell=(-19.0147,-48.3499): You’re calling a legacy API, which is not enabled for your project. To get newer features and more functionality, switch to the Places API (New) or Routes API. Learn more: https://developers.google.com/maps/legacy#LegacyApiNotActivatedMapError
2026-08-10 21:35:42,464 | fase2_concorrentes | WARNING | Google Places status=REQUEST_DENIED query='banho e tosa' cell=(-19.0147,-48.3499): You’re calling a legacy API, which is not enabled for your project. To get newer features and more functionality, switch to the Places API (New) or Routes API. Learn more: https://developers.google.com/maps/legacy#LegacyApiNotActivatedMapError
2026-08-10 21:35:43,057 | fase2_concorrentes | WARNING | Google Places status=REQUEST_DENIED query='pet shop' cell=(-18.9741,-48.3505): You’re calling a legacy API, which is not enabled for your project. To get newer features and more functionality, switch to the Places API (New) or Routes API. Learn more: https://developers.google.com/maps/legacy#LegacyApiNotActivatedMapError
2026-08-10 21:35:43,646 | fase2_concorrentes | WARNING | Google Places status=REQUEST_DENIED query='agropecuária' cell=(-18.9741,-48.3505): You’re calling a legacy API, which is not enabled for your project. To get newer features and more functionality, switch to the Places API (New) or Routes API. Learn more: https://developers.google.com/maps/legacy#LegacyApiNotActivatedMapError
2026-08-10 21:35:44,203 | fase2_concorrentes | WARNING | Google Places status=REQUEST_DENIED query='casa de ração' cell=(-18.9741,-48.3505): You’re calling a legacy API, which is not enabled for your project. To get newer features and more functionality, switch to the Places API (New) or Routes API. Learn more: https://developers.google.com/maps/legacy#LegacyApiNotActivatedMapError
2026-08-10 21:35:45,040 | fase2_concorrentes | WARNING | Google Places status=REQUEST_DENIED query='clínica veterinária' cell=(-18.9741,-48.3505): You’re calling a legacy API, which is not enabled for your project. To get newer features and more functionality, switch to the Places API (New) or Routes API. Learn more: https://developers.google.com/maps/legacy#LegacyApiNotActivatedMapError
2026-08-10 21:35:45,528 | fase2_concorrentes | WARNING | Google Places status=REQUEST_DENIED query='banho e tosa' cell=(-18.9741,-48.3505): You’re calling a legacy API, which is not enabled for your project. To get newer features and more functionality, switch to the Places API (New) or Routes API. Learn more: https://developers.google.com/maps/legacy#LegacyApiNotActivatedMapError
2026-08-10 21:35:46,250 | fase2_concorrentes | WARNING | Google Places status=REQUEST_DENIED query='pet shop' cell=(-18.9335,-48.3512): You’re calling a legacy API, which is not enabled for your project. To get newer features and more functionality, switch to the Places API (New) or Routes API. Learn more: https://developers.google.com/maps/legacy#LegacyApiNotActivatedMapError
2026-08-10 21:35:46,768 | fase2_concorrentes | WARNING | Google Places status=REQUEST_DENIED query='agropecuária' cell=(-18.9335,-48.3512): You’re calling a legacy API, which is not enabled for your project. To get newer features and more functionality, switch to the Places API (New) or Routes API. Learn more: https://developers.google.com/maps/legacy#LegacyApiNotActivatedMapError
2026-08-10 21:35:47,215 | fase2_concorrentes | WARNING | Google Places status=REQUEST_DENIED query='casa de ração' cell=(-18.9335,-48.3512): You’re calling a legacy API, which is not enabled for your project. To get newer features and more functionality, switch to the Places API (New) or Routes API. Learn more: https://developers.google.com/maps/legacy#LegacyApiNotActivatedMapError
2026-08-10 21:35:47,957 | fase2_concorrentes | WARNING | Google Places status=REQUEST_DENIED query='clínica veterinária' cell=(-18.9335,-48.3512): You’re calling a legacy API, which is not enabled for your project. To get newer features and more functionality, switch to the Places API (New) or Routes API. Learn more: https://developers.google.com/maps/legacy#LegacyApiNotActivatedMapError
2026-08-10 21:35:48,725 | fase2_concorrentes | WARNING | Google Places status=REQUEST_DENIED query='banho e tosa' cell=(-18.9335,-48.3512): You’re calling a legacy API, which is not enabled for your project. To get newer features and more functionality, switch to the Places API (New) or Routes API. Learn more: https://developers.google.com/maps/legacy#LegacyApiNotActivatedMapError
2026-08-10 21:35:49,546 | fase2_concorrentes | WARNING | Google Places status=REQUEST_DENIED query='pet shop' cell=(-18.8929,-48.3518): You’re calling a legacy API, which is not enabled for your project. To get newer features and more functionality, switch to the Places API (New) or Routes API. Learn more: https://developers.google.com/maps/legacy#LegacyApiNotActivatedMapError
2026-08-10 21:35:50,016 | fase2_concorrentes | WARNING | Google Places status=REQUEST_DENIED query='agropecuária' cell=(-18.8929,-48.3518): You’re calling a legacy API, which is not enabled for your project. To get newer features and more functionality, switch to the Places API (New) or Routes API. Learn more: https://developers.google.com/maps/legacy#LegacyApiNotActivatedMapError
2026-08-10 21:35:50,553 | fase2_concorrentes | WARNING | Google Places status=REQUEST_DENIED query='casa de ração' cell=(-18.8929,-48.3518): You’re calling a legacy API, which is not enabled for your project. To get newer features and more functionality, switch to the Places API (New) or Routes API. Learn more: https://developers.google.com/maps/legacy#LegacyApiNotActivatedMapError
2026-08-10 21:35:51,022 | fase2_concorrentes | WARNING | Google Places status=REQUEST_DENIED query='clínica veterinária' cell=(-18.8929,-48.3518): You’re calling a legacy API, which is not enabled for your project. To get newer features and more functionality, switch to the Places API (New) or Routes API. Learn more: https://developers.google.com/maps/legacy#LegacyApiNotActivatedMapError
2026-08-10 21:35:51,593 | fase2_concorrentes | WARNING | Google Places status=REQUEST_DENIED query='banho e tosa' cell=(-18.8929,-48.3518): You’re calling a legacy API, which is not enabled for your project. To get newer features and more functionality, switch to the Places API (New) or Routes API. Learn more: https://developers.google.com/maps/legacy#LegacyApiNotActivatedMapError
2026-08-10 21:35:52,095 | fase2_concorrentes | WARNING | Google Places status=REQUEST_DENIED query='pet shop' cell=(-18.7304,-48.3543): You’re calling a legacy API, which is not enabled for your project. To get newer features and more functionality, switch to the Places API (New) or Routes API. Learn more: https://developers.google.com/maps/legacy#LegacyApiNotActivatedMapError
2026-08-10 21:35:52,924 | fase2_concorrentes | WARNING | Google Places status=REQUEST_DENIED query='agropecuária' cell=(-18.7304,-48.3543): You’re calling a legacy API, which is not enabled for your project. To get newer features and more functionality, switch to the Places API (New) or Routes API. Learn more: https://developers.google.com/maps/legacy#LegacyApiNotActivatedMapError
2026-08-10 21:35:53,404 | fase2_concorrentes | WARNING | Google Places status=REQUEST_DENIED query='casa de ração' cell=(-18.7304,-48.3543): You’re calling a legacy API, which is not enabled for your project. To get newer features and more functionality, switch to the Places API (New) or Routes API. Learn more: https://developers.google.com/maps/legacy#LegacyApiNotActivatedMapError
2026-08-10 21:35:54,153 | fase2_concorrentes | WARNING | Google Places status=REQUEST_DENIED query='clínica veterinária' cell=(-18.7304,-48.3543): You’re calling a legacy API, which is not enabled for your project. To get newer features and more functionality, switch to the Places API (New) or Routes API. Learn more: https://developers.google.com/maps/legacy#LegacyApiNotActivatedMapError
2026-08-10 21:35:54,744 | fase2_concorrentes | WARNING | Google Places status=REQUEST_DENIED query='banho e tosa' cell=(-18.7304,-48.3543): You’re calling a legacy API, which is not enabled for your project. To get newer features and more functionality, switch to the Places API (New) or Routes API. Learn more: https://developers.google.com/maps/legacy#LegacyApiNotActivatedMapError
2026-08-10 21:35:55,232 | fase2_concorrentes | WARNING | Google Places status=REQUEST_DENIED query='pet shop' cell=(-18.9735,-48.3078): You’re calling a legacy API, which is not enabled for your project. To get newer features and more functionality, switch to the Places API (New) or Routes API. Learn more: https://developers.google.com/maps/legacy#LegacyApiNotActivatedMapError
2026-08-10 21:35:55,720 | fase2_concorrentes | WARNING | Google Places status=REQUEST_DENIED query='agropecuária' cell=(-18.9735,-48.3078): You’re calling a legacy API, which is not enabled for your project. To get newer features and more functionality, switch to the Places API (New) or Routes API. Learn more: https://developers.google.com/maps/legacy#LegacyApiNotActivatedMapError
2026-08-10 21:35:56,609 | fase2_concorrentes | WARNING | Google Places status=REQUEST_DENIED query='casa de ração' cell=(-18.9735,-48.3078): You’re calling a legacy API, which is not enabled for your project. To get newer features and more functionality, switch to the Places API (New) or Routes API. Learn more: https://developers.google.com/maps/legacy#LegacyApiNotActivatedMapError
2026-08-10 21:35:57,112 | fase2_concorrentes | WARNING | Google Places status=REQUEST_DENIED query='clínica veterinária' cell=(-18.9735,-48.3078): You’re calling a legacy API, which is not enabled for your project. To get newer features and more functionality, switch to the Places API (New) or Routes API. Learn more: https://developers.google.com/maps/legacy#LegacyApiNotActivatedMapError
2026-08-10 21:35:57,660 | fase2_concorrentes | WARNING | Google Places status=REQUEST_DENIED query='banho e tosa' cell=(-18.9735,-48.3078): You’re calling a legacy API, which is not enabled for your project. To get newer features and more functionality, switch to the Places API (New) or Routes API. Learn more: https://developers.google.com/maps/legacy#LegacyApiNotActivatedMapError
2026-08-10 21:35:58,248 | fase2_concorrentes | WARNING | Google Places status=REQUEST_DENIED query='pet shop' cell=(-18.9329,-48.3085): You’re calling a legacy API, which is not enabled for your project. To get newer features and more functionality, switch to the Places API (New) or Routes API. Learn more: https://developers.google.com/maps/legacy#LegacyApiNotActivatedMapError
2026-08-10 21:35:59,052 | fase2_concorrentes | WARNING | Google Places status=REQUEST_DENIED query='agropecuária' cell=(-18.9329,-48.3085): You’re calling a legacy API, which is not enabled for your project. To get newer features and more functionality, switch to the Places API (New) or Routes API. Learn more: https://developers.google.com/maps/legacy#LegacyApiNotActivatedMapError
2026-08-10 21:35:59,606 | fase2_concorrentes | WARNING | Google Places status=REQUEST_DENIED query='casa de ração' cell=(-18.9329,-48.3085): You’re calling a legacy API, which is not enabled for your project. To get newer features and more functionality, switch to the Places API (New) or Routes API. Learn more: https://developers.google.com/maps/legacy#LegacyApiNotActivatedMapError
2026-08-10 21:36:00,224 | fase2_concorrentes | WARNING | Google Places status=REQUEST_DENIED query='clínica veterinária' cell=(-18.9329,-48.3085): You’re calling a legacy API, which is not enabled for your project. To get newer features and more functionality, switch to the Places API (New) or Routes API. Learn more: https://developers.google.com/maps/legacy#LegacyApiNotActivatedMapError
2026-08-10 21:36:00,840 | fase2_concorrentes | WARNING | Google Places status=REQUEST_DENIED query='banho e tosa' cell=(-18.9329,-48.3085): You’re calling a legacy API, which is not enabled for your project. To get newer features and more functionality, switch to the Places API (New) or Routes API. Learn more: https://developers.google.com/maps/legacy#LegacyApiNotActivatedMapError
2026-08-10 21:36:01,583 | fase2_concorrentes | WARNING | Google Places status=REQUEST_DENIED query='pet shop' cell=(-18.8923,-48.3091): You’re calling a legacy API, which is not enabled for your project. To get newer features and more functionality, switch to the Places API (New) or Routes API. Learn more: https://developers.google.com/maps/legacy#LegacyApiNotActivatedMapError
2026-08-10 21:36:02,550 | fase2_concorrentes | WARNING | Google Places status=REQUEST_DENIED query='agropecuária' cell=(-18.8923,-48.3091): You’re calling a legacy API, which is not enabled for your project. To get newer features and more functionality, switch to the Places API (New) or Routes API. Learn more: https://developers.google.com/maps/legacy#LegacyApiNotActivatedMapError
2026-08-10 21:36:03,370 | fase2_concorrentes | WARNING | Google Places status=REQUEST_DENIED query='casa de ração' cell=(-18.8923,-48.3091): You’re calling a legacy API, which is not enabled for your project. To get newer features and more functionality, switch to the Places API (New) or Routes API. Learn more: https://developers.google.com/maps/legacy#LegacyApiNotActivatedMapError
2026-08-10 21:36:03,983 | fase2_concorrentes | WARNING | Google Places status=REQUEST_DENIED query='clínica veterinária' cell=(-18.8923,-48.3091): You’re calling a legacy API, which is not enabled for your project. To get newer features and more functionality, switch to the Places API (New) or Routes API. Learn more: https://developers.google.com/maps/legacy#LegacyApiNotActivatedMapError
2026-08-10 21:36:04,463 | fase2_concorrentes | WARNING | Google Places status=REQUEST_DENIED query='banho e tosa' cell=(-18.8923,-48.3091): You’re calling a legacy API, which is not enabled for your project. To get newer features and more functionality, switch to the Places API (New) or Routes API. Learn more: https://developers.google.com/maps/legacy#LegacyApiNotActivatedMapError
2026-08-10 21:36:04,921 | fase2_concorrentes | WARNING | Google Places status=REQUEST_DENIED query='pet shop' cell=(-18.8516,-48.3098): You’re calling a legacy API, which is not enabled for your project. To get newer features and more functionality, switch to the Places API (New) or Routes API. Learn more: https://developers.google.com/maps/legacy#LegacyApiNotActivatedMapError
2026-08-10 21:36:05,519 | fase2_concorrentes | WARNING | Google Places status=REQUEST_DENIED query='agropecuária' cell=(-18.8516,-48.3098): You’re calling a legacy API, which is not enabled for your project. To get newer features and more functionality, switch to the Places API (New) or Routes API. Learn more: https://developers.google.com/maps/legacy#LegacyApiNotActivatedMapError
2026-08-10 21:36:06,132 | fase2_concorrentes | WARNING | Google Places status=REQUEST_DENIED query='casa de ração' cell=(-18.8516,-48.3098): You’re calling a legacy API, which is not enabled for your project. To get newer features and more functionality, switch to the Places API (New) or Routes API. Learn more: https://developers.google.com/maps/legacy#LegacyApiNotActivatedMapError
2026-08-10 21:36:06,747 | fase2_concorrentes | WARNING | Google Places status=REQUEST_DENIED query='clínica veterinária' cell=(-18.8516,-48.3098): You’re calling a legacy API, which is not enabled for your project. To get newer features and more functionality, switch to the Places API (New) or Routes API. Learn more: https://developers.google.com/maps/legacy#LegacyApiNotActivatedMapError
2026-08-10 21:36:07,247 | fase2_concorrentes | WARNING | Google Places status=REQUEST_DENIED query='banho e tosa' cell=(-18.8516,-48.3098): You’re calling a legacy API, which is not enabled for your project. To get newer features and more functionality, switch to the Places API (New) or Routes API. Learn more: https://developers.google.com/maps/legacy#LegacyApiNotActivatedMapError
2026-08-10 21:36:08,079 | fase2_concorrentes | WARNING | Google Places status=REQUEST_DENIED query='pet shop' cell=(-18.8110,-48.3104): You’re calling a legacy API, which is not enabled for your project. To get newer features and more functionality, switch to the Places API (New) or Routes API. Learn more: https://developers.google.com/maps/legacy#LegacyApiNotActivatedMapError
2026-08-10 21:36:08,898 | fase2_concorrentes | WARNING | Google Places status=REQUEST_DENIED query='agropecuária' cell=(-18.8110,-48.3104): You’re calling a legacy API, which is not enabled for your project. To get newer features and more functionality, switch to the Places API (New) or Routes API. Learn more: https://developers.google.com/maps/legacy#LegacyApiNotActivatedMapError
2026-08-10 21:36:09,718 | fase2_concorrentes | WARNING | Google Places status=REQUEST_DENIED query='casa de ração' cell=(-18.8110,-48.3104): You’re calling a legacy API, which is not enabled for your project. To get newer features and more functionality, switch to the Places API (New) or Routes API. Learn more: https://developers.google.com/maps/legacy#LegacyApiNotActivatedMapError
2026-08-10 21:36:10,262 | fase2_concorrentes | WARNING | Google Places status=REQUEST_DENIED query='clínica veterinária' cell=(-18.8110,-48.3104): You’re calling a legacy API, which is not enabled for your project. To get newer features and more functionality, switch to the Places API (New) or Routes API. Learn more: https://developers.google.com/maps/legacy#LegacyApiNotActivatedMapError
2026-08-10 21:36:10,844 | fase2_concorrentes | WARNING | Google Places status=REQUEST_DENIED query='banho e tosa' cell=(-18.8110,-48.3104): You’re calling a legacy API, which is not enabled for your project. To get newer features and more functionality, switch to the Places API (New) or Routes API. Learn more: https://developers.google.com/maps/legacy#LegacyApiNotActivatedMapError
2026-08-10 21:36:11,608 | fase2_concorrentes | WARNING | Google Places status=REQUEST_DENIED query='pet shop' cell=(-19.0135,-48.2644): You’re calling a legacy API, which is not enabled for your project. To get newer features and more functionality, switch to the Places API (New) or Routes API. Learn more: https://developers.google.com/maps/legacy#LegacyApiNotActivatedMapError
2026-08-10 21:36:12,158 | fase2_concorrentes | WARNING | Google Places status=REQUEST_DENIED query='agropecuária' cell=(-19.0135,-48.2644): You’re calling a legacy API, which is not enabled for your project. To get newer features and more functionality, switch to the Places API (New) or Routes API. Learn more: https://developers.google.com/maps/legacy#LegacyApiNotActivatedMapError
2026-08-10 21:36:12,995 | fase2_concorrentes | WARNING | Google Places status=REQUEST_DENIED query='casa de ração' cell=(-19.0135,-48.2644): You’re calling a legacy API, which is not enabled for your project. To get newer features and more functionality, switch to the Places API (New) or Routes API. Learn more: https://developers.google.com/maps/legacy#LegacyApiNotActivatedMapError
2026-08-10 21:36:13,494 | fase2_concorrentes | WARNING | Google Places status=REQUEST_DENIED query='clínica veterinária' cell=(-19.0135,-48.2644): You’re calling a legacy API, which is not enabled for your project. To get newer features and more functionality, switch to the Places API (New) or Routes API. Learn more: https://developers.google.com/maps/legacy#LegacyApiNotActivatedMapError
2026-08-10 21:36:14,243 | fase2_concorrentes | WARNING | Google Places status=REQUEST_DENIED query='banho e tosa' cell=(-19.0135,-48.2644): You’re calling a legacy API, which is not enabled for your project. To get newer features and more functionality, switch to the Places API (New) or Routes API. Learn more: https://developers.google.com/maps/legacy#LegacyApiNotActivatedMapError
2026-08-10 21:36:14,732 | fase2_concorrentes | WARNING | Google Places status=REQUEST_DENIED query='pet shop' cell=(-18.9729,-48.2651): You’re calling a legacy API, which is not enabled for your project. To get newer features and more functionality, switch to the Places API (New) or Routes API. Learn more: https://developers.google.com/maps/legacy#LegacyApiNotActivatedMapError
2026-08-10 21:36:15,556 | fase2_concorrentes | WARNING | Google Places status=REQUEST_DENIED query='agropecuária' cell=(-18.9729,-48.2651): You’re calling a legacy API, which is not enabled for your project. To get newer features and more functionality, switch to the Places API (New) or Routes API. Learn more: https://developers.google.com/maps/legacy#LegacyApiNotActivatedMapError
2026-08-10 21:36:16,373 | fase2_concorrentes | WARNING | Google Places status=REQUEST_DENIED query='casa de ração' cell=(-18.9729,-48.2651): You’re calling a legacy API, which is not enabled for your project. To get newer features and more functionality, switch to the Places API (New) or Routes API. Learn more: https://developers.google.com/maps/legacy#LegacyApiNotActivatedMapError
2026-08-10 21:36:16,951 | fase2_concorrentes | WARNING | Google Places status=REQUEST_DENIED query='clínica veterinária' cell=(-18.9729,-48.2651): You’re calling a legacy API, which is not enabled for your project. To get newer features and more functionality, switch to the Places API (New) or Routes API. Learn more: https://developers.google.com/maps/legacy#LegacyApiNotActivatedMapError
2026-08-10 21:36:17,437 | fase2_concorrentes | WARNING | Google Places status=REQUEST_DENIED query='banho e tosa' cell=(-18.9729,-48.2651): You’re calling a legacy API, which is not enabled for your project. To get newer features and more functionality, switch to the Places API (New) or Routes API. Learn more: https://developers.google.com/maps/legacy#LegacyApiNotActivatedMapError
2026-08-10 21:36:17,945 | fase2_concorrentes | WARNING | Google Places status=REQUEST_DENIED query='pet shop' cell=(-18.9323,-48.2658): You’re calling a legacy API, which is not enabled for your project. To get newer features and more functionality, switch to the Places API (New) or Routes API. Learn more: https://developers.google.com/maps/legacy#LegacyApiNotActivatedMapError
2026-08-10 21:36:18,728 | fase2_concorrentes | WARNING | Google Places status=REQUEST_DENIED query='agropecuária' cell=(-18.9323,-48.2658): You’re calling a legacy API, which is not enabled for your project. To get newer features and more functionality, switch to the Places API (New) or Routes API. Learn more: https://developers.google.com/maps/legacy#LegacyApiNotActivatedMapError
2026-08-10 21:36:19,653 | fase2_concorrentes | WARNING | Google Places status=REQUEST_DENIED query='casa de ração' cell=(-18.9323,-48.2658): You’re calling a legacy API, which is not enabled for your project. To get newer features and more functionality, switch to the Places API (New) or Routes API. Learn more: https://developers.google.com/maps/legacy#LegacyApiNotActivatedMapError
2026-08-10 21:36:20,471 | fase2_concorrentes | WARNING | Google Places status=REQUEST_DENIED query='clínica veterinária' cell=(-18.9323,-48.2658): You’re calling a legacy API, which is not enabled for your project. To get newer features and more functionality, switch to the Places API (New) or Routes API. Learn more: https://developers.google.com/maps/legacy#LegacyApiNotActivatedMapError
2026-08-10 21:36:20,988 | fase2_concorrentes | WARNING | Google Places status=REQUEST_DENIED query='banho e tosa' cell=(-18.9323,-48.2658): You’re calling a legacy API, which is not enabled for your project. To get newer features and more functionality, switch to the Places API (New) or Routes API. Learn more: https://developers.google.com/maps/legacy#LegacyApiNotActivatedMapError
2026-08-10 21:36:21,801 | fase2_concorrentes | WARNING | Google Places status=REQUEST_DENIED query='pet shop' cell=(-18.8916,-48.2664): You’re calling a legacy API, which is not enabled for your project. To get newer features and more functionality, switch to the Places API (New) or Routes API. Learn more: https://developers.google.com/maps/legacy#LegacyApiNotActivatedMapError
2026-08-10 21:36:22,620 | fase2_concorrentes | WARNING | Google Places status=REQUEST_DENIED query='agropecuária' cell=(-18.8916,-48.2664): You’re calling a legacy API, which is not enabled for your project. To get newer features and more functionality, switch to the Places API (New) or Routes API. Learn more: https://developers.google.com/maps/legacy#LegacyApiNotActivatedMapError
2026-08-10 21:36:23,440 | fase2_concorrentes | WARNING | Google Places status=REQUEST_DENIED query='casa de ração' cell=(-18.8916,-48.2664): You’re calling a legacy API, which is not enabled for your project. To get newer features and more functionality, switch to the Places API (New) or Routes API. Learn more: https://developers.google.com/maps/legacy#LegacyApiNotActivatedMapError
2026-08-10 21:36:24,258 | fase2_concorrentes | WARNING | Google Places status=REQUEST_DENIED query='clínica veterinária' cell=(-18.8916,-48.2664): You’re calling a legacy API, which is not enabled for your project. To get newer features and more functionality, switch to the Places API (New) or Routes API. Learn more: https://developers.google.com/maps/legacy#LegacyApiNotActivatedMapError
2026-08-10 21:36:25,012 | fase2_concorrentes | WARNING | Google Places status=REQUEST_DENIED query='banho e tosa' cell=(-18.8916,-48.2664): You’re calling a legacy API, which is not enabled for your project. To get newer features and more functionality, switch to the Places API (New) or Routes API. Learn more: https://developers.google.com/maps/legacy#LegacyApiNotActivatedMapError
2026-08-10 21:36:25,794 | fase2_concorrentes | WARNING | Google Places status=REQUEST_DENIED query='pet shop' cell=(-18.8510,-48.2671): You’re calling a legacy API, which is not enabled for your project. To get newer features and more functionality, switch to the Places API (New) or Routes API. Learn more: https://developers.google.com/maps/legacy#LegacyApiNotActivatedMapError
2026-08-10 21:36:26,283 | fase2_concorrentes | WARNING | Google Places status=REQUEST_DENIED query='agropecuária' cell=(-18.8510,-48.2671): You’re calling a legacy API, which is not enabled for your project. To get newer features and more functionality, switch to the Places API (New) or Routes API. Learn more: https://developers.google.com/maps/legacy#LegacyApiNotActivatedMapError
2026-08-10 21:36:27,131 | fase2_concorrentes | WARNING | Google Places status=REQUEST_DENIED query='casa de ração' cell=(-18.8510,-48.2671): You’re calling a legacy API, which is not enabled for your project. To get newer features and more functionality, switch to the Places API (New) or Routes API. Learn more: https://developers.google.com/maps/legacy#LegacyApiNotActivatedMapError
2026-08-10 21:36:27,741 | fase2_concorrentes | WARNING | Google Places status=REQUEST_DENIED query='clínica veterinária' cell=(-18.8510,-48.2671): You’re calling a legacy API, which is not enabled for your project. To get newer features and more functionality, switch to the Places API (New) or Routes API. Learn more: https://developers.google.com/maps/legacy#LegacyApiNotActivatedMapError
2026-08-10 21:36:28,664 | fase2_concorrentes | WARNING | Google Places status=REQUEST_DENIED query='banho e tosa' cell=(-18.8510,-48.2671): You’re calling a legacy API, which is not enabled for your project. To get newer features and more functionality, switch to the Places API (New) or Routes API. Learn more: https://developers.google.com/maps/legacy#LegacyApiNotActivatedMapError
2026-08-10 21:36:29,481 | fase2_concorrentes | WARNING | Google Places status=REQUEST_DENIED query='pet shop' cell=(-18.9722,-48.2224): You’re calling a legacy API, which is not enabled for your project. To get newer features and more functionality, switch to the Places API (New) or Routes API. Learn more: https://developers.google.com/maps/legacy#LegacyApiNotActivatedMapError
2026-08-10 21:36:29,993 | fase2_concorrentes | WARNING | Google Places status=REQUEST_DENIED query='agropecuária' cell=(-18.9722,-48.2224): You’re calling a legacy API, which is not enabled for your project. To get newer features and more functionality, switch to the Places API (New) or Routes API. Learn more: https://developers.google.com/maps/legacy#LegacyApiNotActivatedMapError
2026-08-10 21:36:30,523 | fase2_concorrentes | WARNING | Google Places status=REQUEST_DENIED query='casa de ração' cell=(-18.9722,-48.2224): You’re calling a legacy API, which is not enabled for your project. To get newer features and more functionality, switch to the Places API (New) or Routes API. Learn more: https://developers.google.com/maps/legacy#LegacyApiNotActivatedMapError
2026-08-10 21:36:31,119 | fase2_concorrentes | WARNING | Google Places status=REQUEST_DENIED query='clínica veterinária' cell=(-18.9722,-48.2224): You’re calling a legacy API, which is not enabled for your project. To get newer features and more functionality, switch to the Places API (New) or Routes API. Learn more: https://developers.google.com/maps/legacy#LegacyApiNotActivatedMapError
2026-08-10 21:36:32,042 | fase2_concorrentes | WARNING | Google Places status=REQUEST_DENIED query='banho e tosa' cell=(-18.9722,-48.2224): You’re calling a legacy API, which is not enabled for your project. To get newer features and more functionality, switch to the Places API (New) or Routes API. Learn more: https://developers.google.com/maps/legacy#LegacyApiNotActivatedMapError
2026-08-10 21:36:32,802 | fase2_concorrentes | WARNING | Google Places status=REQUEST_DENIED query='pet shop' cell=(-18.9316,-48.2231): You’re calling a legacy API, which is not enabled for your project. To get newer features and more functionality, switch to the Places API (New) or Routes API. Learn more: https://developers.google.com/maps/legacy#LegacyApiNotActivatedMapError
2026-08-10 21:36:33,264 | fase2_concorrentes | WARNING | Google Places status=REQUEST_DENIED query='agropecuária' cell=(-18.9316,-48.2231): You’re calling a legacy API, which is not enabled for your project. To get newer features and more functionality, switch to the Places API (New) or Routes API. Learn more: https://developers.google.com/maps/legacy#LegacyApiNotActivatedMapError
2026-08-10 21:36:33,737 | fase2_concorrentes | WARNING | Google Places status=REQUEST_DENIED query='casa de ração' cell=(-18.9316,-48.2231): You’re calling a legacy API, which is not enabled for your project. To get newer features and more functionality, switch to the Places API (New) or Routes API. Learn more: https://developers.google.com/maps/legacy#LegacyApiNotActivatedMapError
2026-08-10 21:36:34,499 | fase2_concorrentes | WARNING | Google Places status=REQUEST_DENIED query='clínica veterinária' cell=(-18.9316,-48.2231): You’re calling a legacy API, which is not enabled for your project. To get newer features and more functionality, switch to the Places API (New) or Routes API. Learn more: https://developers.google.com/maps/legacy#LegacyApiNotActivatedMapError
2026-08-10 21:36:34,974 | fase2_concorrentes | WARNING | Google Places status=REQUEST_DENIED query='banho e tosa' cell=(-18.9316,-48.2231): You’re calling a legacy API, which is not enabled for your project. To get newer features and more functionality, switch to the Places API (New) or Routes API. Learn more: https://developers.google.com/maps/legacy#LegacyApiNotActivatedMapError
2026-08-10 21:36:35,830 | fase2_concorrentes | WARNING | Google Places status=REQUEST_DENIED query='pet shop' cell=(-18.8910,-48.2238): You’re calling a legacy API, which is not enabled for your project. To get newer features and more functionality, switch to the Places API (New) or Routes API. Learn more: https://developers.google.com/maps/legacy#LegacyApiNotActivatedMapError
2026-08-10 21:36:36,361 | fase2_concorrentes | WARNING | Google Places status=REQUEST_DENIED query='agropecuária' cell=(-18.8910,-48.2238): You’re calling a legacy API, which is not enabled for your project. To get newer features and more functionality, switch to the Places API (New) or Routes API. Learn more: https://developers.google.com/maps/legacy#LegacyApiNotActivatedMapError
2026-08-10 21:36:37,162 | fase2_concorrentes | WARNING | Google Places status=REQUEST_DENIED query='casa de ração' cell=(-18.8910,-48.2238): You’re calling a legacy API, which is not enabled for your project. To get newer features and more functionality, switch to the Places API (New) or Routes API. Learn more: https://developers.google.com/maps/legacy#LegacyApiNotActivatedMapError
2026-08-10 21:36:37,776 | fase2_concorrentes | WARNING | Google Places status=REQUEST_DENIED query='clínica veterinária' cell=(-18.8910,-48.2238): You’re calling a legacy API, which is not enabled for your project. To get newer features and more functionality, switch to the Places API (New) or Routes API. Learn more: https://developers.google.com/maps/legacy#LegacyApiNotActivatedMapError
2026-08-10 21:36:38,240 | fase2_concorrentes | WARNING | Google Places status=REQUEST_DENIED query='banho e tosa' cell=(-18.8910,-48.2238): You’re calling a legacy API, which is not enabled for your project. To get newer features and more functionality, switch to the Places API (New) or Routes API. Learn more: https://developers.google.com/maps/legacy#LegacyApiNotActivatedMapError
2026-08-10 21:36:38,734 | fase2_concorrentes | WARNING | Google Places status=REQUEST_DENIED query='pet shop' cell=(-18.8504,-48.2244): You’re calling a legacy API, which is not enabled for your project. To get newer features and more functionality, switch to the Places API (New) or Routes API. Learn more: https://developers.google.com/maps/legacy#LegacyApiNotActivatedMapError
2026-08-10 21:36:39,234 | fase2_concorrentes | WARNING | Google Places status=REQUEST_DENIED query='agropecuária' cell=(-18.8504,-48.2244): You’re calling a legacy API, which is not enabled for your project. To get newer features and more functionality, switch to the Places API (New) or Routes API. Learn more: https://developers.google.com/maps/legacy#LegacyApiNotActivatedMapError
2026-08-10 21:36:40,001 | fase2_concorrentes | WARNING | Google Places status=REQUEST_DENIED query='casa de ração' cell=(-18.8504,-48.2244): You’re calling a legacy API, which is not enabled for your project. To get newer features and more functionality, switch to the Places API (New) or Routes API. Learn more: https://developers.google.com/maps/legacy#LegacyApiNotActivatedMapError
2026-08-10 21:36:40,574 | fase2_concorrentes | WARNING | Google Places status=REQUEST_DENIED query='clínica veterinária' cell=(-18.8504,-48.2244): You’re calling a legacy API, which is not enabled for your project. To get newer features and more functionality, switch to the Places API (New) or Routes API. Learn more: https://developers.google.com/maps/legacy#LegacyApiNotActivatedMapError
2026-08-10 21:36:41,050 | fase2_concorrentes | WARNING | Google Places status=REQUEST_DENIED query='banho e tosa' cell=(-18.8504,-48.2244): You’re calling a legacy API, which is not enabled for your project. To get newer features and more functionality, switch to the Places API (New) or Routes API. Learn more: https://developers.google.com/maps/legacy#LegacyApiNotActivatedMapError
2026-08-10 21:36:41,610 | fase2_concorrentes | WARNING | Google Places status=REQUEST_DENIED query='pet shop' cell=(-18.9310,-48.1804): You’re calling a legacy API, which is not enabled for your project. To get newer features and more functionality, switch to the Places API (New) or Routes API. Learn more: https://developers.google.com/maps/legacy#LegacyApiNotActivatedMapError
2026-08-10 21:36:42,095 | fase2_concorrentes | WARNING | Google Places status=REQUEST_DENIED query='agropecuária' cell=(-18.9310,-48.1804): You’re calling a legacy API, which is not enabled for your project. To get newer features and more functionality, switch to the Places API (New) or Routes API. Learn more: https://developers.google.com/maps/legacy#LegacyApiNotActivatedMapError
2026-08-10 21:36:42,692 | fase2_concorrentes | WARNING | Google Places status=REQUEST_DENIED query='casa de ração' cell=(-18.9310,-48.1804): You’re calling a legacy API, which is not enabled for your project. To get newer features and more functionality, switch to the Places API (New) or Routes API. Learn more: https://developers.google.com/maps/legacy#LegacyApiNotActivatedMapError
2026-08-10 21:36:43,220 | fase2_concorrentes | WARNING | Google Places status=REQUEST_DENIED query='clínica veterinária' cell=(-18.9310,-48.1804): You’re calling a legacy API, which is not enabled for your project. To get newer features and more functionality, switch to the Places API (New) or Routes API. Learn more: https://developers.google.com/maps/legacy#LegacyApiNotActivatedMapError
2026-08-10 21:36:43,678 | fase2_concorrentes | WARNING | Google Places status=REQUEST_DENIED query='banho e tosa' cell=(-18.9310,-48.1804): You’re calling a legacy API, which is not enabled for your project. To get newer features and more functionality, switch to the Places API (New) or Routes API. Learn more: https://developers.google.com/maps/legacy#LegacyApiNotActivatedMapError
2026-08-10 21:36:44,125 | fase2_concorrentes | WARNING | Google Places status=REQUEST_DENIED query='pet shop' cell=(-18.8904,-48.1811): You’re calling a legacy API, which is not enabled for your project. To get newer features and more functionality, switch to the Places API (New) or Routes API. Learn more: https://developers.google.com/maps/legacy#LegacyApiNotActivatedMapError
2026-08-10 21:36:44,608 | fase2_concorrentes | WARNING | Google Places status=REQUEST_DENIED query='agropecuária' cell=(-18.8904,-48.1811): You’re calling a legacy API, which is not enabled for your project. To get newer features and more functionality, switch to the Places API (New) or Routes API. Learn more: https://developers.google.com/maps/legacy#LegacyApiNotActivatedMapError
2026-08-10 21:36:45,357 | fase2_concorrentes | WARNING | Google Places status=REQUEST_DENIED query='casa de ração' cell=(-18.8904,-48.1811): You’re calling a legacy API, which is not enabled for your project. To get newer features and more functionality, switch to the Places API (New) or Routes API. Learn more: https://developers.google.com/maps/legacy#LegacyApiNotActivatedMapError
2026-08-10 21:36:45,836 | fase2_concorrentes | WARNING | Google Places status=REQUEST_DENIED query='clínica veterinária' cell=(-18.8904,-48.1811): You’re calling a legacy API, which is not enabled for your project. To get newer features and more functionality, switch to the Places API (New) or Routes API. Learn more: https://developers.google.com/maps/legacy#LegacyApiNotActivatedMapError
2026-08-10 21:36:46,324 | fase2_concorrentes | WARNING | Google Places status=REQUEST_DENIED query='banho e tosa' cell=(-18.8904,-48.1811): You’re calling a legacy API, which is not enabled for your project. To get newer features and more functionality, switch to the Places API (New) or Routes API. Learn more: https://developers.google.com/maps/legacy#LegacyApiNotActivatedMapError
2026-08-10 21:36:46,853 | fase2_concorrentes | WARNING | Google Places status=REQUEST_DENIED query='pet shop' cell=(-19.1300,-47.9206): You’re calling a legacy API, which is not enabled for your project. To get newer features and more functionality, switch to the Places API (New) or Routes API. Learn more: https://developers.google.com/maps/legacy#LegacyApiNotActivatedMapError
2026-08-10 21:36:47,417 | fase2_concorrentes | WARNING | Google Places status=REQUEST_DENIED query='agropecuária' cell=(-19.1300,-47.9206): You’re calling a legacy API, which is not enabled for your project. To get newer features and more functionality, switch to the Places API (New) or Routes API. Learn more: https://developers.google.com/maps/legacy#LegacyApiNotActivatedMapError
2026-08-10 21:36:48,325 | fase2_concorrentes | WARNING | Google Places status=REQUEST_DENIED query='casa de ração' cell=(-19.1300,-47.9206): You’re calling a legacy API, which is not enabled for your project. To get newer features and more functionality, switch to the Places API (New) or Routes API. Learn more: https://developers.google.com/maps/legacy#LegacyApiNotActivatedMapError
2026-08-10 21:36:48,816 | fase2_concorrentes | WARNING | Google Places status=REQUEST_DENIED query='clínica veterinária' cell=(-19.1300,-47.9206): You’re calling a legacy API, which is not enabled for your project. To get newer features and more functionality, switch to the Places API (New) or Routes API. Learn more: https://developers.google.com/maps/legacy#LegacyApiNotActivatedMapError
2026-08-10 21:36:49,282 | fase2_concorrentes | WARNING | Google Places status=REQUEST_DENIED query='banho e tosa' cell=(-19.1300,-47.9206): You’re calling a legacy API, which is not enabled for your project. To get newer features and more functionality, switch to the Places API (New) or Routes API. Learn more: https://developers.google.com/maps/legacy#LegacyApiNotActivatedMapError
2026-08-10 21:36:49,287 | fase2_concorrentes | INFO | Google Places: 125 células x termo consultadas (com cache), 0 resultados brutos
2026-08-10 21:36:49,657 | fase2_concorrentes | INFO | dedup espacial (<30m + nome similar): 36 -> 36
2026-08-10 21:36:57,850 | fase2_concorrentes | INFO | redes conhecidas geocodificadas: 3/3
2026-08-10 21:36:57,877 | fase2_concorrentes | INFO | 3 rede(s) conhecida(s) adicionada(s) como registro novo (não achou par nas fontes automáticas)
2026-08-10 21:36:57,883 | fase2_concorrentes | INFO | contagem por tipo: {'pet_shop': 15, 'veterinaria': 11, 'agropecuaria': 10, 'rede': 3}
2026-08-10 21:36:57,884 | fase2_concorrentes | INFO | ACEITE — as 3 redes conhecidas estão presentes
2026-08-10 21:36:57,978 | fase2_concorrentes | INFO | gravado: C:\projetos\novo_ponto\data\processed\concorrentes.gpkg
2026-08-10 21:36:57,978 | fase2_concorrentes | INFO | RESUMO — entrada=36 saida=39 descartados=-3 motivo='fora do polígono municipal e/ou duplicata (proximidade+nome)'
2026-08-10 21:38:34,193 | fase2_concorrentes | INFO | === Fase 2: concorrência ===
2026-08-10 21:38:34,193 | fase2_concorrentes | INFO | cache hit Overpass: C:\projetos\novo_ponto\data\raw\osm\overpass_concorrentes.json
2026-08-10 21:38:34,195 | fase2_concorrentes | INFO | OSM: 36 concorrentes brutos coletados
2026-08-10 21:38:34,451 | fase2_concorrentes | INFO | grade urbana: 25 células (espaçamento=4500m, raio=3200m)
2026-08-10 21:41:24,708 | fase2_concorrentes | WARNING | Google Places falhou por completo (429 Client Error: Too Many Requests for url: https://places.googleapis.com/v1/places:searchText) — seguindo só com OSM, conforme degradação graciosa
2026-08-10 21:41:25,480 | fase2_concorrentes | INFO | dedup espacial (<30m + nome similar): 36 -> 36
2026-08-10 21:41:25,485 | fase2_concorrentes | INFO | redes conhecidas geocodificadas: 3/3
2026-08-10 21:41:25,502 | fase2_concorrentes | INFO | 3 rede(s) conhecida(s) adicionada(s) como registro novo (não achou par nas fontes automáticas)
2026-08-10 21:41:25,508 | fase2_concorrentes | INFO | contagem por tipo: {'pet_shop': 15, 'veterinaria': 11, 'agropecuaria': 10, 'rede': 3}
2026-08-10 21:41:25,509 | fase2_concorrentes | INFO | ACEITE — as 3 redes conhecidas estão presentes
2026-08-10 21:41:25,593 | fase2_concorrentes | INFO | gravado: C:\projetos\novo_ponto\data\processed\concorrentes.gpkg
2026-08-10 21:41:25,593 | fase2_concorrentes | INFO | RESUMO — entrada=36 saida=39 descartados=-3 motivo='fora do polígono municipal e/ou duplicata (proximidade+nome)'
2026-08-10 21:42:13,708 | fase2_concorrentes | INFO | === Fase 2: concorrência ===
2026-08-10 21:42:13,708 | fase2_concorrentes | INFO | cache hit Overpass: C:\projetos\novo_ponto\data\raw\osm\overpass_concorrentes.json
2026-08-10 21:42:13,709 | fase2_concorrentes | INFO | OSM: 36 concorrentes brutos coletados
2026-08-10 21:42:13,967 | fase2_concorrentes | INFO | grade urbana: 25 células (espaçamento=4500m, raio=3200m)
2026-08-10 21:42:32,169 | fase2_concorrentes | WARNING | Google Places 429, tentativa 1/5, aguardando 1.0s (célula -18.8504,-48.2244 termo='banho e tosa')
2026-08-10 21:42:40,383 | fase2_concorrentes | WARNING | Google Places 429, tentativa 1/5, aguardando 1.0s (célula -18.9310,-48.1804 termo='clínica veterinária')
2026-08-10 21:42:43,047 | fase2_concorrentes | WARNING | Google Places 429, tentativa 2/5, aguardando 2.0s (célula -18.9310,-48.1804 termo='clínica veterinária')
2026-08-10 21:42:46,606 | fase2_concorrentes | WARNING | Google Places 429, tentativa 3/5, aguardando 4.0s (célula -18.9310,-48.1804 termo='clínica veterinária')
2026-08-10 21:42:52,162 | fase2_concorrentes | WARNING | Google Places 429, tentativa 4/5, aguardando 8.0s (célula -18.9310,-48.1804 termo='clínica veterinária')
2026-08-10 21:43:01,660 | fase2_concorrentes | WARNING | Google Places 429, tentativa 5/5, aguardando 16.0s (célula -18.9310,-48.1804 termo='clínica veterinária')
2026-08-10 21:43:17,661 | fase2_concorrentes | WARNING | célula (-18.9310,-48.1804) termo='clínica veterinária' esgotou tentativas (esgotou tentativas nesta célula/termo: HTTP 429) — pulando só esta
2026-08-10 21:43:19,511 | fase2_concorrentes | WARNING | Google Places 429, tentativa 1/5, aguardando 1.0s (célula -18.9310,-48.1804 termo='banho e tosa')
2026-08-10 21:43:22,063 | fase2_concorrentes | WARNING | Google Places 429, tentativa 2/5, aguardando 2.0s (célula -18.9310,-48.1804 termo='banho e tosa')
2026-08-10 21:43:25,647 | fase2_concorrentes | WARNING | Google Places 429, tentativa 3/5, aguardando 4.0s (célula -18.9310,-48.1804 termo='banho e tosa')
2026-08-10 21:43:30,663 | fase2_concorrentes | WARNING | Google Places 429, tentativa 4/5, aguardando 8.0s (célula -18.9310,-48.1804 termo='banho e tosa')
2026-08-10 21:43:40,255 | fase2_concorrentes | WARNING | Google Places 429, tentativa 5/5, aguardando 16.0s (célula -18.9310,-48.1804 termo='banho e tosa')
2026-08-10 21:43:56,256 | fase2_concorrentes | WARNING | célula (-18.9310,-48.1804) termo='banho e tosa' esgotou tentativas (esgotou tentativas nesta célula/termo: HTTP 429) — pulando só esta
2026-08-10 21:43:58,106 | fase2_concorrentes | WARNING | Google Places 429, tentativa 1/5, aguardando 1.0s (célula -18.8904,-48.1811 termo='pet shop')
2026-08-10 21:44:00,053 | fase2_concorrentes | WARNING | Google Places 429, tentativa 2/5, aguardando 2.0s (célula -18.8904,-48.1811 termo='pet shop')
2026-08-10 21:44:03,582 | fase2_concorrentes | WARNING | Google Places 429, tentativa 3/5, aguardando 4.0s (célula -18.8904,-48.1811 termo='pet shop')
2026-08-10 21:44:08,553 | fase2_concorrentes | WARNING | Google Places 429, tentativa 4/5, aguardando 8.0s (célula -18.8904,-48.1811 termo='pet shop')
2026-08-10 21:44:17,462 | fase2_concorrentes | WARNING | Google Places 429, tentativa 5/5, aguardando 16.0s (célula -18.8904,-48.1811 termo='pet shop')
2026-08-10 21:44:33,463 | fase2_concorrentes | WARNING | célula (-18.8904,-48.1811) termo='pet shop' esgotou tentativas (esgotou tentativas nesta célula/termo: HTTP 429) — pulando só esta
2026-08-10 21:44:36,099 | fase2_concorrentes | WARNING | Google Places 429, tentativa 1/5, aguardando 1.0s (célula -18.8904,-48.1811 termo='agropecuária')
2026-08-10 21:44:38,639 | fase2_concorrentes | WARNING | Google Places 429, tentativa 2/5, aguardando 2.0s (célula -18.8904,-48.1811 termo='agropecuária')
2026-08-10 21:44:42,243 | fase2_concorrentes | WARNING | Google Places 429, tentativa 3/5, aguardando 4.0s (célula -18.8904,-48.1811 termo='agropecuária')
2026-08-10 21:44:47,829 | fase2_concorrentes | WARNING | Google Places 429, tentativa 4/5, aguardando 8.0s (célula -18.8904,-48.1811 termo='agropecuária')
2026-08-10 21:44:56,784 | fase2_concorrentes | WARNING | Google Places 429, tentativa 5/5, aguardando 16.0s (célula -18.8904,-48.1811 termo='agropecuária')
2026-08-10 21:45:12,785 | fase2_concorrentes | WARNING | célula (-18.8904,-48.1811) termo='agropecuária' esgotou tentativas (esgotou tentativas nesta célula/termo: HTTP 429) — pulando só esta
2026-08-10 21:45:15,421 | fase2_concorrentes | WARNING | Google Places 429, tentativa 1/5, aguardando 1.0s (célula -18.8904,-48.1811 termo='casa de ração')
2026-08-10 21:45:18,086 | fase2_concorrentes | WARNING | Google Places 429, tentativa 2/5, aguardando 2.0s (célula -18.8904,-48.1811 termo='casa de ração')
2026-08-10 21:45:21,593 | fase2_concorrentes | WARNING | Google Places 429, tentativa 3/5, aguardando 4.0s (célula -18.8904,-48.1811 termo='casa de ração')
2026-08-10 21:45:26,687 | fase2_concorrentes | WARNING | Google Places 429, tentativa 4/5, aguardando 8.0s (célula -18.8904,-48.1811 termo='casa de ração')
2026-08-10 21:45:36,211 | fase2_concorrentes | WARNING | Google Places 429, tentativa 5/5, aguardando 16.0s (célula -18.8904,-48.1811 termo='casa de ração')
2026-08-10 21:45:52,213 | fase2_concorrentes | WARNING | célula (-18.8904,-48.1811) termo='casa de ração' esgotou tentativas (esgotou tentativas nesta célula/termo: HTTP 429) — pulando só esta
2026-08-10 21:45:54,744 | fase2_concorrentes | WARNING | Google Places 429, tentativa 1/5, aguardando 1.0s (célula -18.8904,-48.1811 termo='clínica veterinária')
2026-08-10 21:45:57,306 | fase2_concorrentes | WARNING | Google Places 429, tentativa 2/5, aguardando 2.0s (célula -18.8904,-48.1811 termo='clínica veterinária')
2026-08-10 21:46:00,893 | fase2_concorrentes | WARNING | Google Places 429, tentativa 3/5, aguardando 4.0s (célula -18.8904,-48.1811 termo='clínica veterinária')
2026-08-10 21:46:05,807 | fase2_concorrentes | WARNING | Google Places 429, tentativa 4/5, aguardando 8.0s (célula -18.8904,-48.1811 termo='clínica veterinária')
2026-08-10 21:46:15,431 | fase2_concorrentes | WARNING | Google Places 429, tentativa 5/5, aguardando 16.0s (célula -18.8904,-48.1811 termo='clínica veterinária')
2026-08-10 21:46:31,433 | fase2_concorrentes | WARNING | célula (-18.8904,-48.1811) termo='clínica veterinária' esgotou tentativas (esgotou tentativas nesta célula/termo: HTTP 429) — pulando só esta
2026-08-10 21:46:33,962 | fase2_concorrentes | WARNING | Google Places 429, tentativa 1/5, aguardando 1.0s (célula -18.8904,-48.1811 termo='banho e tosa')
2026-08-10 21:46:36,525 | fase2_concorrentes | WARNING | Google Places 429, tentativa 2/5, aguardando 2.0s (célula -18.8904,-48.1811 termo='banho e tosa')
2026-08-10 21:46:40,110 | fase2_concorrentes | WARNING | Google Places 429, tentativa 3/5, aguardando 4.0s (célula -18.8904,-48.1811 termo='banho e tosa')
2026-08-10 21:46:45,707 | fase2_concorrentes | WARNING | Google Places 429, tentativa 4/5, aguardando 8.0s (célula -18.8904,-48.1811 termo='banho e tosa')
2026-08-10 21:46:55,259 | fase2_concorrentes | WARNING | Google Places 429, tentativa 5/5, aguardando 16.0s (célula -18.8904,-48.1811 termo='banho e tosa')
2026-08-10 21:47:11,261 | fase2_concorrentes | WARNING | célula (-18.8904,-48.1811) termo='banho e tosa' esgotou tentativas (esgotou tentativas nesta célula/termo: HTTP 429) — pulando só esta
2026-08-10 21:47:13,899 | fase2_concorrentes | WARNING | Google Places 429, tentativa 1/5, aguardando 1.0s (célula -19.1300,-47.9206 termo='pet shop')
2026-08-10 21:47:15,754 | fase2_concorrentes | WARNING | Google Places 429, tentativa 2/5, aguardando 2.0s (célula -19.1300,-47.9206 termo='pet shop')
2026-08-10 21:47:18,715 | fase2_concorrentes | WARNING | Google Places 429, tentativa 3/5, aguardando 4.0s (célula -19.1300,-47.9206 termo='pet shop')
2026-08-10 21:47:24,348 | fase2_concorrentes | WARNING | Google Places 429, tentativa 4/5, aguardando 8.0s (célula -19.1300,-47.9206 termo='pet shop')
2026-08-10 21:47:33,864 | fase2_concorrentes | WARNING | Google Places 429, tentativa 5/5, aguardando 16.0s (célula -19.1300,-47.9206 termo='pet shop')
2026-08-10 21:47:49,866 | fase2_concorrentes | WARNING | célula (-19.1300,-47.9206) termo='pet shop' esgotou tentativas (esgotou tentativas nesta célula/termo: HTTP 429) — pulando só esta
2026-08-10 21:47:51,788 | fase2_concorrentes | WARNING | Google Places 429, tentativa 1/5, aguardando 1.0s (célula -19.1300,-47.9206 termo='agropecuária')
2026-08-10 21:47:53,736 | fase2_concorrentes | WARNING | Google Places 429, tentativa 2/5, aguardando 2.0s (célula -19.1300,-47.9206 termo='agropecuária')
2026-08-10 21:47:57,320 | fase2_concorrentes | WARNING | Google Places 429, tentativa 3/5, aguardando 4.0s (célula -19.1300,-47.9206 termo='agropecuária')
2026-08-10 21:48:02,165 | fase2_concorrentes | WARNING | Google Places 429, tentativa 4/5, aguardando 8.0s (célula -19.1300,-47.9206 termo='agropecuária')
2026-08-10 21:48:11,020 | fase2_concorrentes | WARNING | Google Places 429, tentativa 5/5, aguardando 16.0s (célula -19.1300,-47.9206 termo='agropecuária')
2026-08-10 21:48:27,021 | fase2_concorrentes | WARNING | célula (-19.1300,-47.9206) termo='agropecuária' esgotou tentativas (esgotou tentativas nesta célula/termo: HTTP 429) — pulando só esta
2026-08-10 21:48:29,587 | fase2_concorrentes | WARNING | Google Places 429, tentativa 1/5, aguardando 1.0s (célula -19.1300,-47.9206 termo='casa de ração')
2026-08-10 21:48:31,454 | fase2_concorrentes | WARNING | Google Places 429, tentativa 2/5, aguardando 2.0s (célula -19.1300,-47.9206 termo='casa de ração')
2026-08-10 21:48:34,981 | fase2_concorrentes | WARNING | Google Places 429, tentativa 3/5, aguardando 4.0s (célula -19.1300,-47.9206 termo='casa de ração')
2026-08-10 21:48:40,078 | fase2_concorrentes | WARNING | Google Places 429, tentativa 4/5, aguardando 8.0s (célula -19.1300,-47.9206 termo='casa de ração')
2026-08-10 21:48:48,930 | fase2_concorrentes | WARNING | Google Places 429, tentativa 5/5, aguardando 16.0s (célula -19.1300,-47.9206 termo='casa de ração')
2026-08-10 21:49:04,931 | fase2_concorrentes | WARNING | célula (-19.1300,-47.9206) termo='casa de ração' esgotou tentativas (esgotou tentativas nesta célula/termo: HTTP 429) — pulando só esta
2026-08-10 21:49:07,464 | fase2_concorrentes | WARNING | Google Places 429, tentativa 1/5, aguardando 1.0s (célula -19.1300,-47.9206 termo='clínica veterinária')
2026-08-10 21:49:09,974 | fase2_concorrentes | WARNING | Google Places 429, tentativa 2/5, aguardando 2.0s (célula -19.1300,-47.9206 termo='clínica veterinária')
2026-08-10 21:49:13,609 | fase2_concorrentes | WARNING | Google Places 429, tentativa 3/5, aguardando 4.0s (célula -19.1300,-47.9206 termo='clínica veterinária')
2026-08-10 21:49:18,526 | fase2_concorrentes | WARNING | Google Places 429, tentativa 4/5, aguardando 8.0s (célula -19.1300,-47.9206 termo='clínica veterinária')
2026-08-10 21:49:28,139 | fase2_concorrentes | WARNING | Google Places 429, tentativa 5/5, aguardando 16.0s (célula -19.1300,-47.9206 termo='clínica veterinária')
2026-08-10 21:49:44,140 | fase2_concorrentes | WARNING | célula (-19.1300,-47.9206) termo='clínica veterinária' esgotou tentativas (esgotou tentativas nesta célula/termo: HTTP 429) — pulando só esta
2026-08-10 21:49:46,738 | fase2_concorrentes | WARNING | Google Places 429, tentativa 1/5, aguardando 1.0s (célula -19.1300,-47.9206 termo='banho e tosa')
2026-08-10 21:49:49,348 | fase2_concorrentes | WARNING | Google Places 429, tentativa 2/5, aguardando 2.0s (célula -19.1300,-47.9206 termo='banho e tosa')
2026-08-10 21:49:52,319 | fase2_concorrentes | WARNING | Google Places 429, tentativa 3/5, aguardando 4.0s (célula -19.1300,-47.9206 termo='banho e tosa')
2026-08-10 21:49:57,950 | fase2_concorrentes | WARNING | Google Places 429, tentativa 4/5, aguardando 8.0s (célula -19.1300,-47.9206 termo='banho e tosa')
2026-08-10 21:50:07,576 | fase2_concorrentes | WARNING | Google Places 429, tentativa 5/5, aguardando 16.0s (célula -19.1300,-47.9206 termo='banho e tosa')
2026-08-10 21:50:23,577 | fase2_concorrentes | WARNING | célula (-19.1300,-47.9206) termo='banho e tosa' esgotou tentativas (esgotou tentativas nesta célula/termo: HTTP 429) — pulando só esta
2026-08-10 21:50:24,590 | fase2_concorrentes | INFO | Google Places: 113 células x termo consultadas (com cache), 12 puladas por falha persistente, 2260 resultados brutos
2026-08-10 21:50:24,618 | fase2_concorrentes | INFO | Google Places: dedup por place_id 2260 -> 274
2026-08-10 21:50:25,624 | fase2_concorrentes | INFO | dedup espacial (<30m + nome similar): 310 -> 305
2026-08-10 21:50:25,630 | fase2_concorrentes | INFO | redes conhecidas geocodificadas: 3/3
2026-08-10 21:50:25,639 | fase2_concorrentes | INFO | marcado tipo=rede por proximidade com 'Petz Center Shopping': 2 registro(s)
2026-08-10 21:50:25,654 | fase2_concorrentes | INFO | 2 rede(s) conhecida(s) adicionada(s) como registro novo (não achou par nas fontes automáticas)
2026-08-10 21:50:25,666 | fase2_concorrentes | INFO | contagem por tipo: {'pet_shop': 179, 'veterinaria': 74, 'agropecuaria': 50, 'rede': 4}
2026-08-10 21:50:25,667 | fase2_concorrentes | INFO | ACEITE — as 4 redes conhecidas estão presentes
2026-08-10 21:50:25,788 | fase2_concorrentes | INFO | gravado: C:\projetos\novo_ponto\data\processed\concorrentes.gpkg
2026-08-10 21:50:25,789 | fase2_concorrentes | INFO | RESUMO — entrada=310 saida=307 descartados=3 motivo='fora do polígono municipal e/ou duplicata (proximidade+nome)'
2026-08-10 21:52:17,188 | fase2_concorrentes | INFO | === Fase 2: concorrência ===
2026-08-10 21:52:17,189 | fase2_concorrentes | INFO | cache hit Overpass: C:\projetos\novo_ponto\data\raw\osm\overpass_concorrentes.json
2026-08-10 21:52:17,190 | fase2_concorrentes | INFO | OSM: 36 concorrentes brutos coletados
2026-08-10 21:52:17,469 | fase2_concorrentes | INFO | grade urbana: 25 células (espaçamento=4500m, raio=3200m)
2026-08-10 21:52:38,377 | fase2_concorrentes | WARNING | Google Places 429, tentativa 1/5, aguardando 1.0s (célula -18.9310,-48.1804 termo='clínica veterinária')
2026-08-10 21:52:41,080 | fase2_concorrentes | WARNING | Google Places 429, tentativa 2/5, aguardando 2.0s (célula -18.9310,-48.1804 termo='clínica veterinária')
2026-08-10 21:52:44,653 | fase2_concorrentes | WARNING | Google Places 429, tentativa 3/5, aguardando 4.0s (célula -18.9310,-48.1804 termo='clínica veterinária')
2026-08-10 21:52:50,324 | fase2_concorrentes | WARNING | Google Places 429, tentativa 4/5, aguardando 8.0s (célula -18.9310,-48.1804 termo='clínica veterinária')
2026-08-10 21:53:00,136 | fase2_concorrentes | WARNING | Google Places 429, tentativa 5/5, aguardando 16.0s (célula -18.9310,-48.1804 termo='clínica veterinária')
2026-08-10 21:53:16,137 | fase2_concorrentes | WARNING | célula (-18.9310,-48.1804) termo='clínica veterinária' esgotou tentativas (esgotou tentativas nesta célula/termo: HTTP 429) — pulando só esta
2026-08-10 21:53:18,194 | fase2_concorrentes | WARNING | Google Places 429, tentativa 1/5, aguardando 1.0s (célula -18.9310,-48.1804 termo='banho e tosa')
2026-08-10 21:53:20,906 | fase2_concorrentes | WARNING | Google Places 429, tentativa 2/5, aguardando 2.0s (célula -18.9310,-48.1804 termo='banho e tosa')
2026-08-10 21:53:24,603 | fase2_concorrentes | WARNING | Google Places 429, tentativa 3/5, aguardando 4.0s (célula -18.9310,-48.1804 termo='banho e tosa')
2026-08-10 21:53:29,622 | fase2_concorrentes | WARNING | Google Places 429, tentativa 4/5, aguardando 8.0s (célula -18.9310,-48.1804 termo='banho e tosa')
2026-08-10 21:53:39,241 | fase2_concorrentes | WARNING | Google Places 429, tentativa 5/5, aguardando 16.0s (célula -18.9310,-48.1804 termo='banho e tosa')
2026-08-10 21:53:55,242 | fase2_concorrentes | WARNING | célula (-18.9310,-48.1804) termo='banho e tosa' esgotou tentativas (esgotou tentativas nesta célula/termo: HTTP 429) — pulando só esta
2026-08-10 21:53:57,228 | fase2_concorrentes | WARNING | Google Places 429, tentativa 1/5, aguardando 1.0s (célula -18.8904,-48.1811 termo='pet shop')
2026-08-10 21:53:59,194 | fase2_concorrentes | WARNING | Google Places 429, tentativa 2/5, aguardando 2.0s (célula -18.8904,-48.1811 termo='pet shop')
2026-08-10 21:54:02,794 | fase2_concorrentes | WARNING | Google Places 429, tentativa 3/5, aguardando 4.0s (célula -18.8904,-48.1811 termo='pet shop')
2026-08-10 21:54:08,323 | fase2_concorrentes | WARNING | Google Places 429, tentativa 4/5, aguardando 8.0s (célula -18.8904,-48.1811 termo='pet shop')
2026-08-10 21:54:17,950 | fase2_concorrentes | WARNING | Google Places 429, tentativa 5/5, aguardando 16.0s (célula -18.8904,-48.1811 termo='pet shop')
2026-08-10 21:54:33,951 | fase2_concorrentes | WARNING | célula (-18.8904,-48.1811) termo='pet shop' esgotou tentativas (esgotou tentativas nesta célula/termo: HTTP 429) — pulando só esta
2026-08-10 21:54:36,559 | fase2_concorrentes | WARNING | Google Places 429, tentativa 1/5, aguardando 1.0s (célula -18.8904,-48.1811 termo='agropecuária')
2026-08-10 21:54:38,536 | fase2_concorrentes | WARNING | Google Places 429, tentativa 2/5, aguardando 2.0s (célula -18.8904,-48.1811 termo='agropecuária')
2026-08-10 21:54:41,503 | fase2_concorrentes | WARNING | Google Places 429, tentativa 3/5, aguardando 4.0s (célula -18.8904,-48.1811 termo='agropecuária')
2026-08-10 21:54:46,936 | fase2_concorrentes | WARNING | Google Places 429, tentativa 4/5, aguardando 8.0s (célula -18.8904,-48.1811 termo='agropecuária')
2026-08-10 21:54:56,494 | fase2_concorrentes | WARNING | Google Places 429, tentativa 5/5, aguardando 16.0s (célula -18.8904,-48.1811 termo='agropecuária')
2026-08-10 21:55:12,495 | fase2_concorrentes | WARNING | célula (-18.8904,-48.1811) termo='agropecuária' esgotou tentativas (esgotou tentativas nesta célula/termo: HTTP 429) — pulando só esta
2026-08-10 21:55:15,140 | fase2_concorrentes | WARNING | Google Places 429, tentativa 1/5, aguardando 1.0s (célula -18.8904,-48.1811 termo='casa de ração')
2026-08-10 21:55:17,035 | fase2_concorrentes | WARNING | Google Places 429, tentativa 2/5, aguardando 2.0s (célula -18.8904,-48.1811 termo='casa de ração')
2026-08-10 21:55:19,903 | fase2_concorrentes | WARNING | Google Places 429, tentativa 3/5, aguardando 4.0s (célula -18.8904,-48.1811 termo='casa de ração')
2026-08-10 21:55:25,439 | fase2_concorrentes | WARNING | Google Places 429, tentativa 4/5, aguardando 8.0s (célula -18.8904,-48.1811 termo='casa de ração')
2026-08-10 21:55:34,954 | fase2_concorrentes | WARNING | Google Places 429, tentativa 5/5, aguardando 16.0s (célula -18.8904,-48.1811 termo='casa de ração')
2026-08-10 21:55:50,956 | fase2_concorrentes | WARNING | célula (-18.8904,-48.1811) termo='casa de ração' esgotou tentativas (esgotou tentativas nesta célula/termo: HTTP 429) — pulando só esta
2026-08-10 21:55:52,812 | fase2_concorrentes | WARNING | Google Places 429, tentativa 1/5, aguardando 1.0s (célula -18.8904,-48.1811 termo='clínica veterinária')
2026-08-10 21:55:55,331 | fase2_concorrentes | WARNING | Google Places 429, tentativa 2/5, aguardando 2.0s (célula -18.8904,-48.1811 termo='clínica veterinária')
2026-08-10 21:55:58,201 | fase2_concorrentes | WARNING | Google Places 429, tentativa 3/5, aguardando 4.0s (célula -18.8904,-48.1811 termo='clínica veterinária')
2026-08-10 21:56:03,700 | fase2_concorrentes | WARNING | Google Places 429, tentativa 4/5, aguardando 8.0s (célula -18.8904,-48.1811 termo='clínica veterinária')
2026-08-10 21:56:13,254 | fase2_concorrentes | WARNING | Google Places 429, tentativa 5/5, aguardando 16.0s (célula -18.8904,-48.1811 termo='clínica veterinária')
2026-08-10 21:56:29,256 | fase2_concorrentes | WARNING | célula (-18.8904,-48.1811) termo='clínica veterinária' esgotou tentativas (esgotou tentativas nesta célula/termo: HTTP 429) — pulando só esta
2026-08-10 21:56:31,765 | fase2_concorrentes | WARNING | Google Places 429, tentativa 1/5, aguardando 1.0s (célula -18.8904,-48.1811 termo='banho e tosa')
2026-08-10 21:56:34,349 | fase2_concorrentes | WARNING | Google Places 429, tentativa 2/5, aguardando 2.0s (célula -18.8904,-48.1811 termo='banho e tosa')
2026-08-10 21:56:37,319 | fase2_concorrentes | WARNING | Google Places 429, tentativa 3/5, aguardando 4.0s (célula -18.8904,-48.1811 termo='banho e tosa')
2026-08-10 21:56:42,913 | fase2_concorrentes | WARNING | Google Places 429, tentativa 4/5, aguardando 8.0s (célula -18.8904,-48.1811 termo='banho e tosa')
2026-08-10 21:56:51,794 | fase2_concorrentes | WARNING | Google Places 429, tentativa 5/5, aguardando 16.0s (célula -18.8904,-48.1811 termo='banho e tosa')
2026-08-10 21:57:07,795 | fase2_concorrentes | WARNING | célula (-18.8904,-48.1811) termo='banho e tosa' esgotou tentativas (esgotou tentativas nesta célula/termo: HTTP 429) — pulando só esta
2026-08-10 21:57:10,264 | fase2_concorrentes | WARNING | Google Places 429, tentativa 1/5, aguardando 1.0s (célula -19.1300,-47.9206 termo='pet shop')
2026-08-10 21:57:12,785 | fase2_concorrentes | WARNING | Google Places 429, tentativa 2/5, aguardando 2.0s (célula -19.1300,-47.9206 termo='pet shop')
2026-08-10 21:57:15,720 | fase2_concorrentes | WARNING | Google Places 429, tentativa 3/5, aguardando 4.0s (célula -19.1300,-47.9206 termo='pet shop')
2026-08-10 21:57:21,199 | fase2_concorrentes | WARNING | Google Places 429, tentativa 4/5, aguardando 8.0s (célula -19.1300,-47.9206 termo='pet shop')
2026-08-10 21:57:30,714 | fase2_concorrentes | WARNING | Google Places 429, tentativa 5/5, aguardando 16.0s (célula -19.1300,-47.9206 termo='pet shop')
2026-08-10 21:57:46,715 | fase2_concorrentes | WARNING | célula (-19.1300,-47.9206) termo='pet shop' esgotou tentativas (esgotou tentativas nesta célula/termo: HTTP 429) — pulando só esta
2026-08-10 21:57:49,251 | fase2_concorrentes | WARNING | Google Places 429, tentativa 1/5, aguardando 1.0s (célula -19.1300,-47.9206 termo='agropecuária')
2026-08-10 21:57:51,966 | fase2_concorrentes | WARNING | Google Places 429, tentativa 2/5, aguardando 2.0s (célula -19.1300,-47.9206 termo='agropecuária')
2026-08-10 21:57:54,838 | fase2_concorrentes | WARNING | Google Places 429, tentativa 3/5, aguardando 4.0s (célula -19.1300,-47.9206 termo='agropecuária')
2026-08-10 21:58:00,419 | fase2_concorrentes | WARNING | Google Places 429, tentativa 4/5, aguardando 8.0s (célula -19.1300,-47.9206 termo='agropecuária')
2026-08-10 21:58:02,414 | fase3_vias_zoneamento | INFO | === Fase 3: vias e zoneamento ===
2026-08-10 21:58:02,414 | fase3_vias_zoneamento | INFO | Overpass (vias): tentando https://overpass-api.de/api/interpreter (tentativa 1)
2026-08-10 21:58:03,437 | fase3_vias_zoneamento | WARNING | Overpass (vias) https://overpass-api.de/api/interpreter falhou (406 Client Error: Not Acceptable for url: https://overpass-api.de/api/interpreter), aguardando 1.0s
2026-08-10 21:58:04,439 | fase3_vias_zoneamento | INFO | Overpass (vias): tentando https://overpass-api.de/api/interpreter (tentativa 2)
2026-08-10 21:58:05,588 | fase3_vias_zoneamento | WARNING | Overpass (vias) https://overpass-api.de/api/interpreter falhou (406 Client Error: Not Acceptable for url: https://overpass-api.de/api/interpreter), aguardando 2.0s
2026-08-10 21:58:07,611 | fase3_vias_zoneamento | INFO | Overpass (vias): tentando https://overpass-api.de/api/interpreter (tentativa 3)
2026-08-10 21:58:08,733 | fase3_vias_zoneamento | WARNING | Overpass (vias) https://overpass-api.de/api/interpreter falhou (406 Client Error: Not Acceptable for url: https://overpass-api.de/api/interpreter), aguardando 4.0s
2026-08-10 21:58:09,941 | fase2_concorrentes | WARNING | Google Places 429, tentativa 5/5, aguardando 16.0s (célula -19.1300,-47.9206 termo='agropecuária')
2026-08-10 21:58:12,734 | fase3_vias_zoneamento | INFO | Overpass (vias): tentando https://overpass-api.de/api/interpreter (tentativa 4)
2026-08-10 21:58:13,884 | fase3_vias_zoneamento | WARNING | Overpass (vias) https://overpass-api.de/api/interpreter falhou (406 Client Error: Not Acceptable for url: https://overpass-api.de/api/interpreter), aguardando 8.0s
2026-08-10 21:58:21,885 | fase3_vias_zoneamento | INFO | Overpass (vias): tentando https://overpass.private.coffee/api/interpreter (tentativa 1)
2026-08-10 21:58:23,303 | fase3_vias_zoneamento | WARNING | Overpass https://overpass.private.coffee/api/interpreter respondeu 429, aguardando 1.0s
2026-08-10 21:58:24,304 | fase3_vias_zoneamento | INFO | Overpass (vias): tentando https://overpass.private.coffee/api/interpreter (tentativa 2)
2026-08-10 21:58:25,763 | fase3_vias_zoneamento | WARNING | Overpass https://overpass.private.coffee/api/interpreter respondeu 429, aguardando 2.0s
2026-08-10 21:58:25,942 | fase2_concorrentes | WARNING | célula (-19.1300,-47.9206) termo='agropecuária' esgotou tentativas (esgotou tentativas nesta célula/termo: HTTP 429) — pulando só esta
2026-08-10 21:58:27,763 | fase3_vias_zoneamento | INFO | Overpass (vias): tentando https://overpass.private.coffee/api/interpreter (tentativa 3)
2026-08-10 21:58:28,526 | fase2_concorrentes | WARNING | Google Places 429, tentativa 1/5, aguardando 1.0s (célula -19.1300,-47.9206 termo='casa de ração')
2026-08-10 21:58:29,090 | fase3_vias_zoneamento | WARNING | Overpass https://overpass.private.coffee/api/interpreter respondeu 429, aguardando 4.0s
2026-08-10 21:58:31,051 | fase2_concorrentes | WARNING | Google Places 429, tentativa 2/5, aguardando 2.0s (célula -19.1300,-47.9206 termo='casa de ração')
2026-08-10 21:58:33,092 | fase3_vias_zoneamento | INFO | Overpass (vias): tentando https://overpass.private.coffee/api/interpreter (tentativa 4)
2026-08-10 21:58:34,160 | fase2_concorrentes | WARNING | Google Places 429, tentativa 3/5, aguardando 4.0s (célula -19.1300,-47.9206 termo='casa de ração')
2026-08-10 21:58:39,794 | fase2_concorrentes | WARNING | Google Places 429, tentativa 4/5, aguardando 8.0s (célula -19.1300,-47.9206 termo='casa de ração')
2026-08-10 21:58:49,314 | fase2_concorrentes | WARNING | Google Places 429, tentativa 5/5, aguardando 16.0s (célula -19.1300,-47.9206 termo='casa de ração')
2026-08-10 21:59:05,315 | fase2_concorrentes | WARNING | célula (-19.1300,-47.9206) termo='casa de ração' esgotou tentativas (esgotou tentativas nesta célula/termo: HTTP 429) — pulando só esta
2026-08-10 21:59:05,597 | fase3_vias_zoneamento | WARNING | Overpass https://overpass.private.coffee/api/interpreter respondeu 504, aguardando 8.0s
2026-08-10 21:59:07,848 | fase2_concorrentes | WARNING | Google Places 429, tentativa 1/5, aguardando 1.0s (célula -19.1300,-47.9206 termo='clínica veterinária')
2026-08-10 21:59:09,693 | fase2_concorrentes | WARNING | Google Places 429, tentativa 2/5, aguardando 2.0s (célula -19.1300,-47.9206 termo='clínica veterinária')
2026-08-10 21:59:13,279 | fase2_concorrentes | WARNING | Google Places 429, tentativa 3/5, aguardando 4.0s (célula -19.1300,-47.9206 termo='clínica veterinária')
2026-08-10 21:59:13,599 | fase3_vias_zoneamento | INFO | Overpass (vias): tentando https://overpass.kumi.systems/api/interpreter (tentativa 1)
2026-08-10 21:59:14,890 | fase3_vias_zoneamento | WARNING | Overpass https://overpass.kumi.systems/api/interpreter respondeu 429, aguardando 1.0s
2026-08-10 21:59:15,890 | fase3_vias_zoneamento | INFO | Overpass (vias): tentando https://overpass.kumi.systems/api/interpreter (tentativa 2)
2026-08-10 21:59:17,313 | fase3_vias_zoneamento | WARNING | Overpass https://overpass.kumi.systems/api/interpreter respondeu 429, aguardando 2.0s
2026-08-10 21:59:18,790 | fase2_concorrentes | WARNING | Google Places 429, tentativa 4/5, aguardando 8.0s (célula -19.1300,-47.9206 termo='clínica veterinária')
2026-08-10 21:59:19,315 | fase3_vias_zoneamento | INFO | Overpass (vias): tentando https://overpass.kumi.systems/api/interpreter (tentativa 3)
2026-08-10 21:59:20,755 | fase3_vias_zoneamento | WARNING | Overpass https://overpass.kumi.systems/api/interpreter respondeu 429, aguardando 4.0s
2026-08-10 21:59:24,755 | fase3_vias_zoneamento | INFO | Overpass (vias): tentando https://overpass.kumi.systems/api/interpreter (tentativa 4)
2026-08-10 21:59:26,143 | fase3_vias_zoneamento | WARNING | Overpass https://overpass.kumi.systems/api/interpreter respondeu 429, aguardando 8.0s
2026-08-10 21:59:27,720 | fase2_concorrentes | WARNING | Google Places 429, tentativa 5/5, aguardando 16.0s (célula -19.1300,-47.9206 termo='clínica veterinária')
2026-08-10 21:59:43,722 | fase2_concorrentes | WARNING | célula (-19.1300,-47.9206) termo='clínica veterinária' esgotou tentativas (esgotou tentativas nesta célula/termo: HTTP 429) — pulando só esta
2026-08-10 21:59:46,340 | fase2_concorrentes | WARNING | Google Places 429, tentativa 1/5, aguardando 1.0s (célula -19.1300,-47.9206 termo='banho e tosa')
2026-08-10 21:59:48,299 | fase2_concorrentes | WARNING | Google Places 429, tentativa 2/5, aguardando 2.0s (célula -19.1300,-47.9206 termo='banho e tosa')
2026-08-10 21:59:51,163 | fase2_concorrentes | WARNING | Google Places 429, tentativa 3/5, aguardando 4.0s (célula -19.1300,-47.9206 termo='banho e tosa')
2026-08-10 21:59:56,750 | fase2_concorrentes | WARNING | Google Places 429, tentativa 4/5, aguardando 8.0s (célula -19.1300,-47.9206 termo='banho e tosa')
2026-08-10 22:00:06,426 | fase2_concorrentes | WARNING | Google Places 429, tentativa 5/5, aguardando 16.0s (célula -19.1300,-47.9206 termo='banho e tosa')
2026-08-10 22:00:22,427 | fase2_concorrentes | WARNING | célula (-19.1300,-47.9206) termo='banho e tosa' esgotou tentativas (esgotou tentativas nesta célula/termo: HTTP 429) — pulando só esta
2026-08-10 22:00:23,439 | fase2_concorrentes | INFO | Google Places: 113 células x termo consultadas (com cache), 12 puladas por falha persistente, 2260 resultados brutos
2026-08-10 22:00:23,471 | fase2_concorrentes | INFO | Google Places: dedup por place_id 2260 -> 274
2026-08-10 22:00:24,363 | fase2_concorrentes | INFO | dedup espacial (<30m + nome similar): 310 -> 305
2026-08-10 22:00:24,367 | fase2_concorrentes | INFO | redes conhecidas geocodificadas: 3/3
2026-08-10 22:00:24,376 | fase2_concorrentes | INFO | marcado tipo=rede por nome (petz/cobasi): 6 registro(s)
2026-08-10 22:00:24,393 | fase2_concorrentes | INFO | 2 rede(s) conhecida(s) adicionada(s) como registro novo (não achou par nas fontes automáticas): ['Petz Rondon Pacheco', 'Cobasi Rondon Pacheco']
2026-08-10 22:00:24,406 | fase2_concorrentes | INFO | contagem por tipo: {'pet_shop': 175, 'veterinaria': 74, 'agropecuaria': 50, 'rede': 8}
2026-08-10 22:00:24,407 | fase2_concorrentes | INFO | ACEITE — as 8 redes conhecidas estão presentes
2026-08-10 22:00:24,505 | fase2_concorrentes | INFO | gravado: C:\projetos\novo_ponto\data\processed\concorrentes.gpkg
2026-08-10 22:00:24,505 | fase2_concorrentes | INFO | RESUMO — entrada=310 saida=307 descartados=3 motivo='fora do polígono municipal e/ou duplicata (proximidade+nome)'
2026-08-10 22:02:52,921 | fase2_concorrentes | INFO | === Fase 2: concorrência ===
2026-08-10 22:02:52,922 | fase2_concorrentes | INFO | cache hit Overpass: C:\projetos\novo_ponto\data\raw\osm\overpass_concorrentes.json
2026-08-10 22:02:52,924 | fase2_concorrentes | INFO | OSM: 36 concorrentes brutos coletados
2026-08-10 22:02:53,194 | fase2_concorrentes | INFO | grade urbana: 25 células (espaçamento=4500m, raio=3200m)
2026-08-10 22:03:13,240 | fase2_concorrentes | WARNING | Google Places 429, tentativa 1/5, aguardando 1.0s (célula -18.9310,-48.1804 termo='clínica veterinária')
2026-08-10 22:03:15,869 | fase2_concorrentes | WARNING | Google Places 429, tentativa 2/5, aguardando 2.0s (célula -18.9310,-48.1804 termo='clínica veterinária')
2026-08-10 22:03:19,455 | fase2_concorrentes | WARNING | Google Places 429, tentativa 3/5, aguardando 4.0s (célula -18.9310,-48.1804 termo='clínica veterinária')
2026-08-10 22:03:25,087 | fase2_concorrentes | WARNING | Google Places 429, tentativa 4/5, aguardando 8.0s (célula -18.9310,-48.1804 termo='clínica veterinária')
2026-08-10 22:03:34,608 | fase2_concorrentes | WARNING | Google Places 429, tentativa 5/5, aguardando 16.0s (célula -18.9310,-48.1804 termo='clínica veterinária')
2026-08-10 22:03:50,609 | fase2_concorrentes | WARNING | célula (-18.9310,-48.1804) termo='clínica veterinária' esgotou tentativas (esgotou tentativas nesta célula/termo: HTTP 429) — pulando só esta
2026-08-10 22:03:53,155 | fase2_concorrentes | WARNING | Google Places 429, tentativa 1/5, aguardando 1.0s (célula -18.9310,-48.1804 termo='banho e tosa')
2026-08-10 22:03:55,703 | fase2_concorrentes | WARNING | Google Places 429, tentativa 2/5, aguardando 2.0s (célula -18.9310,-48.1804 termo='banho e tosa')
2026-08-10 22:03:59,289 | fase2_concorrentes | WARNING | Google Places 429, tentativa 3/5, aguardando 4.0s (célula -18.9310,-48.1804 termo='banho e tosa')
2026-08-10 22:04:04,810 | fase2_concorrentes | WARNING | Google Places 429, tentativa 4/5, aguardando 8.0s (célula -18.9310,-48.1804 termo='banho e tosa')
2026-08-10 22:04:14,443 | fase2_concorrentes | WARNING | Google Places 429, tentativa 5/5, aguardando 16.0s (célula -18.9310,-48.1804 termo='banho e tosa')
2026-08-10 22:04:30,445 | fase2_concorrentes | WARNING | célula (-18.9310,-48.1804) termo='banho e tosa' esgotou tentativas (esgotou tentativas nesta célula/termo: HTTP 429) — pulando só esta
2026-08-10 22:04:32,980 | fase2_concorrentes | WARNING | Google Places 429, tentativa 1/5, aguardando 1.0s (célula -18.8904,-48.1811 termo='pet shop')
2026-08-10 22:04:35,539 | fase2_concorrentes | WARNING | Google Places 429, tentativa 2/5, aguardando 2.0s (célula -18.8904,-48.1811 termo='pet shop')
2026-08-10 22:04:38,508 | fase2_concorrentes | WARNING | Google Places 429, tentativa 3/5, aguardando 4.0s (célula -18.8904,-48.1811 termo='pet shop')
2026-08-10 22:04:43,424 | fase2_concorrentes | WARNING | Google Places 429, tentativa 4/5, aguardando 8.0s (célula -18.8904,-48.1811 termo='pet shop')
2026-08-10 22:04:53,025 | fase2_concorrentes | WARNING | Google Places 429, tentativa 5/5, aguardando 16.0s (célula -18.8904,-48.1811 termo='pet shop')
2026-08-10 22:05:09,027 | fase2_concorrentes | WARNING | célula (-18.8904,-48.1811) termo='pet shop' esgotou tentativas (esgotou tentativas nesta célula/termo: HTTP 429) — pulando só esta
2026-08-10 22:05:11,583 | fase2_concorrentes | WARNING | Google Places 429, tentativa 1/5, aguardando 1.0s (célula -18.8904,-48.1811 termo='agropecuária')
2026-08-10 22:05:14,144 | fase2_concorrentes | WARNING | Google Places 429, tentativa 2/5, aguardando 2.0s (célula -18.8904,-48.1811 termo='agropecuária')
2026-08-10 22:05:17,670 | fase2_concorrentes | WARNING | Google Places 429, tentativa 3/5, aguardando 4.0s (célula -18.8904,-48.1811 termo='agropecuária')
2026-08-10 22:05:23,257 | fase2_concorrentes | WARNING | Google Places 429, tentativa 4/5, aguardando 8.0s (célula -18.8904,-48.1811 termo='agropecuária')
2026-08-10 22:05:32,885 | fase2_concorrentes | WARNING | Google Places 429, tentativa 5/5, aguardando 16.0s (célula -18.8904,-48.1811 termo='agropecuária')
2026-08-10 22:05:48,887 | fase2_concorrentes | WARNING | célula (-18.8904,-48.1811) termo='agropecuária' esgotou tentativas (esgotou tentativas nesta célula/termo: HTTP 429) — pulando só esta
2026-08-10 22:05:51,364 | fase2_concorrentes | WARNING | Google Places 429, tentativa 1/5, aguardando 1.0s (célula -18.8904,-48.1811 termo='casa de ração')
2026-08-10 22:05:53,209 | fase2_concorrentes | WARNING | Google Places 429, tentativa 2/5, aguardando 2.0s (célula -18.8904,-48.1811 termo='casa de ração')
2026-08-10 22:05:56,697 | fase2_concorrentes | WARNING | Google Places 429, tentativa 3/5, aguardando 4.0s (célula -18.8904,-48.1811 termo='casa de ração')
2026-08-10 22:06:01,528 | fase3_vias_zoneamento | INFO | === Fase 3: vias e zoneamento ===
2026-08-10 22:06:01,530 | fase3_vias_zoneamento | INFO | Overpass (vias): tentando https://overpass-api.de/api/interpreter (volta 1, tentativa 1)
2026-08-10 22:06:02,172 | fase2_concorrentes | WARNING | Google Places 429, tentativa 4/5, aguardando 8.0s (célula -18.8904,-48.1811 termo='casa de ração')
2026-08-10 22:06:02,367 | fase3_vias_zoneamento | WARNING | Overpass https://overpass-api.de/api/interpreter respondeu 406, aguardando 1.0s
2026-08-10 22:06:03,368 | fase3_vias_zoneamento | INFO | Overpass (vias): tentando https://overpass-api.de/api/interpreter (volta 1, tentativa 2)
2026-08-10 22:06:04,526 | fase3_vias_zoneamento | WARNING | Overpass https://overpass-api.de/api/interpreter respondeu 406, aguardando 2.0s
2026-08-10 22:06:06,529 | fase3_vias_zoneamento | INFO | Overpass (vias): tentando https://overpass-api.de/api/interpreter (volta 1, tentativa 3)
2026-08-10 22:06:07,801 | fase3_vias_zoneamento | WARNING | Overpass https://overpass-api.de/api/interpreter respondeu 406, aguardando 4.0s
2026-08-10 22:06:11,789 | fase2_concorrentes | WARNING | Google Places 429, tentativa 5/5, aguardando 16.0s (célula -18.8904,-48.1811 termo='casa de ração')
2026-08-10 22:06:11,803 | fase3_vias_zoneamento | INFO | Overpass (vias): tentando https://overpass-api.de/api/interpreter (volta 1, tentativa 4)
2026-08-10 22:06:13,127 | fase3_vias_zoneamento | WARNING | Overpass https://overpass-api.de/api/interpreter respondeu 406, aguardando 8.0s
2026-08-10 22:06:21,129 | fase3_vias_zoneamento | INFO | Overpass (vias): tentando https://overpass.private.coffee/api/interpreter (volta 1, tentativa 1)
2026-08-10 22:06:22,548 | fase3_vias_zoneamento | WARNING | Overpass https://overpass.private.coffee/api/interpreter respondeu 429, aguardando 1.0s
2026-08-10 22:06:23,549 | fase3_vias_zoneamento | INFO | Overpass (vias): tentando https://overpass.private.coffee/api/interpreter (volta 1, tentativa 2)
2026-08-10 22:06:25,008 | fase3_vias_zoneamento | WARNING | Overpass https://overpass.private.coffee/api/interpreter respondeu 429, aguardando 2.0s
2026-08-10 22:06:27,009 | fase3_vias_zoneamento | INFO | Overpass (vias): tentando https://overpass.private.coffee/api/interpreter (volta 1, tentativa 3)
2026-08-10 22:06:27,790 | fase2_concorrentes | WARNING | célula (-18.8904,-48.1811) termo='casa de ração' esgotou tentativas (esgotou tentativas nesta célula/termo: HTTP 429) — pulando só esta
2026-08-10 22:06:28,591 | fase3_vias_zoneamento | WARNING | Overpass https://overpass.private.coffee/api/interpreter respondeu 429, aguardando 4.0s
2026-08-10 22:06:29,745 | fase2_concorrentes | WARNING | Google Places 429, tentativa 1/5, aguardando 1.0s (célula -18.8904,-48.1811 termo='clínica veterinária')
2026-08-10 22:06:32,248 | fase2_concorrentes | WARNING | Google Places 429, tentativa 2/5, aguardando 2.0s (célula -18.8904,-48.1811 termo='clínica veterinária')
2026-08-10 22:06:32,592 | fase3_vias_zoneamento | INFO | Overpass (vias): tentando https://overpass.private.coffee/api/interpreter (volta 1, tentativa 4)
2026-08-10 22:06:34,018 | fase3_vias_zoneamento | WARNING | Overpass https://overpass.private.coffee/api/interpreter respondeu 429, aguardando 8.0s
2026-08-10 22:06:35,758 | fase2_concorrentes | WARNING | Google Places 429, tentativa 3/5, aguardando 4.0s (célula -18.8904,-48.1811 termo='clínica veterinária')
2026-08-10 22:06:41,287 | fase2_concorrentes | WARNING | Google Places 429, tentativa 4/5, aguardando 8.0s (célula -18.8904,-48.1811 termo='clínica veterinária')
2026-08-10 22:06:42,019 | fase3_vias_zoneamento | INFO | Overpass (vias): tentando https://overpass.kumi.systems/api/interpreter (volta 1, tentativa 1)
2026-08-10 22:06:43,438 | fase3_vias_zoneamento | WARNING | Overpass https://overpass.kumi.systems/api/interpreter respondeu 429, aguardando 1.0s
2026-08-10 22:06:44,440 | fase3_vias_zoneamento | INFO | Overpass (vias): tentando https://overpass.kumi.systems/api/interpreter (volta 1, tentativa 2)
2026-08-10 22:06:45,846 | fase3_vias_zoneamento | WARNING | Overpass https://overpass.kumi.systems/api/interpreter respondeu 429, aguardando 2.0s
2026-08-10 22:06:47,847 | fase3_vias_zoneamento | INFO | Overpass (vias): tentando https://overpass.kumi.systems/api/interpreter (volta 1, tentativa 3)
2026-08-10 22:06:49,194 | fase3_vias_zoneamento | WARNING | Overpass https://overpass.kumi.systems/api/interpreter respondeu 429, aguardando 4.0s
2026-08-10 22:06:50,813 | fase2_concorrentes | WARNING | Google Places 429, tentativa 5/5, aguardando 16.0s (célula -18.8904,-48.1811 termo='clínica veterinária')
2026-08-10 22:06:53,195 | fase3_vias_zoneamento | INFO | Overpass (vias): tentando https://overpass.kumi.systems/api/interpreter (volta 1, tentativa 4)
2026-08-10 22:06:54,600 | fase3_vias_zoneamento | WARNING | Overpass https://overpass.kumi.systems/api/interpreter respondeu 429, aguardando 8.0s
2026-08-10 22:07:02,601 | fase3_vias_zoneamento | INFO | Overpass (vias): tentando https://overpass-api.de/api/interpreter (volta 2, tentativa 1)
2026-08-10 22:07:03,705 | fase3_vias_zoneamento | WARNING | Overpass https://overpass-api.de/api/interpreter respondeu 406, aguardando 1.0s
2026-08-10 22:07:04,705 | fase3_vias_zoneamento | INFO | Overpass (vias): tentando https://overpass-api.de/api/interpreter (volta 2, tentativa 2)
2026-08-10 22:07:05,872 | fase3_vias_zoneamento | WARNING | Overpass https://overpass-api.de/api/interpreter respondeu 406, aguardando 2.0s
2026-08-10 22:07:06,830 | fase2_concorrentes | WARNING | célula (-18.8904,-48.1811) termo='clínica veterinária' esgotou tentativas (esgotou tentativas nesta célula/termo: HTTP 429) — pulando só esta
2026-08-10 22:07:07,874 | fase3_vias_zoneamento | INFO | Overpass (vias): tentando https://overpass-api.de/api/interpreter (volta 2, tentativa 3)
2026-08-10 22:07:09,141 | fase3_vias_zoneamento | WARNING | Overpass https://overpass-api.de/api/interpreter respondeu 406, aguardando 4.0s
2026-08-10 22:07:09,446 | fase2_concorrentes | WARNING | Google Places 429, tentativa 1/5, aguardando 1.0s (célula -18.8904,-48.1811 termo='banho e tosa')
2026-08-10 22:07:12,010 | fase2_concorrentes | WARNING | Google Places 429, tentativa 2/5, aguardando 2.0s (célula -18.8904,-48.1811 termo='banho e tosa')
2026-08-10 22:07:13,143 | fase3_vias_zoneamento | INFO | Overpass (vias): tentando https://overpass-api.de/api/interpreter (volta 2, tentativa 4)
2026-08-10 22:07:14,323 | fase3_vias_zoneamento | WARNING | Overpass https://overpass-api.de/api/interpreter respondeu 406, aguardando 8.0s
2026-08-10 22:07:15,522 | fase2_concorrentes | WARNING | Google Places 429, tentativa 3/5, aguardando 4.0s (célula -18.8904,-48.1811 termo='banho e tosa')
2026-08-10 22:07:21,123 | fase2_concorrentes | WARNING | Google Places 429, tentativa 4/5, aguardando 8.0s (célula -18.8904,-48.1811 termo='banho e tosa')
2026-08-10 22:07:22,325 | fase3_vias_zoneamento | INFO | Overpass (vias): tentando https://overpass.private.coffee/api/interpreter (volta 2, tentativa 1)
2026-08-10 22:07:23,616 | fase3_vias_zoneamento | WARNING | Overpass https://overpass.private.coffee/api/interpreter respondeu 429, aguardando 1.0s
2026-08-10 22:07:24,617 | fase3_vias_zoneamento | INFO | Overpass (vias): tentando https://overpass.private.coffee/api/interpreter (volta 2, tentativa 2)
2026-08-10 22:07:25,936 | fase3_vias_zoneamento | WARNING | Overpass https://overpass.private.coffee/api/interpreter respondeu 429, aguardando 2.0s
2026-08-10 22:07:27,937 | fase3_vias_zoneamento | INFO | Overpass (vias): tentando https://overpass.private.coffee/api/interpreter (volta 2, tentativa 3)
2026-08-10 22:07:29,419 | fase3_vias_zoneamento | WARNING | Overpass https://overpass.private.coffee/api/interpreter respondeu 429, aguardando 4.0s
2026-08-10 22:07:30,647 | fase2_concorrentes | WARNING | Google Places 429, tentativa 5/5, aguardando 16.0s (célula -18.8904,-48.1811 termo='banho e tosa')
2026-08-10 22:07:33,419 | fase3_vias_zoneamento | INFO | Overpass (vias): tentando https://overpass.private.coffee/api/interpreter (volta 2, tentativa 4)
2026-08-10 22:07:34,845 | fase3_vias_zoneamento | WARNING | Overpass https://overpass.private.coffee/api/interpreter respondeu 429, aguardando 8.0s
2026-08-10 22:07:42,845 | fase3_vias_zoneamento | INFO | Overpass (vias): tentando https://overpass.kumi.systems/api/interpreter (volta 2, tentativa 1)
2026-08-10 22:07:44,176 | fase3_vias_zoneamento | WARNING | Overpass https://overpass.kumi.systems/api/interpreter respondeu 429, aguardando 1.0s
2026-08-10 22:07:45,177 | fase3_vias_zoneamento | INFO | Overpass (vias): tentando https://overpass.kumi.systems/api/interpreter (volta 2, tentativa 2)
2026-08-10 22:07:46,620 | fase3_vias_zoneamento | WARNING | Overpass https://overpass.kumi.systems/api/interpreter respondeu 429, aguardando 2.0s
2026-08-10 22:07:46,648 | fase2_concorrentes | WARNING | célula (-18.8904,-48.1811) termo='banho e tosa' esgotou tentativas (esgotou tentativas nesta célula/termo: HTTP 429) — pulando só esta
2026-08-10 22:07:48,621 | fase3_vias_zoneamento | INFO | Overpass (vias): tentando https://overpass.kumi.systems/api/interpreter (volta 2, tentativa 3)
2026-08-10 22:07:49,179 | fase2_concorrentes | WARNING | Google Places 429, tentativa 1/5, aguardando 1.0s (célula -19.1300,-47.9206 termo='pet shop')
2026-08-10 22:07:50,101 | fase3_vias_zoneamento | WARNING | Overpass https://overpass.kumi.systems/api/interpreter respondeu 429, aguardando 4.0s
2026-08-10 22:07:51,024 | fase2_concorrentes | WARNING | Google Places 429, tentativa 2/5, aguardando 2.0s (célula -19.1300,-47.9206 termo='pet shop')
2026-08-10 22:07:54,102 | fase3_vias_zoneamento | INFO | Overpass (vias): tentando https://overpass.kumi.systems/api/interpreter (volta 2, tentativa 4)
2026-08-10 22:07:54,500 | fase2_concorrentes | WARNING | Google Places 429, tentativa 3/5, aguardando 4.0s (célula -19.1300,-47.9206 termo='pet shop')
2026-08-10 22:07:55,421 | fase3_vias_zoneamento | WARNING | Overpass https://overpass.kumi.systems/api/interpreter respondeu 429, aguardando 8.0s
2026-08-10 22:08:00,034 | fase2_concorrentes | WARNING | Google Places 429, tentativa 4/5, aguardando 8.0s (célula -19.1300,-47.9206 termo='pet shop')
2026-08-10 22:08:09,661 | fase2_concorrentes | WARNING | Google Places 429, tentativa 5/5, aguardando 16.0s (célula -19.1300,-47.9206 termo='pet shop')
2026-08-10 22:08:25,662 | fase2_concorrentes | WARNING | célula (-19.1300,-47.9206) termo='pet shop' esgotou tentativas (esgotou tentativas nesta célula/termo: HTTP 429) — pulando só esta
2026-08-10 22:08:27,759 | fase2_concorrentes | WARNING | Google Places 429, tentativa 1/5, aguardando 1.0s (célula -19.1300,-47.9206 termo='agropecuária')
2026-08-10 22:08:30,305 | fase2_concorrentes | WARNING | Google Places 429, tentativa 2/5, aguardando 2.0s (célula -19.1300,-47.9206 termo='agropecuária')
2026-08-10 22:08:33,217 | fase2_concorrentes | WARNING | Google Places 429, tentativa 3/5, aguardando 4.0s (célula -19.1300,-47.9206 termo='agropecuária')
2026-08-10 22:08:38,131 | fase2_concorrentes | WARNING | Google Places 429, tentativa 4/5, aguardando 8.0s (célula -19.1300,-47.9206 termo='agropecuária')
2026-08-10 22:08:47,691 | fase2_concorrentes | WARNING | Google Places 429, tentativa 5/5, aguardando 16.0s (célula -19.1300,-47.9206 termo='agropecuária')
2026-08-10 22:09:03,693 | fase2_concorrentes | WARNING | célula (-19.1300,-47.9206) termo='agropecuária' esgotou tentativas (esgotou tentativas nesta célula/termo: HTTP 429) — pulando só esta
2026-08-10 22:09:06,191 | fase2_concorrentes | WARNING | Google Places 429, tentativa 1/5, aguardando 1.0s (célula -19.1300,-47.9206 termo='casa de ração')
2026-08-10 22:09:08,749 | fase2_concorrentes | WARNING | Google Places 429, tentativa 2/5, aguardando 2.0s (célula -19.1300,-47.9206 termo='casa de ração')
2026-08-10 22:09:12,254 | fase2_concorrentes | WARNING | Google Places 429, tentativa 3/5, aguardando 4.0s (célula -19.1300,-47.9206 termo='casa de ração')
2026-08-10 22:09:17,794 | fase2_concorrentes | WARNING | Google Places 429, tentativa 4/5, aguardando 8.0s (célula -19.1300,-47.9206 termo='casa de ração')
2026-08-10 22:09:27,384 | fase2_concorrentes | WARNING | Google Places 429, tentativa 5/5, aguardando 16.0s (célula -19.1300,-47.9206 termo='casa de ração')
2026-08-10 22:09:43,385 | fase2_concorrentes | WARNING | célula (-19.1300,-47.9206) termo='casa de ração' esgotou tentativas (esgotou tentativas nesta célula/termo: HTTP 429) — pulando só esta
2026-08-10 22:09:45,907 | fase2_concorrentes | WARNING | Google Places 429, tentativa 1/5, aguardando 1.0s (célula -19.1300,-47.9206 termo='clínica veterinária')
2026-08-10 22:09:47,778 | fase2_concorrentes | WARNING | Google Places 429, tentativa 2/5, aguardando 2.0s (célula -19.1300,-47.9206 termo='clínica veterinária')
2026-08-10 22:09:51,293 | fase2_concorrentes | WARNING | Google Places 429, tentativa 3/5, aguardando 4.0s (célula -19.1300,-47.9206 termo='clínica veterinária')
2026-08-10 22:09:56,160 | fase2_concorrentes | WARNING | Google Places 429, tentativa 4/5, aguardando 8.0s (célula -19.1300,-47.9206 termo='clínica veterinária')
2026-08-10 22:10:05,786 | fase2_concorrentes | WARNING | Google Places 429, tentativa 5/5, aguardando 16.0s (célula -19.1300,-47.9206 termo='clínica veterinária')
2026-08-10 22:10:09,593 | fase3_vias_zoneamento | INFO | === Fase 3: vias e zoneamento ===
2026-08-10 22:10:09,595 | fase3_vias_zoneamento | INFO | Overpass (vias): tentando https://overpass-api.de/api/interpreter (volta 1, tentativa 1)
2026-08-10 22:10:21,787 | fase2_concorrentes | WARNING | célula (-19.1300,-47.9206) termo='clínica veterinária' esgotou tentativas (esgotou tentativas nesta célula/termo: HTTP 429) — pulando só esta
2026-08-10 22:10:23,535 | fase3_vias_zoneamento | INFO | Overpass (vias) OK via https://overpass-api.de/api/interpreter: 87339 elementos
2026-08-10 22:10:24,283 | fase3_vias_zoneamento | INFO | malha viária: 12686 segmentos coletados
2026-08-10 22:10:24,289 | fase3_vias_zoneamento | INFO | contagem por classe de via: {'residential': 9562, 'tertiary': 1848, 'secondary': 843, 'primary': 433}
2026-08-10 22:10:24,318 | fase2_concorrentes | WARNING | Google Places 429, tentativa 1/5, aguardando 1.0s (célula -19.1300,-47.9206 termo='banho e tosa')
2026-08-10 22:10:24,673 | fase3_vias_zoneamento | INFO | gravado: C:\projetos\novo_ponto\data\processed\vias.gpkg
2026-08-10 22:10:25,387 | fase3_vias_zoneamento | WARNING | https://www.uberlandia.mg.gov.br/portal-da-transparencia/dados-abertos/catalogo-de-dados-abertos/ respondeu HTTP 403 — não deu pra checar vetorial nessa página
2026-08-10 22:10:26,162 | fase3_vias_zoneamento | WARNING | https://www.uberlandia.mg.gov.br/prefeitura/secretarias/planejamento-urbano/mapas-e-bairros/ respondeu HTTP 403 — não deu pra checar vetorial nessa página
2026-08-10 22:10:26,166 | fase3_vias_zoneamento | INFO | baixando https://docs.uberlandia.mg.gov.br/wp-content/uploads/2026/02/Mapa-Zoneamento-e-Ocupacao-do-Solo-%E2%80%93-Lei-8122_026-e-suas-alteracoes.pdf -> C:\projetos\novo_ponto\data\raw\zoneamento\Mapa-Zoneamento-e-Ocupacao-do-Solo-%E2%80%93-Lei-8122_026-e-suas-alteracoes.pdf
2026-08-10 22:10:26,906 | fase2_concorrentes | WARNING | Google Places 429, tentativa 2/5, aguardando 2.0s (célula -19.1300,-47.9206 termo='banho e tosa')
2026-08-10 22:10:30,453 | fase2_concorrentes | WARNING | Google Places 429, tentativa 3/5, aguardando 4.0s (célula -19.1300,-47.9206 termo='banho e tosa')
2026-08-10 22:10:31,002 | fase3_vias_zoneamento | INFO | download concluído: C:\projetos\novo_ponto\data\raw\zoneamento\Mapa-Zoneamento-e-Ocupacao-do-Solo-%E2%80%93-Lei-8122_026-e-suas-alteracoes.pdf (7595916 bytes)
2026-08-10 22:10:31,005 | fase3_vias_zoneamento | INFO | mapa de zoneamento baixado: C:\projetos\novo_ponto\data\raw\zoneamento\Mapa-Zoneamento-e-Ocupacao-do-Solo-%E2%80%93-Lei-8122_026-e-suas-alteracoes.pdf (2026-02 (Lei 8122/026 e alterações — vigente))
2026-08-10 22:10:31,006 | fase3_vias_zoneamento | INFO | convertendo C:\projetos\novo_ponto\data\raw\zoneamento\Mapa-Zoneamento-e-Ocupacao-do-Solo-%E2%80%93-Lei-8122_026-e-suas-alteracoes.pdf com markitdown -> C:\projetos\novo_ponto\data\interim\md\Mapa-Zoneamento-e-Ocupacao-do-Solo-%E2%80%93-Lei-8122_026-e-suas-alteracoes.pdf.md
2026-08-10 22:10:35,379 | fase2_concorrentes | WARNING | Google Places 429, tentativa 4/5, aguardando 8.0s (célula -19.1300,-47.9206 termo='banho e tosa')
2026-08-10 22:10:44,257 | fase2_concorrentes | WARNING | Google Places 429, tentativa 5/5, aguardando 16.0s (célula -19.1300,-47.9206 termo='banho e tosa')
2026-08-10 22:11:00,259 | fase2_concorrentes | WARNING | célula (-19.1300,-47.9206) termo='banho e tosa' esgotou tentativas (esgotou tentativas nesta célula/termo: HTTP 429) — pulando só esta
2026-08-10 22:11:01,270 | fase2_concorrentes | INFO | Google Places: 113 células x termo consultadas (com cache), 12 puladas por falha persistente, 2260 resultados brutos
2026-08-10 22:11:01,276 | fase2_concorrentes | INFO | Google Places: dedup por place_id 2260 -> 274
2026-08-10 22:11:02,213 | fase2_concorrentes | INFO | dedup espacial (<30m + nome similar): 310 -> 305
2026-08-10 22:11:02,217 | fase2_concorrentes | INFO | redes conhecidas geocodificadas: 3/3
2026-08-10 22:11:02,240 | fase2_concorrentes | INFO | rede 'Petz Rondon Pacheco' resolvida para 'Petz Center Shopping' (fonte=google); 0 duplicata(s) da mesma loja removida(s)
2026-08-10 22:11:02,246 | fase2_concorrentes | INFO | rede 'Petz Center Shopping' resolvida para 'Petz Center Shopping' (fonte=google); 0 duplicata(s) da mesma loja removida(s)
2026-08-10 22:11:02,254 | fase2_concorrentes | INFO | rede 'Cobasi Rondon Pacheco' resolvida para 'Petz Center Shopping' (fonte=google); 0 duplicata(s) da mesma loja removida(s)
2026-08-10 22:11:02,264 | fase2_concorrentes | INFO | contagem por tipo: {'pet_shop': 180, 'veterinaria': 74, 'agropecuaria': 50, 'rede': 1}
2026-08-10 22:11:02,265 | fase2_concorrentes | WARNING | ACEITE — só 1/3 redes conhecidas presentes no resultado final
2026-08-10 22:11:02,328 | fase2_concorrentes | INFO | gravado: C:\projetos\novo_ponto\data\processed\concorrentes.gpkg
2026-08-10 22:11:02,328 | fase2_concorrentes | INFO | RESUMO — entrada=310 saida=305 descartados=5 motivo='fora do polígono municipal e/ou duplicata (proximidade+nome)'
2026-08-10 22:12:27,144 | fase2_concorrentes | INFO | === Fase 2: concorrência ===
2026-08-10 22:12:27,144 | fase2_concorrentes | INFO | cache hit Overpass: C:\projetos\novo_ponto\data\raw\osm\overpass_concorrentes.json
2026-08-10 22:12:27,146 | fase2_concorrentes | INFO | OSM: 36 concorrentes brutos coletados
2026-08-10 22:12:27,520 | fase2_concorrentes | INFO | grade urbana: 25 células (espaçamento=4500m, raio=3200m)
2026-08-10 22:12:47,364 | fase2_concorrentes | WARNING | Google Places 429, tentativa 1/5, aguardando 1.0s (célula -18.9310,-48.1804 termo='clínica veterinária')
2026-08-10 22:12:50,040 | fase2_concorrentes | WARNING | Google Places 429, tentativa 2/5, aguardando 2.0s (célula -18.9310,-48.1804 termo='clínica veterinária')
2026-08-10 22:12:53,628 | fase2_concorrentes | WARNING | Google Places 429, tentativa 3/5, aguardando 4.0s (célula -18.9310,-48.1804 termo='clínica veterinária')
2026-08-10 22:12:56,350 | fase3_vias_zoneamento | INFO | legenda de zonas extraída do PDF: 25 zonas identificadas
2026-08-10 22:12:56,359 | fase3_vias_zoneamento | INFO | gravado: C:\projetos\novo_ponto\data\processed\zonas_permitidas.csv (25 linhas)
2026-08-10 22:12:59,257 | fase2_concorrentes | WARNING | Google Places 429, tentativa 4/5, aguardando 8.0s (célula -18.9310,-48.1804 termo='clínica veterinária')
2026-08-10 22:13:02,196 | fase3_vias_zoneamento | INFO | perímetro urbano: área setores-Urbana=241.7 km², área c/ vias=1107.3 km², combinado=1106.2 km² (município=4120.0 km²)
2026-08-10 22:13:02,262 | fase3_vias_zoneamento | INFO | gravado: C:\projetos\novo_ponto\data\processed\perimetro_urbano.gpkg
2026-08-10 22:13:02,263 | fase3_vias_zoneamento | INFO | gravado: C:\projetos\novo_ponto\data\processed\limitacoes_fase3.txt (2 limitação(ões) registrada(s), vão para a seção Limitações do relatório)
2026-08-10 22:13:02,263 | fase3_vias_zoneamento | WARNING | LIMITAÇÃO — As páginas de dados abertos / Mapas e Bairros da Prefeitura de Uberlândia retornaram erro (bloqueio de acesso automatizado) durante a coleta — não foi possível confirmar programaticamente se existe camada vetorial de zoneamento. Usado o mapa em PDF como Plano B, conforme previsto na spec.
2026-08-10 22:13:02,263 | fase3_vias_zoneamento | WARNING | LIMITAÇÃO — Zoneamento: 25 zonas identificadas pelo nome/código a partir do mapa em PDF (Mapa-Zoneamento-e-Ocupacao-do-Solo-%E2%80%93-Lei-8122_026-e-suas-alteracoes.pdf), mas a tabela de USOS PERMITIDOS por zona não pôde ser extraída automaticamente (está na Lei Complementar 812/2026, cujo texto integral não foi acessível pelas fontes públicas tentadas — leismunicipais.com.br e leis.org bloquearam o acesso automatizado). Compatibilidade de zoneamento por candidato fica como verificação manual obrigatória antes de assinar contrato.
2026-08-10 22:13:02,264 | fase3_vias_zoneamento | INFO | RESUMO — entrada=12686 saida=12686 descartados=0
2026-08-10 22:13:08,773 | fase2_concorrentes | WARNING | Google Places 429, tentativa 5/5, aguardando 16.0s (célula -18.9310,-48.1804 termo='clínica veterinária')
2026-08-10 22:13:24,775 | fase2_concorrentes | WARNING | célula (-18.9310,-48.1804) termo='clínica veterinária' esgotou tentativas (esgotou tentativas nesta célula/termo: HTTP 429) — pulando só esta
2026-08-10 22:13:27,363 | fase2_concorrentes | WARNING | Google Places 429, tentativa 1/5, aguardando 1.0s (célula -18.9310,-48.1804 termo='banho e tosa')
2026-08-10 22:13:29,936 | fase2_concorrentes | WARNING | Google Places 429, tentativa 2/5, aguardando 2.0s (célula -18.9310,-48.1804 termo='banho e tosa')
2026-08-10 22:13:33,564 | fase2_concorrentes | WARNING | Google Places 429, tentativa 3/5, aguardando 4.0s (célula -18.9310,-48.1804 termo='banho e tosa')
2026-08-10 22:13:39,079 | fase2_concorrentes | WARNING | Google Places 429, tentativa 4/5, aguardando 8.0s (célula -18.9310,-48.1804 termo='banho e tosa')
2026-08-10 22:13:48,614 | fase2_concorrentes | WARNING | Google Places 429, tentativa 5/5, aguardando 16.0s (célula -18.9310,-48.1804 termo='banho e tosa')
2026-08-10 22:14:04,615 | fase2_concorrentes | WARNING | célula (-18.9310,-48.1804) termo='banho e tosa' esgotou tentativas (esgotou tentativas nesta célula/termo: HTTP 429) — pulando só esta
2026-08-10 22:14:06,482 | fase2_concorrentes | WARNING | Google Places 429, tentativa 1/5, aguardando 1.0s (célula -18.8904,-48.1811 termo='pet shop')
2026-08-10 22:14:08,376 | fase2_concorrentes | WARNING | Google Places 429, tentativa 2/5, aguardando 2.0s (célula -18.8904,-48.1811 termo='pet shop')
2026-08-10 22:14:11,961 | fase2_concorrentes | WARNING | Google Places 429, tentativa 3/5, aguardando 4.0s (célula -18.8904,-48.1811 termo='pet shop')
2026-08-10 22:14:16,876 | fase2_concorrentes | WARNING | Google Places 429, tentativa 4/5, aguardando 8.0s (célula -18.8904,-48.1811 termo='pet shop')
2026-08-10 22:14:26,501 | fase2_concorrentes | WARNING | Google Places 429, tentativa 5/5, aguardando 16.0s (célula -18.8904,-48.1811 termo='pet shop')
2026-08-10 22:14:42,503 | fase2_concorrentes | WARNING | célula (-18.8904,-48.1811) termo='pet shop' esgotou tentativas (esgotou tentativas nesta célula/termo: HTTP 429) — pulando só esta
2026-08-10 22:14:45,022 | fase2_concorrentes | WARNING | Google Places 429, tentativa 1/5, aguardando 1.0s (célula -18.8904,-48.1811 termo='agropecuária')
2026-08-10 22:14:46,871 | fase2_concorrentes | WARNING | Google Places 429, tentativa 2/5, aguardando 2.0s (célula -18.8904,-48.1811 termo='agropecuária')
2026-08-10 22:14:50,464 | fase2_concorrentes | WARNING | Google Places 429, tentativa 3/5, aguardando 4.0s (célula -18.8904,-48.1811 termo='agropecuária')
2026-08-10 22:14:55,318 | fase2_concorrentes | WARNING | Google Places 429, tentativa 4/5, aguardando 8.0s (célula -18.8904,-48.1811 termo='agropecuária')
2026-08-10 22:15:04,903 | fase2_concorrentes | WARNING | Google Places 429, tentativa 5/5, aguardando 16.0s (célula -18.8904,-48.1811 termo='agropecuária')
2026-08-10 22:15:20,904 | fase2_concorrentes | WARNING | célula (-18.8904,-48.1811) termo='agropecuária' esgotou tentativas (esgotou tentativas nesta célula/termo: HTTP 429) — pulando só esta
2026-08-10 22:15:23,436 | fase2_concorrentes | WARNING | Google Places 429, tentativa 1/5, aguardando 1.0s (célula -18.8904,-48.1811 termo='casa de ração')
2026-08-10 22:15:25,999 | fase2_concorrentes | WARNING | Google Places 429, tentativa 2/5, aguardando 2.0s (célula -18.8904,-48.1811 termo='casa de ração')
2026-08-10 22:15:28,844 | fase2_concorrentes | WARNING | Google Places 429, tentativa 3/5, aguardando 4.0s (célula -18.8904,-48.1811 termo='casa de ração')
2026-08-10 22:15:34,395 | fase2_concorrentes | WARNING | Google Places 429, tentativa 4/5, aguardando 8.0s (célula -18.8904,-48.1811 termo='casa de ração')
2026-08-10 22:15:43,262 | fase2_concorrentes | WARNING | Google Places 429, tentativa 5/5, aguardando 16.0s (célula -18.8904,-48.1811 termo='casa de ração')
2026-08-10 22:15:59,262 | fase2_concorrentes | WARNING | célula (-18.8904,-48.1811) termo='casa de ração' esgotou tentativas (esgotou tentativas nesta célula/termo: HTTP 429) — pulando só esta
2026-08-10 22:16:01,837 | fase2_concorrentes | WARNING | Google Places 429, tentativa 1/5, aguardando 1.0s (célula -18.8904,-48.1811 termo='clínica veterinária')
2026-08-10 22:16:03,785 | fase2_concorrentes | WARNING | Google Places 429, tentativa 2/5, aguardando 2.0s (célula -18.8904,-48.1811 termo='clínica veterinária')
2026-08-10 22:16:07,370 | fase2_concorrentes | WARNING | Google Places 429, tentativa 3/5, aguardando 4.0s (célula -18.8904,-48.1811 termo='clínica veterinária')
2026-08-10 22:16:12,898 | fase2_concorrentes | WARNING | Google Places 429, tentativa 4/5, aguardando 8.0s (célula -18.8904,-48.1811 termo='clínica veterinária')
2026-08-10 22:16:22,421 | fase2_concorrentes | WARNING | Google Places 429, tentativa 5/5, aguardando 16.0s (célula -18.8904,-48.1811 termo='clínica veterinária')
2026-08-10 22:16:38,423 | fase2_concorrentes | WARNING | célula (-18.8904,-48.1811) termo='clínica veterinária' esgotou tentativas (esgotou tentativas nesta célula/termo: HTTP 429) — pulando só esta
2026-08-10 22:16:41,056 | fase2_concorrentes | WARNING | Google Places 429, tentativa 1/5, aguardando 1.0s (célula -18.8904,-48.1811 termo='banho e tosa')
2026-08-10 22:16:42,892 | fase2_concorrentes | WARNING | Google Places 429, tentativa 2/5, aguardando 2.0s (célula -18.8904,-48.1811 termo='banho e tosa')
2026-08-10 22:16:46,486 | fase2_concorrentes | WARNING | Google Places 429, tentativa 3/5, aguardando 4.0s (célula -18.8904,-48.1811 termo='banho e tosa')
2026-08-10 22:16:52,015 | fase2_concorrentes | WARNING | Google Places 429, tentativa 4/5, aguardando 8.0s (célula -18.8904,-48.1811 termo='banho e tosa')
2026-08-10 22:17:01,539 | fase2_concorrentes | WARNING | Google Places 429, tentativa 5/5, aguardando 16.0s (célula -18.8904,-48.1811 termo='banho e tosa')
2026-08-10 22:17:17,540 | fase2_concorrentes | WARNING | célula (-18.8904,-48.1811) termo='banho e tosa' esgotou tentativas (esgotou tentativas nesta célula/termo: HTTP 429) — pulando só esta
2026-08-10 22:17:19,457 | fase2_concorrentes | WARNING | Google Places 429, tentativa 1/5, aguardando 1.0s (célula -19.1300,-47.9206 termo='pet shop')
2026-08-10 22:17:22,020 | fase2_concorrentes | WARNING | Google Places 429, tentativa 2/5, aguardando 2.0s (célula -19.1300,-47.9206 termo='pet shop')
2026-08-10 22:17:25,603 | fase2_concorrentes | WARNING | Google Places 429, tentativa 3/5, aguardando 4.0s (célula -19.1300,-47.9206 termo='pet shop')
2026-08-10 22:17:31,115 | fase2_concorrentes | WARNING | Google Places 429, tentativa 4/5, aguardando 8.0s (célula -19.1300,-47.9206 termo='pet shop')
2026-08-10 22:17:40,614 | fase2_concorrentes | WARNING | Google Places 429, tentativa 5/5, aguardando 16.0s (célula -19.1300,-47.9206 termo='pet shop')
2026-08-10 22:17:56,616 | fase2_concorrentes | WARNING | célula (-19.1300,-47.9206) termo='pet shop' esgotou tentativas (esgotou tentativas nesta célula/termo: HTTP 429) — pulando só esta
2026-08-10 22:17:59,292 | fase2_concorrentes | WARNING | Google Places 429, tentativa 1/5, aguardando 1.0s (célula -19.1300,-47.9206 termo='agropecuária')
2026-08-10 22:18:01,853 | fase2_concorrentes | WARNING | Google Places 429, tentativa 2/5, aguardando 2.0s (célula -19.1300,-47.9206 termo='agropecuária')
2026-08-10 22:18:05,337 | fase2_concorrentes | WARNING | Google Places 429, tentativa 3/5, aguardando 4.0s (célula -19.1300,-47.9206 termo='agropecuária')
2026-08-10 22:18:10,251 | fase2_concorrentes | WARNING | Google Places 429, tentativa 4/5, aguardando 8.0s (célula -19.1300,-47.9206 termo='agropecuária')
2026-08-10 22:18:19,799 | fase2_concorrentes | WARNING | Google Places 429, tentativa 5/5, aguardando 16.0s (célula -19.1300,-47.9206 termo='agropecuária')
2026-08-10 22:18:35,800 | fase2_concorrentes | WARNING | célula (-19.1300,-47.9206) termo='agropecuária' esgotou tentativas (esgotou tentativas nesta célula/termo: HTTP 429) — pulando só esta
2026-08-10 22:18:38,308 | fase2_concorrentes | WARNING | Google Places 429, tentativa 1/5, aguardando 1.0s (célula -19.1300,-47.9206 termo='casa de ração')
2026-08-10 22:18:40,870 | fase2_concorrentes | WARNING | Google Places 429, tentativa 2/5, aguardando 2.0s (célula -19.1300,-47.9206 termo='casa de ração')
2026-08-10 22:18:44,351 | fase2_concorrentes | WARNING | Google Places 429, tentativa 3/5, aguardando 4.0s (célula -19.1300,-47.9206 termo='casa de ração')
2026-08-10 22:18:49,265 | fase2_concorrentes | WARNING | Google Places 429, tentativa 4/5, aguardando 8.0s (célula -19.1300,-47.9206 termo='casa de ração')
2026-08-10 22:18:58,789 | fase2_concorrentes | WARNING | Google Places 429, tentativa 5/5, aguardando 16.0s (célula -19.1300,-47.9206 termo='casa de ração')
2026-08-10 22:19:14,791 | fase2_concorrentes | WARNING | célula (-19.1300,-47.9206) termo='casa de ração' esgotou tentativas (esgotou tentativas nesta célula/termo: HTTP 429) — pulando só esta
2026-08-10 22:19:16,690 | fase2_concorrentes | WARNING | Google Places 429, tentativa 1/5, aguardando 1.0s (célula -19.1300,-47.9206 termo='clínica veterinária')
2026-08-10 22:19:19,154 | fase2_concorrentes | WARNING | Google Places 429, tentativa 2/5, aguardando 2.0s (célula -19.1300,-47.9206 termo='clínica veterinária')
2026-08-10 22:19:22,752 | fase2_concorrentes | WARNING | Google Places 429, tentativa 3/5, aguardando 4.0s (célula -19.1300,-47.9206 termo='clínica veterinária')
2026-08-10 22:19:28,383 | fase2_concorrentes | WARNING | Google Places 429, tentativa 4/5, aguardando 8.0s (célula -19.1300,-47.9206 termo='clínica veterinária')
2026-08-10 22:19:37,294 | fase2_concorrentes | WARNING | Google Places 429, tentativa 5/5, aguardando 16.0s (célula -19.1300,-47.9206 termo='clínica veterinária')
2026-08-10 22:19:53,296 | fase2_concorrentes | WARNING | célula (-19.1300,-47.9206) termo='clínica veterinária' esgotou tentativas (esgotou tentativas nesta célula/termo: HTTP 429) — pulando só esta
2026-08-10 22:19:55,802 | fase2_concorrentes | WARNING | Google Places 429, tentativa 1/5, aguardando 1.0s (célula -19.1300,-47.9206 termo='banho e tosa')
2026-08-10 22:19:58,314 | fase2_concorrentes | WARNING | Google Places 429, tentativa 2/5, aguardando 2.0s (célula -19.1300,-47.9206 termo='banho e tosa')
2026-08-10 22:20:01,870 | fase2_concorrentes | WARNING | Google Places 429, tentativa 3/5, aguardando 4.0s (célula -19.1300,-47.9206 termo='banho e tosa')
2026-08-10 22:20:07,404 | fase2_concorrentes | WARNING | Google Places 429, tentativa 4/5, aguardando 8.0s (célula -19.1300,-47.9206 termo='banho e tosa')
2026-08-10 22:20:16,308 | fase2_concorrentes | WARNING | Google Places 429, tentativa 5/5, aguardando 16.0s (célula -19.1300,-47.9206 termo='banho e tosa')
2026-08-10 22:20:32,310 | fase2_concorrentes | WARNING | célula (-19.1300,-47.9206) termo='banho e tosa' esgotou tentativas (esgotou tentativas nesta célula/termo: HTTP 429) — pulando só esta
2026-08-10 22:20:33,320 | fase2_concorrentes | INFO | Google Places: 113 células x termo consultadas (com cache), 12 puladas por falha persistente, 2260 resultados brutos
2026-08-10 22:20:33,339 | fase2_concorrentes | INFO | Google Places: dedup por place_id 2260 -> 274
2026-08-10 22:20:34,224 | fase2_concorrentes | INFO | dedup espacial (<30m + nome similar): 310 -> 305
2026-08-10 22:20:34,227 | fase2_concorrentes | INFO | redes conhecidas geocodificadas: 3/3
2026-08-10 22:20:34,243 | fase2_concorrentes | WARNING | nenhum registro OSM/Google encontrado perto de 'Petz Rondon Pacheco' — vai entrar só com a coordenada geocodificada
2026-08-10 22:20:34,257 | fase2_concorrentes | INFO | rede 'Petz Center Shopping' resolvida para 'Petz Center Shopping' (fonte=google); 0 duplicata(s) da mesma loja removida(s)
2026-08-10 22:20:34,259 | fase2_concorrentes | WARNING | nenhum registro OSM/Google encontrado perto de 'Cobasi Rondon Pacheco' — vai entrar só com a coordenada geocodificada
2026-08-10 22:20:34,267 | fase2_concorrentes | INFO | 2 rede(s) sem par nas fontes automáticas, adicionada(s) só com a coordenada geocodificada: ['Petz Rondon Pacheco', 'Cobasi Rondon Pacheco']
2026-08-10 22:20:34,275 | fase2_concorrentes | INFO | contagem por tipo: {'pet_shop': 180, 'veterinaria': 74, 'agropecuaria': 50, 'rede': 3}
2026-08-10 22:20:34,276 | fase2_concorrentes | INFO | ACEITE — as 3 redes conhecidas estão presentes
2026-08-10 22:20:34,343 | fase2_concorrentes | INFO | gravado: C:\projetos\novo_ponto\data\processed\concorrentes.gpkg
2026-08-10 22:20:34,344 | fase2_concorrentes | INFO | RESUMO — entrada=310 saida=307 descartados=3 motivo='fora do polígono municipal e/ou duplicata (proximidade+nome)'
2026-08-10 22:23:15,857 | fase2_concorrentes | INFO | === Fase 2: concorrência ===
2026-08-10 22:23:15,857 | fase2_concorrentes | INFO | cache hit Overpass: C:\projetos\novo_ponto\data\raw\osm\overpass_concorrentes.json
2026-08-10 22:23:15,859 | fase2_concorrentes | INFO | OSM: 36 concorrentes brutos coletados
2026-08-10 22:23:16,122 | fase2_concorrentes | INFO | grade urbana: 25 células (espaçamento=4500m, raio=3200m)
2026-08-10 22:23:35,172 | fase2_concorrentes | WARNING | Google Places 429, tentativa 1/5, aguardando 1.0s (célula -18.9310,-48.1804 termo='clínica veterinária')
2026-08-10 22:23:37,734 | fase2_concorrentes | WARNING | Google Places 429, tentativa 2/5, aguardando 2.0s (célula -18.9310,-48.1804 termo='clínica veterinária')
2026-08-10 22:23:41,319 | fase2_concorrentes | WARNING | Google Places 429, tentativa 3/5, aguardando 4.0s (célula -18.9310,-48.1804 termo='clínica veterinária')
2026-08-10 22:23:46,862 | fase2_concorrentes | WARNING | Google Places 429, tentativa 4/5, aguardando 8.0s (célula -18.9310,-48.1804 termo='clínica veterinária')
2026-08-10 22:23:56,438 | fase2_concorrentes | WARNING | Google Places 429, tentativa 5/5, aguardando 16.0s (célula -18.9310,-48.1804 termo='clínica veterinária')
2026-08-10 22:24:12,439 | fase2_concorrentes | WARNING | célula (-18.9310,-48.1804) termo='clínica veterinária' esgotou tentativas (esgotou tentativas nesta célula/termo: HTTP 429) — pulando só esta
2026-08-10 22:24:14,333 | fase2_concorrentes | WARNING | Google Places 429, tentativa 1/5, aguardando 1.0s (célula -18.9310,-48.1804 termo='banho e tosa')
2026-08-10 22:24:16,853 | fase2_concorrentes | WARNING | Google Places 429, tentativa 2/5, aguardando 2.0s (célula -18.9310,-48.1804 termo='banho e tosa')
2026-08-10 22:24:19,822 | fase2_concorrentes | WARNING | Google Places 429, tentativa 3/5, aguardando 4.0s (célula -18.9310,-48.1804 termo='banho e tosa')
2026-08-10 22:24:25,455 | fase2_concorrentes | WARNING | Google Places 429, tentativa 4/5, aguardando 8.0s (célula -18.9310,-48.1804 termo='banho e tosa')
2026-08-10 22:24:35,078 | fase2_concorrentes | WARNING | Google Places 429, tentativa 5/5, aguardando 16.0s (célula -18.9310,-48.1804 termo='banho e tosa')
2026-08-10 22:24:51,081 | fase2_concorrentes | WARNING | célula (-18.9310,-48.1804) termo='banho e tosa' esgotou tentativas (esgotou tentativas nesta célula/termo: HTTP 429) — pulando só esta
2026-08-10 22:24:52,998 | fase2_concorrentes | WARNING | Google Places 429, tentativa 1/5, aguardando 1.0s (célula -18.8904,-48.1811 termo='pet shop')
2026-08-10 22:24:54,948 | fase2_concorrentes | WARNING | Google Places 429, tentativa 2/5, aguardando 2.0s (célula -18.8904,-48.1811 termo='pet shop')
2026-08-10 22:26:02,370 | fase2_concorrentes | INFO | === Fase 2: concorrência ===
2026-08-10 22:26:02,371 | fase2_concorrentes | INFO | cache hit Overpass: C:\projetos\novo_ponto\data\raw\osm\overpass_concorrentes.json
2026-08-10 22:26:02,372 | fase2_concorrentes | INFO | OSM: 36 concorrentes brutos coletados
2026-08-10 22:26:02,643 | fase2_concorrentes | INFO | grade urbana: 25 células (espaçamento=4500m, raio=3200m)
2026-08-10 22:26:21,450 | fase2_concorrentes | WARNING | Google Places 429, tentativa 1/5, aguardando 1.0s (célula -18.9310,-48.1804 termo='clínica veterinária')
2026-08-10 22:26:24,039 | fase2_concorrentes | WARNING | Google Places 429, tentativa 2/5, aguardando 2.0s (célula -18.9310,-48.1804 termo='clínica veterinária')
2026-08-10 22:26:27,623 | fase2_concorrentes | WARNING | Google Places 429, tentativa 3/5, aguardando 4.0s (célula -18.9310,-48.1804 termo='clínica veterinária')
2026-08-10 22:26:32,526 | fase2_concorrentes | WARNING | Google Places 429, tentativa 4/5, aguardando 8.0s (célula -18.9310,-48.1804 termo='clínica veterinária')
2026-08-10 22:26:42,081 | fase2_concorrentes | WARNING | Google Places 429, tentativa 5/5, aguardando 16.0s (célula -18.9310,-48.1804 termo='clínica veterinária')
2026-08-10 22:26:58,084 | fase2_concorrentes | WARNING | célula (-18.9310,-48.1804) termo='clínica veterinária' esgotou tentativas (esgotou tentativas nesta célula/termo: HTTP 429) — pulando só esta
2026-08-10 22:27:00,692 | fase2_concorrentes | WARNING | Google Places 429, tentativa 1/5, aguardando 1.0s (célula -18.9310,-48.1804 termo='banho e tosa')
2026-08-10 22:27:03,244 | fase2_concorrentes | WARNING | Google Places 429, tentativa 2/5, aguardando 2.0s (célula -18.9310,-48.1804 termo='banho e tosa')
2026-08-10 22:27:06,841 | fase2_concorrentes | WARNING | Google Places 429, tentativa 3/5, aguardando 4.0s (célula -18.9310,-48.1804 termo='banho e tosa')
2026-08-10 22:27:12,382 | fase2_concorrentes | WARNING | Google Places 429, tentativa 4/5, aguardando 8.0s (célula -18.9310,-48.1804 termo='banho e tosa')
2026-08-10 22:27:21,279 | fase2_concorrentes | WARNING | Google Places 429, tentativa 5/5, aguardando 16.0s (célula -18.9310,-48.1804 termo='banho e tosa')
2026-08-10 22:27:37,282 | fase2_concorrentes | WARNING | célula (-18.9310,-48.1804) termo='banho e tosa' esgotou tentativas (esgotou tentativas nesta célula/termo: HTTP 429) — pulando só esta
2026-08-10 22:27:39,105 | fase2_concorrentes | WARNING | Google Places 429, tentativa 1/5, aguardando 1.0s (célula -18.8904,-48.1811 termo='pet shop')
2026-08-10 22:27:41,655 | fase2_concorrentes | WARNING | Google Places 429, tentativa 2/5, aguardando 2.0s (célula -18.8904,-48.1811 termo='pet shop')
2026-08-10 22:27:44,514 | fase2_concorrentes | WARNING | Google Places 429, tentativa 3/5, aguardando 4.0s (célula -18.8904,-48.1811 termo='pet shop')
2026-08-10 22:27:50,053 | fase2_concorrentes | WARNING | Google Places 429, tentativa 4/5, aguardando 8.0s (célula -18.8904,-48.1811 termo='pet shop')
2026-08-10 22:27:59,534 | fase2_concorrentes | WARNING | Google Places 429, tentativa 5/5, aguardando 16.0s (célula -18.8904,-48.1811 termo='pet shop')
2026-08-10 22:28:15,537 | fase2_concorrentes | WARNING | célula (-18.8904,-48.1811) termo='pet shop' esgotou tentativas (esgotou tentativas nesta célula/termo: HTTP 429) — pulando só esta
2026-08-10 22:28:18,109 | fase2_concorrentes | WARNING | Google Places 429, tentativa 1/5, aguardando 1.0s (célula -18.8904,-48.1811 termo='agropecuária')
2026-08-10 22:28:20,615 | fase2_concorrentes | WARNING | Google Places 429, tentativa 2/5, aguardando 2.0s (célula -18.8904,-48.1811 termo='agropecuária')
2026-08-10 22:28:24,152 | fase2_concorrentes | WARNING | Google Places 429, tentativa 3/5, aguardando 4.0s (célula -18.8904,-48.1811 termo='agropecuária')
2026-08-10 22:28:29,682 | fase2_concorrentes | WARNING | Google Places 429, tentativa 4/5, aguardando 8.0s (célula -18.8904,-48.1811 termo='agropecuária')
2026-08-10 22:28:39,290 | fase2_concorrentes | WARNING | Google Places 429, tentativa 5/5, aguardando 16.0s (célula -18.8904,-48.1811 termo='agropecuária')
2026-08-10 22:28:55,292 | fase2_concorrentes | WARNING | célula (-18.8904,-48.1811) termo='agropecuária' esgotou tentativas (esgotou tentativas nesta célula/termo: HTTP 429) — pulando só esta
2026-08-10 22:28:57,120 | fase2_concorrentes | WARNING | Google Places 429, tentativa 1/5, aguardando 1.0s (célula -18.8904,-48.1811 termo='casa de ração')
2026-08-10 22:28:58,971 | fase2_concorrentes | WARNING | Google Places 429, tentativa 2/5, aguardando 2.0s (célula -18.8904,-48.1811 termo='casa de ração')
2026-08-10 22:29:01,837 | fase2_concorrentes | WARNING | Google Places 429, tentativa 3/5, aguardando 4.0s (célula -18.8904,-48.1811 termo='casa de ração')
2026-08-10 22:29:07,367 | fase2_concorrentes | WARNING | Google Places 429, tentativa 4/5, aguardando 8.0s (célula -18.8904,-48.1811 termo='casa de ração')
2026-08-10 22:29:16,278 | fase2_concorrentes | WARNING | Google Places 429, tentativa 5/5, aguardando 16.0s (célula -18.8904,-48.1811 termo='casa de ração')
2026-08-10 22:29:32,280 | fase2_concorrentes | WARNING | célula (-18.8904,-48.1811) termo='casa de ração' esgotou tentativas (esgotou tentativas nesta célula/termo: HTTP 429) — pulando só esta
2026-08-10 22:29:34,194 | fase2_concorrentes | WARNING | Google Places 429, tentativa 1/5, aguardando 1.0s (célula -18.8904,-48.1811 termo='clínica veterinária')
2026-08-10 22:29:36,142 | fase2_concorrentes | WARNING | Google Places 429, tentativa 2/5, aguardando 2.0s (célula -18.8904,-48.1811 termo='clínica veterinária')
2026-08-10 22:29:38,974 | fase2_concorrentes | WARNING | Google Places 429, tentativa 3/5, aguardando 4.0s (célula -18.8904,-48.1811 termo='clínica veterinária')
2026-08-10 22:29:43,925 | fase2_concorrentes | WARNING | Google Places 429, tentativa 4/5, aguardando 8.0s (célula -18.8904,-48.1811 termo='clínica veterinária')
2026-08-10 22:29:52,834 | fase2_concorrentes | WARNING | Google Places 429, tentativa 5/5, aguardando 16.0s (célula -18.8904,-48.1811 termo='clínica veterinária')
2026-08-10 22:30:08,836 | fase2_concorrentes | WARNING | célula (-18.8904,-48.1811) termo='clínica veterinária' esgotou tentativas (esgotou tentativas nesta célula/termo: HTTP 429) — pulando só esta
2026-08-10 22:30:11,368 | fase2_concorrentes | WARNING | Google Places 429, tentativa 1/5, aguardando 1.0s (célula -18.8904,-48.1811 termo='banho e tosa')
2026-08-10 22:30:13,928 | fase2_concorrentes | WARNING | Google Places 429, tentativa 2/5, aguardando 2.0s (célula -18.8904,-48.1811 termo='banho e tosa')
2026-08-10 22:30:17,413 | fase2_concorrentes | WARNING | Google Places 429, tentativa 3/5, aguardando 4.0s (célula -18.8904,-48.1811 termo='banho e tosa')
2026-08-10 22:30:22,941 | fase2_concorrentes | WARNING | Google Places 429, tentativa 4/5, aguardando 8.0s (célula -18.8904,-48.1811 termo='banho e tosa')
2026-08-10 22:30:31,848 | fase2_concorrentes | WARNING | Google Places 429, tentativa 5/5, aguardando 16.0s (célula -18.8904,-48.1811 termo='banho e tosa')
2026-08-10 22:30:47,849 | fase2_concorrentes | WARNING | célula (-18.8904,-48.1811) termo='banho e tosa' esgotou tentativas (esgotou tentativas nesta célula/termo: HTTP 429) — pulando só esta
2026-08-10 22:30:49,767 | fase2_concorrentes | WARNING | Google Places 429, tentativa 1/5, aguardando 1.0s (célula -19.1300,-47.9206 termo='pet shop')
2026-08-10 22:30:52,330 | fase2_concorrentes | WARNING | Google Places 429, tentativa 2/5, aguardando 2.0s (célula -19.1300,-47.9206 termo='pet shop')
2026-08-10 22:30:55,812 | fase2_concorrentes | WARNING | Google Places 429, tentativa 3/5, aguardando 4.0s (célula -19.1300,-47.9206 termo='pet shop')
2026-08-10 22:31:01,344 | fase2_concorrentes | WARNING | Google Places 429, tentativa 4/5, aguardando 8.0s (célula -19.1300,-47.9206 termo='pet shop')
2026-08-10 22:31:10,192 | fase2_concorrentes | WARNING | Google Places 429, tentativa 5/5, aguardando 16.0s (célula -19.1300,-47.9206 termo='pet shop')
2026-08-10 22:31:26,194 | fase2_concorrentes | WARNING | célula (-19.1300,-47.9206) termo='pet shop' esgotou tentativas (esgotou tentativas nesta célula/termo: HTTP 429) — pulando só esta
2026-08-10 22:31:28,681 | fase2_concorrentes | WARNING | Google Places 429, tentativa 1/5, aguardando 1.0s (célula -19.1300,-47.9206 termo='agropecuária')
2026-08-10 22:31:30,567 | fase2_concorrentes | WARNING | Google Places 429, tentativa 2/5, aguardando 2.0s (célula -19.1300,-47.9206 termo='agropecuária')
2026-08-10 22:31:34,072 | fase2_concorrentes | WARNING | Google Places 429, tentativa 3/5, aguardando 4.0s (célula -19.1300,-47.9206 termo='agropecuária')
2026-08-10 22:31:39,569 | fase2_concorrentes | WARNING | Google Places 429, tentativa 4/5, aguardando 8.0s (célula -19.1300,-47.9206 termo='agropecuária')
2026-08-10 22:31:49,091 | fase2_concorrentes | WARNING | Google Places 429, tentativa 5/5, aguardando 16.0s (célula -19.1300,-47.9206 termo='agropecuária')
2026-08-10 22:32:05,095 | fase2_concorrentes | WARNING | célula (-19.1300,-47.9206) termo='agropecuária' esgotou tentativas (esgotou tentativas nesta célula/termo: HTTP 429) — pulando só esta
2026-08-10 22:32:07,593 | fase2_concorrentes | WARNING | Google Places 429, tentativa 1/5, aguardando 1.0s (célula -19.1300,-47.9206 termo='casa de ração')
2026-08-10 22:32:09,437 | fase2_concorrentes | WARNING | Google Places 429, tentativa 2/5, aguardando 2.0s (célula -19.1300,-47.9206 termo='casa de ração')
2026-08-10 22:32:12,920 | fase2_concorrentes | WARNING | Google Places 429, tentativa 3/5, aguardando 4.0s (célula -19.1300,-47.9206 termo='casa de ração')
2026-08-10 22:32:18,401 | fase2_concorrentes | WARNING | Google Places 429, tentativa 4/5, aguardando 8.0s (célula -19.1300,-47.9206 termo='casa de ração')
2026-08-10 22:32:27,897 | fase2_concorrentes | WARNING | Google Places 429, tentativa 5/5, aguardando 16.0s (célula -19.1300,-47.9206 termo='casa de ração')
2026-08-10 22:32:43,898 | fase2_concorrentes | WARNING | célula (-19.1300,-47.9206) termo='casa de ração' esgotou tentativas (esgotou tentativas nesta célula/termo: HTTP 429) — pulando só esta
2026-08-10 22:32:46,404 | fase2_concorrentes | WARNING | Google Places 429, tentativa 1/5, aguardando 1.0s (célula -19.1300,-47.9206 termo='clínica veterinária')
2026-08-10 22:32:48,877 | fase2_concorrentes | WARNING | Google Places 429, tentativa 2/5, aguardando 2.0s (célula -19.1300,-47.9206 termo='clínica veterinária')
2026-08-10 22:32:51,731 | fase2_concorrentes | WARNING | Google Places 429, tentativa 3/5, aguardando 4.0s (célula -19.1300,-47.9206 termo='clínica veterinária')
2026-08-10 22:32:57,257 | fase2_concorrentes | WARNING | Google Places 429, tentativa 4/5, aguardando 8.0s (célula -19.1300,-47.9206 termo='clínica veterinária')
2026-08-10 22:33:06,783 | fase2_concorrentes | WARNING | Google Places 429, tentativa 5/5, aguardando 16.0s (célula -19.1300,-47.9206 termo='clínica veterinária')
2026-08-10 22:33:22,785 | fase2_concorrentes | WARNING | célula (-19.1300,-47.9206) termo='clínica veterinária' esgotou tentativas (esgotou tentativas nesta célula/termo: HTTP 429) — pulando só esta
2026-08-10 22:33:25,316 | fase2_concorrentes | WARNING | Google Places 429, tentativa 1/5, aguardando 1.0s (célula -19.1300,-47.9206 termo='banho e tosa')
2026-08-10 22:33:27,162 | fase2_concorrentes | WARNING | Google Places 429, tentativa 2/5, aguardando 2.0s (célula -19.1300,-47.9206 termo='banho e tosa')
2026-08-10 22:33:30,670 | fase2_concorrentes | WARNING | Google Places 429, tentativa 3/5, aguardando 4.0s (célula -19.1300,-47.9206 termo='banho e tosa')
2026-08-10 22:33:36,172 | fase2_concorrentes | WARNING | Google Places 429, tentativa 4/5, aguardando 8.0s (célula -19.1300,-47.9206 termo='banho e tosa')
2026-08-10 22:33:45,802 | fase2_concorrentes | WARNING | Google Places 429, tentativa 5/5, aguardando 16.0s (célula -19.1300,-47.9206 termo='banho e tosa')
2026-08-10 22:34:01,804 | fase2_concorrentes | WARNING | célula (-19.1300,-47.9206) termo='banho e tosa' esgotou tentativas (esgotou tentativas nesta célula/termo: HTTP 429) — pulando só esta
2026-08-10 22:34:02,818 | fase2_concorrentes | INFO | Google Places: 113 células x termo consultadas (com cache), 12 puladas por falha persistente, 2260 resultados brutos
2026-08-10 22:34:02,821 | fase2_concorrentes | INFO | Google Places: dedup por place_id 2260 -> 274
2026-08-10 22:34:03,681 | fase2_concorrentes | INFO | dedup espacial (<30m + nome similar): 310 -> 305
2026-08-10 22:34:03,685 | fase2_concorrentes | INFO | redes conhecidas geocodificadas: 3/3
2026-08-10 22:34:03,711 | fase2_concorrentes | INFO | rede 'Petz Rondon Pacheco' resolvida para 'Petz Uberlândia' (fonte=google, casado por texto do endereço); 0 duplicata(s) da mesma loja removida(s)
2026-08-10 22:34:03,724 | fase2_concorrentes | INFO | rede 'Petz Center Shopping' resolvida para 'Uai Pet Store - Center Shopping' (fonte=google, casado por texto do endereço); 2 duplicata(s) da mesma loja removida(s)
2026-08-10 22:34:03,735 | fase2_concorrentes | INFO | rede 'Cobasi Rondon Pacheco' resolvida para 'Cobasi Uberlândia' (fonte=google, casado por texto do endereço); 0 duplicata(s) da mesma loja removida(s)
2026-08-10 22:34:03,736 | fase2_concorrentes | INFO | removendo 2 registro(s) duplicado(s) da mesma loja física de rede
2026-08-10 22:34:03,748 | fase2_concorrentes | INFO | contagem por tipo: {'pet_shop': 177, 'veterinaria': 73, 'agropecuaria': 50, 'rede': 3}
2026-08-10 22:34:03,749 | fase2_concorrentes | INFO | ACEITE — as 3 redes conhecidas estão presentes
2026-08-10 22:34:03,807 | fase2_concorrentes | INFO | gravado: C:\projetos\novo_ponto\data\processed\concorrentes.gpkg
2026-08-10 22:34:03,808 | fase2_concorrentes | INFO | RESUMO — entrada=310 saida=303 descartados=7 motivo='fora do polígono municipal e/ou duplicata (proximidade+nome)'
2026-08-10 22:34:38,844 | fase2_concorrentes | INFO | === Fase 2: concorrência ===
2026-08-10 22:34:38,844 | fase2_concorrentes | INFO | cache hit Overpass: C:\projetos\novo_ponto\data\raw\osm\overpass_concorrentes.json
2026-08-10 22:34:38,845 | fase2_concorrentes | INFO | OSM: 36 concorrentes brutos coletados
2026-08-10 22:34:39,106 | fase2_concorrentes | INFO | grade urbana: 25 células (espaçamento=4500m, raio=3200m)
2026-08-10 22:34:56,388 | fase2_concorrentes | WARNING | célula (-18.9310,-48.1804) termo='clínica veterinária' esgotou tentativas (falha persistente cacheada de execução anterior) — pulando só esta
2026-08-10 22:34:57,390 | fase2_concorrentes | WARNING | célula (-18.9310,-48.1804) termo='banho e tosa' esgotou tentativas (falha persistente cacheada de execução anterior) — pulando só esta
2026-08-10 22:34:58,391 | fase2_concorrentes | WARNING | célula (-18.8904,-48.1811) termo='pet shop' esgotou tentativas (falha persistente cacheada de execução anterior) — pulando só esta
2026-08-10 22:34:59,394 | fase2_concorrentes | WARNING | célula (-18.8904,-48.1811) termo='agropecuária' esgotou tentativas (falha persistente cacheada de execução anterior) — pulando só esta
2026-08-10 22:35:00,395 | fase2_concorrentes | WARNING | célula (-18.8904,-48.1811) termo='casa de ração' esgotou tentativas (falha persistente cacheada de execução anterior) — pulando só esta
2026-08-10 22:35:01,397 | fase2_concorrentes | WARNING | célula (-18.8904,-48.1811) termo='clínica veterinária' esgotou tentativas (falha persistente cacheada de execução anterior) — pulando só esta
2026-08-10 22:35:02,400 | fase2_concorrentes | WARNING | célula (-18.8904,-48.1811) termo='banho e tosa' esgotou tentativas (falha persistente cacheada de execução anterior) — pulando só esta
2026-08-10 22:35:03,401 | fase2_concorrentes | WARNING | célula (-19.1300,-47.9206) termo='pet shop' esgotou tentativas (falha persistente cacheada de execução anterior) — pulando só esta
2026-08-10 22:35:04,405 | fase2_concorrentes | WARNING | célula (-19.1300,-47.9206) termo='agropecuária' esgotou tentativas (falha persistente cacheada de execução anterior) — pulando só esta
2026-08-10 22:35:05,409 | fase2_concorrentes | WARNING | célula (-19.1300,-47.9206) termo='casa de ração' esgotou tentativas (falha persistente cacheada de execução anterior) — pulando só esta
2026-08-10 22:35:06,411 | fase2_concorrentes | WARNING | célula (-19.1300,-47.9206) termo='clínica veterinária' esgotou tentativas (falha persistente cacheada de execução anterior) — pulando só esta
2026-08-10 22:35:07,434 | fase2_concorrentes | WARNING | célula (-19.1300,-47.9206) termo='banho e tosa' esgotou tentativas (falha persistente cacheada de execução anterior) — pulando só esta
2026-08-10 22:35:08,445 | fase2_concorrentes | INFO | Google Places: 113 células x termo consultadas (com cache), 12 puladas por falha persistente, 2260 resultados brutos
2026-08-10 22:35:08,452 | fase2_concorrentes | INFO | Google Places: dedup por place_id 2260 -> 274
2026-08-10 22:35:09,335 | fase2_concorrentes | INFO | dedup espacial (<30m + nome similar): 310 -> 305
2026-08-10 22:35:09,341 | fase2_concorrentes | INFO | redes conhecidas geocodificadas: 3/3
2026-08-10 22:35:09,372 | fase2_concorrentes | INFO | rede 'Petz Rondon Pacheco' resolvida para 'Petz Uberlândia' (fonte=google, casado por texto do endereço); 0 duplicata(s) da mesma loja removida(s)
2026-08-10 22:35:09,382 | fase2_concorrentes | INFO | rede 'Petz Center Shopping' resolvida para 'Petz Center Shopping' (fonte=google, casado por texto do endereço); 0 duplicata(s) da mesma loja removida(s)
2026-08-10 22:35:09,395 | fase2_concorrentes | INFO | rede 'Cobasi Rondon Pacheco' resolvida para 'Cobasi Uberlândia' (fonte=google, casado por texto do endereço); 0 duplicata(s) da mesma loja removida(s)
2026-08-10 22:35:09,401 | fase2_concorrentes | INFO | contagem por tipo: {'pet_shop': 178, 'veterinaria': 74, 'agropecuaria': 50, 'rede': 3}
2026-08-10 22:35:09,402 | fase2_concorrentes | INFO | ACEITE — as 3 redes conhecidas estão presentes
2026-08-10 22:35:09,496 | fase2_concorrentes | INFO | gravado: C:\projetos\novo_ponto\data\processed\concorrentes.gpkg
2026-08-10 22:35:09,497 | fase2_concorrentes | INFO | RESUMO — entrada=310 saida=305 descartados=5 motivo='fora do polígono municipal e/ou duplicata (proximidade+nome)'
2026-08-10 22:37:48,817 | fase4_candidatos | INFO | === Fase 4: geração de candidatos ===
2026-08-10 22:37:49,010 | fase4_candidatos | INFO | vias de classe candidata (secondary/tertiary/residential): 12253 de 12686
2026-08-10 22:37:50,258 | fase4_candidatos | INFO | vias dentro do perímetro urbano: 12248
2026-08-10 22:37:50,872 | fase4_candidatos | INFO | vias de maior conectividade (grau >= mediana=2): 7728 de 12248
2026-08-10 22:37:51,577 | fase4_candidatos | INFO | pontos gerados a cada 400m ao longo das vias selecionadas: 12234 (após remover coincidentes)
2026-08-10 22:37:51,595 | fase4_candidatos | INFO | filtro rede (>=1500m): 12234 -> 11065
2026-08-10 22:37:52,715 | fase4_candidatos | INFO | filtro setor (domicílios>0 e renda>=2000 ou desconhecida): 11065 -> 8443
2026-08-10 22:38:12,490 | fase4_candidatos | INFO | ACEITE — 300 candidatos em 14 bairros distintos (mínimo 150/>8)
2026-08-10 22:38:12,560 | fase4_candidatos | INFO | gravado: C:\projetos\novo_ponto\data\processed\candidatos.gpkg
2026-08-10 22:38:12,560 | fase4_candidatos | INFO | RESUMO — entrada=12234 saida=300 descartados=11934 motivo='fora do perímetro/baixa conectividade, perto de rede, setor sem domicílio/renda baixa, ou fora do top-N preliminar'
2026-08-10 22:42:28,979 | fase5_isocronas | INFO | === Fase 5: isócronas ===
2026-08-10 22:42:29,102 | fase5_isocronas | INFO | isócronas: 0 já em cache, 300 pendentes
2026-08-10 22:42:31,384 | fase5_isocronas | INFO | lote 0-5: 5 isócronas obtidas
2026-08-10 22:42:35,444 | fase5_isocronas | INFO | lote 5-10: 5 isócronas obtidas
2026-08-10 22:42:39,553 | fase5_isocronas | INFO | lote 10-15: 5 isócronas obtidas
2026-08-10 22:42:43,648 | fase5_isocronas | INFO | lote 15-20: 5 isócronas obtidas
2026-08-10 22:42:47,949 | fase5_isocronas | INFO | lote 20-25: 5 isócronas obtidas
2026-08-10 22:42:52,557 | fase5_isocronas | INFO | lote 25-30: 5 isócronas obtidas
2026-08-10 22:42:57,187 | fase5_isocronas | INFO | lote 30-35: 5 isócronas obtidas
2026-08-10 22:43:01,567 | fase5_isocronas | INFO | lote 35-40: 5 isócronas obtidas
2026-08-10 22:43:06,513 | fase5_isocronas | INFO | lote 40-45: 5 isócronas obtidas
2026-08-10 22:43:10,904 | fase5_isocronas | INFO | lote 45-50: 5 isócronas obtidas
2026-08-10 22:43:15,182 | fase5_isocronas | INFO | lote 50-55: 5 isócronas obtidas
2026-08-10 22:43:19,604 | fase5_isocronas | INFO | lote 55-60: 5 isócronas obtidas
2026-08-10 22:43:23,935 | fase5_isocronas | INFO | lote 60-65: 5 isócronas obtidas
2026-08-10 22:43:28,343 | fase5_isocronas | INFO | lote 65-70: 5 isócronas obtidas
2026-08-10 22:43:32,689 | fase5_isocronas | INFO | lote 70-75: 5 isócronas obtidas
2026-08-10 22:43:37,304 | fase5_isocronas | INFO | lote 75-80: 5 isócronas obtidas
2026-08-10 22:43:41,808 | fase5_isocronas | INFO | lote 80-85: 5 isócronas obtidas
2026-08-10 22:43:46,251 | fase5_isocronas | INFO | lote 85-90: 5 isócronas obtidas
2026-08-10 22:43:50,818 | fase5_isocronas | INFO | lote 90-95: 5 isócronas obtidas
2026-08-10 22:43:55,252 | fase5_isocronas | INFO | lote 95-100: 5 isócronas obtidas
2026-08-10 22:43:59,416 | fase5_isocronas | INFO | lote 100-105: 5 isócronas obtidas
2026-08-10 22:44:03,638 | fase5_isocronas | INFO | lote 105-110: 5 isócronas obtidas
2026-08-10 22:44:08,230 | fase5_isocronas | INFO | lote 110-115: 5 isócronas obtidas
2026-08-10 22:44:12,586 | fase5_isocronas | INFO | lote 115-120: 5 isócronas obtidas
2026-08-10 22:44:16,854 | fase5_isocronas | INFO | lote 120-125: 5 isócronas obtidas
2026-08-10 22:44:21,253 | fase5_isocronas | INFO | lote 125-130: 5 isócronas obtidas
2026-08-10 22:44:25,575 | fase5_isocronas | INFO | lote 130-135: 5 isócronas obtidas
2026-08-10 22:44:30,040 | fase5_isocronas | INFO | lote 135-140: 5 isócronas obtidas
2026-08-10 22:44:34,334 | fase5_isocronas | INFO | lote 140-145: 5 isócronas obtidas
2026-08-10 22:44:38,737 | fase5_isocronas | INFO | lote 145-150: 5 isócronas obtidas
2026-08-10 22:44:42,948 | fase5_isocronas | INFO | lote 150-155: 5 isócronas obtidas
2026-08-10 22:44:47,281 | fase5_isocronas | INFO | lote 155-160: 5 isócronas obtidas
2026-08-10 22:44:52,989 | fase5_isocronas | INFO | lote 160-165: 5 isócronas obtidas
2026-08-10 22:44:57,287 | fase5_isocronas | INFO | lote 165-170: 5 isócronas obtidas
2026-08-10 22:45:01,689 | fase5_isocronas | INFO | lote 170-175: 5 isócronas obtidas
2026-08-10 22:45:06,097 | fase5_isocronas | INFO | lote 175-180: 5 isócronas obtidas
2026-08-10 22:45:10,392 | fase5_isocronas | INFO | lote 180-185: 5 isócronas obtidas
2026-08-10 22:45:14,587 | fase5_isocronas | INFO | lote 185-190: 5 isócronas obtidas
2026-08-10 22:45:18,974 | fase5_isocronas | INFO | lote 190-195: 5 isócronas obtidas
2026-08-10 22:45:23,440 | fase5_isocronas | INFO | lote 195-200: 5 isócronas obtidas
2026-08-10 22:45:27,805 | fase5_isocronas | INFO | lote 200-205: 5 isócronas obtidas
2026-08-10 22:45:32,107 | fase5_isocronas | INFO | lote 205-210: 5 isócronas obtidas
2026-08-10 22:45:36,413 | fase5_isocronas | INFO | lote 210-215: 5 isócronas obtidas
2026-08-10 22:45:40,594 | fase5_isocronas | INFO | lote 215-220: 5 isócronas obtidas
2026-08-10 22:45:44,791 | fase5_isocronas | INFO | lote 220-225: 5 isócronas obtidas
2026-08-10 22:45:49,193 | fase5_isocronas | INFO | lote 225-230: 5 isócronas obtidas
2026-08-10 22:45:53,269 | fase5_isocronas | INFO | lote 230-235: 5 isócronas obtidas
2026-08-10 22:45:57,920 | fase5_isocronas | INFO | lote 235-240: 5 isócronas obtidas
2026-08-10 22:46:02,231 | fase5_isocronas | INFO | lote 240-245: 5 isócronas obtidas
2026-08-10 22:46:06,524 | fase5_isocronas | INFO | lote 245-250: 5 isócronas obtidas
2026-08-10 22:46:10,657 | fase5_isocronas | INFO | lote 250-255: 5 isócronas obtidas
2026-08-10 22:46:15,039 | fase5_isocronas | INFO | lote 255-260: 5 isócronas obtidas
2026-08-10 22:46:38,651 | fase5_isocronas | INFO | lote 260-265: 5 isócronas obtidas
2026-08-10 22:46:42,954 | fase5_isocronas | INFO | lote 265-270: 5 isócronas obtidas
2026-08-10 22:46:47,822 | fase5_isocronas | INFO | lote 270-275: 5 isócronas obtidas
2026-08-10 22:46:52,575 | fase5_isocronas | INFO | lote 275-280: 5 isócronas obtidas
2026-08-10 22:46:58,219 | fase5_isocronas | INFO | lote 280-285: 5 isócronas obtidas
2026-08-10 22:47:02,804 | fase5_isocronas | INFO | lote 285-290: 5 isócronas obtidas
2026-08-10 22:47:08,249 | fase5_isocronas | INFO | lote 290-295: 5 isócronas obtidas
2026-08-10 22:47:12,654 | fase5_isocronas | INFO | lote 295-300: 5 isócronas obtidas
2026-08-10 22:47:48,771 | fase5_isocronas | INFO | demanda calculada: 300/300 candidatos com isócrona completa (0 ainda sem)
2026-08-10 22:47:48,980 | fase5_isocronas | INFO | gravado: C:\projetos\novo_ponto\data\processed\candidatos_com_demanda.gpkg (camadas: candidatos_com_demanda, isocronas_10min)
2026-08-10 22:47:48,980 | fase5_isocronas | INFO | RESUMO — entrada=300 saida=300 descartados=0
2026-08-10 22:51:06,699 | fase6_calibracao | INFO | === Fase 6: calibração por análogos ===
2026-08-10 22:51:06,941 | fase6_calibracao | INFO | pet shops independentes com avaliações conhecidas: 159
2026-08-10 22:51:08,389 | fase6_calibracao | INFO | regressão OLS: n=159, R²=0.086, R² ajustado=0.056
2026-08-10 22:51:08,392 | fase6_calibracao | INFO |   domicilios: coef=0.00011 p=0.109
2026-08-10 22:51:08,393 | fase6_calibracao | INFO |   pct_apartamento: coef=-0.49443 p=0.512
2026-08-10 22:51:08,394 | fase6_calibracao | INFO |   renda: coef=0.00012 p=0.029
2026-08-10 22:51:08,394 | fase6_calibracao | INFO |   densidade: coef=0.00004 p=0.109
2026-08-10 22:51:08,395 | fase6_calibracao | INFO |   n_concorrentes: coef=-0.03506 p=0.420
2026-08-10 22:51:08,395 | fase6_calibracao | INFO |   n_clinicas_sem_loja: coef=0.18158 p=0.078
2026-08-10 22:51:08,409 | fase6_calibracao | INFO | VIF: {'domicilios': inf, 'pct_apartamento': 1.725871375868844, 'renda': 1.4338319903692995, 'densidade': inf, 'n_concorrentes': 3.119237729560737, 'n_clinicas_sem_loja': 2.8851358752761627}
2026-08-10 22:51:08,410 | fase6_calibracao | WARNING | regressão fraca demais para usar como peso (n=159 < 25 ou R²=0.086 < 0.25) — caindo pro método de quartis
2026-08-10 22:51:08,414 | fase6_calibracao | INFO | método de quartis: 40 no quartil superior, 40 no inferior
2026-08-10 22:51:08,419 | fase6_calibracao | INFO | gravado: C:\projetos\novo_ponto\data\processed\pesos.json — método=quartis confiança=baixa
2026-08-10 22:51:08,419 | fase6_calibracao | INFO | pesos dos eixos finais: {'demanda_estimada': 0.356, 'saturacao': 0.294, 'oferta_imovel': 0.2, 'acesso': 0.15}
2026-08-10 22:51:08,420 | fase6_calibracao | INFO | RESUMO — entrada=159 saida=159 descartados=0
2026-08-10 22:51:47,823 | fase6_calibracao | INFO | === Fase 6: calibração por análogos ===
2026-08-10 22:51:47,942 | fase6_calibracao | INFO | pet shops independentes com avaliações conhecidas: 159
2026-08-10 22:51:48,848 | fase6_calibracao | INFO | regressão OLS: n=159, R²=0.086, R² ajustado=0.050
2026-08-10 22:51:48,851 | fase6_calibracao | INFO |   domicilios: coef=0.00009 p=0.580
2026-08-10 22:51:48,852 | fase6_calibracao | INFO |   pct_apartamento: coef=-0.51260 p=0.500
2026-08-10 22:51:48,853 | fase6_calibracao | INFO |   renda: coef=0.00012 p=0.029
2026-08-10 22:51:48,854 | fase6_calibracao | INFO |   densidade: coef=0.00011 p=0.821
2026-08-10 22:51:48,854 | fase6_calibracao | INFO |   n_concorrentes: coef=-0.03461 p=0.428
2026-08-10 22:51:48,855 | fase6_calibracao | INFO |   n_clinicas_sem_loja: coef=0.18226 p=0.078
2026-08-10 22:51:48,864 | fase6_calibracao | INFO | VIF: {'domicilios': 9.109331866360831, 'pct_apartamento': 1.7454504834549427, 'renda': 1.4809855648137096, 'densidade': 8.324841166331534, 'n_concorrentes': 3.125845767703498, 'n_clinicas_sem_loja': 2.887617822435392}
2026-08-10 22:51:48,865 | fase6_calibracao | WARNING | regressão fraca demais para usar como peso (n=159 < 25 ou R²=0.086 < 0.25) — caindo pro método de quartis
2026-08-10 22:51:48,869 | fase6_calibracao | INFO | método de quartis: 40 no quartil superior, 40 no inferior
2026-08-10 22:51:48,872 | fase6_calibracao | INFO | gravado: C:\projetos\novo_ponto\data\processed\pesos.json — método=quartis confiança=baixa
2026-08-10 22:51:48,872 | fase6_calibracao | INFO | pesos dos eixos finais: {'demanda_estimada': 0.352, 'saturacao': 0.298, 'oferta_imovel': 0.2, 'acesso': 0.15}
2026-08-10 22:51:48,872 | fase6_calibracao | INFO | RESUMO — entrada=159 saida=159 descartados=0
2026-08-10 22:54:49,727 | fase7_score | INFO | === Fase 7: score e filtros ===
2026-08-10 22:54:51,551 | fase7_score | WARNING | nenhum dado de aluguel em data/manual/imoveis.csv ainda — custo_fixo usa só o custo fixo extra (piso), sem o aluguel; rode a Fase 8 depois de preencher o CSV e recalcule
2026-08-10 22:54:51,599 | fase7_score | INFO | teste absoluto: 300 passaram, 0 reprovados; dedup geográfica: 288 duplicatas suprimidas
2026-08-10 22:54:51,599 | fase7_score | INFO | ACEITE — Top 10 completo com 10 candidatos aprovados
2026-08-10 22:54:51,600 | fase7_score | INFO | ACEITE — nenhum candidato do Top 10 a menos de 1500m de rede
2026-08-10 22:54:51,605 | fase7_score | INFO | gravado: C:\projetos\novo_ponto\output\top10.csv (10 linhas)
2026-08-10 22:55:41,628 | fase7_score | INFO | === Fase 7: score e filtros ===
2026-08-10 22:55:44,630 | fase7_score | WARNING | nenhum dado de aluguel em data/manual/imoveis.csv ainda — custo_fixo usa só o custo fixo extra (piso), sem o aluguel; rode a Fase 8 depois de preencher o CSV e recalcule
2026-08-10 22:55:44,795 | fase7_score | INFO | teste absoluto: 300 passaram, 0 reprovados; dedup geográfica: 288 duplicatas suprimidas
2026-08-10 22:55:44,797 | fase7_score | INFO | ACEITE — Top 10 completo com 10 candidatos aprovados
2026-08-10 22:55:44,798 | fase7_score | INFO | ACEITE — nenhum candidato do Top 10 a menos de 1500m de rede
2026-08-10 22:55:44,808 | fase7_score | INFO | gravado: C:\projetos\novo_ponto\output\top10.csv (10 linhas)
2026-08-10 22:55:45,902 | fase7_score | INFO | gravado: C:\projetos\novo_ponto\data\processed\ranking_completo.parquet (300 linhas, todos os candidatos)
2026-08-10 22:55:45,903 | fase7_score | INFO | RESUMO — entrada=300 saida=10 descartados=290 motivo='reprovados no teste absoluto, duplicata geográfica <800m, ou fora do top 10 por score'
2026-08-10 22:57:25,936 | fase8_manuais | INFO | === Fase 8: entradas manuais ===
2026-08-10 22:57:27,323 | fase8_manuais | INFO | imoveis.csv existe mas está vazio (só cabeçalho) — pendente de preenchimento manual
2026-08-10 22:57:27,324 | fase8_manuais | INFO | ifood.csv existe mas está vazio (só cabeçalho) — pendente de preenchimento manual
2026-08-10 22:57:27,325 | fase8_manuais | INFO | meta_publico.csv existe mas está vazio (só cabeçalho) — pendente de preenchimento manual
2026-08-10 22:57:27,325 | fase8_manuais | INFO | google_buscas.csv existe mas está vazio (só cabeçalho) — pendente de preenchimento manual
2026-08-10 22:57:27,327 | fase8_manuais | INFO | campo_fluxo.csv existe mas está vazio (só cabeçalho) — pendente de preenchimento manual
2026-08-10 22:57:27,328 | fase8_manuais | INFO | cliente_oculto.csv existe mas está vazio (só cabeçalho) — pendente de preenchimento manual
2026-08-10 22:57:27,329 | fase8_manuais | INFO | geoteste.csv existe mas está vazio (só cabeçalho) — pendente de preenchimento manual
2026-08-10 22:57:27,330 | fase8_manuais | INFO | marcas_carteira.csv existe mas está vazio (só cabeçalho) — pendente de preenchimento manual
2026-08-10 22:57:27,331 | fase8_manuais | INFO | imoveis.csv existe mas está vazio (só cabeçalho) — pendente de preenchimento manual
2026-08-10 22:57:27,332 | fase8_manuais | INFO | meta_publico.csv existe mas está vazio (só cabeçalho) — pendente de preenchimento manual
2026-08-10 22:57:27,333 | fase8_manuais | INFO | google_buscas.csv existe mas está vazio (só cabeçalho) — pendente de preenchimento manual
2026-08-10 22:57:27,334 | fase8_manuais | INFO | campo_fluxo.csv existe mas está vazio (só cabeçalho) — pendente de preenchimento manual
2026-08-10 22:57:27,338 | fase8_manuais | INFO | geoteste.csv existe mas está vazio (só cabeçalho) — pendente de preenchimento manual
2026-08-10 22:57:27,341 | fase8_manuais | INFO | marcas_carteira.csv existe mas está vazio (só cabeçalho) — pendente de preenchimento manual
2026-08-10 22:57:27,349 | fase8_manuais | INFO | gravado (enriquecido): C:\projetos\novo_ponto\data\processed\ranking_completo.parquet
2026-08-10 22:57:27,351 | fase8_manuais | INFO | gravado (enriquecido): C:\projetos\novo_ponto\output\top10.csv
2026-08-10 22:57:27,351 | fase8_manuais | INFO | gravado: C:\projetos\novo_ponto\data\processed\limitacoes_fase8.txt (8 entrada(s) manual(is) pendente(s))
2026-08-10 22:57:27,351 | fase8_manuais | INFO | resumo: 0 preenchido(s) [], 8 pendente(s) ['imoveis.csv', 'ifood.csv', 'meta_publico.csv', 'google_buscas.csv', 'campo_fluxo.csv', 'cliente_oculto.csv', 'geoteste.csv', 'marcas_carteira.csv']
2026-08-10 22:57:27,351 | fase8_manuais | INFO | RESUMO — entrada=300 saida=300 descartados=0
2026-08-10 22:57:41,376 | fase8_manuais | INFO | === Fase 8: entradas manuais ===
2026-08-10 22:57:41,431 | fase8_manuais | INFO | imoveis.csv preenchido: 3 linha(s)
2026-08-10 22:57:41,435 | fase8_manuais | INFO | ifood.csv existe mas está vazio (só cabeçalho) — pendente de preenchimento manual
2026-08-10 22:57:41,437 | fase8_manuais | INFO | meta_publico.csv existe mas está vazio (só cabeçalho) — pendente de preenchimento manual
2026-08-10 22:57:41,440 | fase8_manuais | INFO | google_buscas.csv existe mas está vazio (só cabeçalho) — pendente de preenchimento manual
2026-08-10 22:57:41,441 | fase8_manuais | INFO | campo_fluxo.csv existe mas está vazio (só cabeçalho) — pendente de preenchimento manual
2026-08-10 22:57:41,443 | fase8_manuais | INFO | cliente_oculto.csv existe mas está vazio (só cabeçalho) — pendente de preenchimento manual
2026-08-10 22:57:41,444 | fase8_manuais | INFO | geoteste.csv preenchido: 3 linha(s)
2026-08-10 22:57:41,444 | fase8_manuais | INFO | marcas_carteira.csv existe mas está vazio (só cabeçalho) — pendente de preenchimento manual
2026-08-10 22:57:41,446 | fase8_manuais | INFO | imoveis.csv preenchido: 3 linha(s)
2026-08-10 22:57:41,470 | fase8_manuais | INFO | meta_publico.csv existe mas está vazio (só cabeçalho) — pendente de preenchimento manual
2026-08-10 22:57:41,471 | fase8_manuais | INFO | google_buscas.csv existe mas está vazio (só cabeçalho) — pendente de preenchimento manual
2026-08-10 22:57:41,473 | fase8_manuais | INFO | campo_fluxo.csv existe mas está vazio (só cabeçalho) — pendente de preenchimento manual
2026-08-10 22:57:41,474 | fase8_manuais | INFO | geoteste.csv preenchido: 3 linha(s)
2026-08-10 22:57:41,489 | fase8_manuais | INFO | marcas_carteira.csv existe mas está vazio (só cabeçalho) — pendente de preenchimento manual
2026-08-10 22:57:41,491 | fase8_manuais | INFO | geoteste.csv preenchido — Top 5 reordenado por custo por conversa (único dado medido, não estimado)
2026-08-10 22:57:41,505 | fase8_manuais | INFO | gravado (enriquecido): C:\projetos\novo_ponto\data\processed\ranking_completo.parquet
2026-08-10 22:57:41,507 | fase8_manuais | INFO | gravado (enriquecido): C:\projetos\novo_ponto\output\top10.csv
2026-08-10 22:57:41,508 | fase8_manuais | INFO | gravado: C:\projetos\novo_ponto\data\processed\limitacoes_fase8.txt (6 entrada(s) manual(is) pendente(s))
2026-08-10 22:57:41,508 | fase8_manuais | INFO | resumo: 2 preenchido(s) ['imoveis.csv', 'geoteste.csv'], 6 pendente(s) ['ifood.csv', 'meta_publico.csv', 'google_buscas.csv', 'campo_fluxo.csv', 'cliente_oculto.csv', 'marcas_carteira.csv']
2026-08-10 22:57:41,508 | fase8_manuais | INFO | RESUMO — entrada=300 saida=300 descartados=0
2026-08-10 22:58:26,218 | fase8_manuais | INFO | === Fase 8: entradas manuais ===
2026-08-10 22:58:26,262 | fase8_manuais | INFO | imoveis.csv preenchido: 3 linha(s)
2026-08-10 22:58:26,263 | fase8_manuais | INFO | ifood.csv existe mas está vazio (só cabeçalho) — pendente de preenchimento manual
2026-08-10 22:58:26,263 | fase8_manuais | INFO | meta_publico.csv existe mas está vazio (só cabeçalho) — pendente de preenchimento manual
2026-08-10 22:58:26,264 | fase8_manuais | INFO | google_buscas.csv existe mas está vazio (só cabeçalho) — pendente de preenchimento manual
2026-08-10 22:58:26,265 | fase8_manuais | INFO | campo_fluxo.csv existe mas está vazio (só cabeçalho) — pendente de preenchimento manual
2026-08-10 22:58:26,267 | fase8_manuais | INFO | cliente_oculto.csv existe mas está vazio (só cabeçalho) — pendente de preenchimento manual
2026-08-10 22:58:26,269 | fase8_manuais | INFO | geoteste.csv preenchido: 3 linha(s)
2026-08-10 22:58:26,272 | fase8_manuais | INFO | marcas_carteira.csv existe mas está vazio (só cabeçalho) — pendente de preenchimento manual
2026-08-10 22:58:26,274 | fase8_manuais | INFO | imoveis.csv preenchido: 3 linha(s)
2026-08-10 22:58:26,287 | fase8_manuais | INFO | meta_publico.csv existe mas está vazio (só cabeçalho) — pendente de preenchimento manual
2026-08-10 22:58:26,288 | fase8_manuais | INFO | google_buscas.csv existe mas está vazio (só cabeçalho) — pendente de preenchimento manual
2026-08-10 22:58:26,289 | fase8_manuais | INFO | campo_fluxo.csv existe mas está vazio (só cabeçalho) — pendente de preenchimento manual
2026-08-10 22:58:26,291 | fase8_manuais | INFO | geoteste.csv preenchido: 3 linha(s)
2026-08-10 22:58:26,297 | fase8_manuais | INFO | marcas_carteira.csv existe mas está vazio (só cabeçalho) — pendente de preenchimento manual
2026-08-10 22:58:26,324 | fase8_manuais | INFO | geoteste.csv preenchido — Top 5 reordenado por custo por conversa (único dado medido, não estimado)
2026-08-10 22:58:26,329 | fase8_manuais | INFO | gravado (enriquecido): C:\projetos\novo_ponto\data\processed\ranking_completo.parquet
2026-08-10 22:58:26,331 | fase8_manuais | INFO | gravado (enriquecido): C:\projetos\novo_ponto\output\top10.csv
2026-08-10 22:58:26,332 | fase8_manuais | INFO | gravado: C:\projetos\novo_ponto\data\processed\limitacoes_fase8.txt (6 entrada(s) manual(is) pendente(s))
2026-08-10 22:58:26,332 | fase8_manuais | INFO | resumo: 2 preenchido(s) ['imoveis.csv', 'geoteste.csv'], 6 pendente(s) ['ifood.csv', 'meta_publico.csv', 'google_buscas.csv', 'campo_fluxo.csv', 'cliente_oculto.csv', 'marcas_carteira.csv']
2026-08-10 22:58:26,332 | fase8_manuais | INFO | RESUMO — entrada=300 saida=300 descartados=0
2026-08-10 22:58:39,153 | fase8_manuais | INFO | === Fase 8: entradas manuais ===
2026-08-10 22:58:39,194 | fase8_manuais | INFO | imoveis.csv existe mas está vazio (só cabeçalho) — pendente de preenchimento manual
2026-08-10 22:58:39,194 | fase8_manuais | INFO | ifood.csv existe mas está vazio (só cabeçalho) — pendente de preenchimento manual
2026-08-10 22:58:39,196 | fase8_manuais | INFO | meta_publico.csv existe mas está vazio (só cabeçalho) — pendente de preenchimento manual
2026-08-10 22:58:39,197 | fase8_manuais | INFO | google_buscas.csv existe mas está vazio (só cabeçalho) — pendente de preenchimento manual
2026-08-10 22:58:39,199 | fase8_manuais | INFO | campo_fluxo.csv existe mas está vazio (só cabeçalho) — pendente de preenchimento manual
2026-08-10 22:58:39,201 | fase8_manuais | INFO | cliente_oculto.csv existe mas está vazio (só cabeçalho) — pendente de preenchimento manual
2026-08-10 22:58:39,202 | fase8_manuais | INFO | geoteste.csv existe mas está vazio (só cabeçalho) — pendente de preenchimento manual
2026-08-10 22:58:39,204 | fase8_manuais | INFO | marcas_carteira.csv existe mas está vazio (só cabeçalho) — pendente de preenchimento manual
2026-08-10 22:58:39,206 | fase8_manuais | INFO | imoveis.csv existe mas está vazio (só cabeçalho) — pendente de preenchimento manual
2026-08-10 22:58:39,208 | fase8_manuais | INFO | meta_publico.csv existe mas está vazio (só cabeçalho) — pendente de preenchimento manual
2026-08-10 22:58:39,209 | fase8_manuais | INFO | google_buscas.csv existe mas está vazio (só cabeçalho) — pendente de preenchimento manual
2026-08-10 22:58:39,210 | fase8_manuais | INFO | campo_fluxo.csv existe mas está vazio (só cabeçalho) — pendente de preenchimento manual
2026-08-10 22:58:39,211 | fase8_manuais | INFO | geoteste.csv existe mas está vazio (só cabeçalho) — pendente de preenchimento manual
2026-08-10 22:58:39,211 | fase8_manuais | INFO | marcas_carteira.csv existe mas está vazio (só cabeçalho) — pendente de preenchimento manual
2026-08-10 22:58:39,221 | fase8_manuais | INFO | gravado (enriquecido): C:\projetos\novo_ponto\data\processed\ranking_completo.parquet
2026-08-10 22:58:39,223 | fase8_manuais | INFO | gravado (enriquecido): C:\projetos\novo_ponto\output\top10.csv
2026-08-10 22:58:39,224 | fase8_manuais | INFO | gravado: C:\projetos\novo_ponto\data\processed\limitacoes_fase8.txt (8 entrada(s) manual(is) pendente(s))
2026-08-10 22:58:39,224 | fase8_manuais | INFO | resumo: 0 preenchido(s) [], 8 pendente(s) ['imoveis.csv', 'ifood.csv', 'meta_publico.csv', 'google_buscas.csv', 'campo_fluxo.csv', 'cliente_oculto.csv', 'geoteste.csv', 'marcas_carteira.csv']
2026-08-10 22:58:39,224 | fase8_manuais | INFO | RESUMO — entrada=300 saida=300 descartados=0
2026-08-10 23:02:20,240 | fase9_relatorio | INFO | === Fase 9: relatório HTML ===
2026-08-10 23:02:50,167 | fase9_relatorio | INFO | === Fase 9: relatório HTML ===
2026-08-10 23:02:52,239 | fase9_relatorio | INFO | gravado: C:\projetos\novo_ponto\output\mapa.html
2026-08-10 23:02:54,865 | fase9_relatorio | INFO | fichas individuais geradas: 10
2026-08-10 23:02:54,904 | fase9_relatorio | INFO | gravado: C:\projetos\novo_ponto\output\relatorio.html (3.5 MB)
2026-08-10 23:02:54,906 | fase9_relatorio | INFO | RESUMO — entrada=10 saida=10 descartados=0
2026-08-10 23:03:57,595 | fase9_relatorio | INFO | === Fase 9: relatório HTML ===
2026-08-10 23:04:00,042 | fase9_relatorio | INFO | gravado: C:\projetos\novo_ponto\output\mapa.html
2026-08-10 23:04:02,507 | fase9_relatorio | INFO | fichas individuais geradas: 10
2026-08-10 23:04:02,618 | fase9_relatorio | INFO | gravado: C:\projetos\novo_ponto\output\relatorio.html (4.1 MB)
2026-08-10 23:04:02,618 | fase9_relatorio | INFO | RESUMO — entrada=10 saida=10 descartados=0
2026-08-10 23:06:08,697 | fase9_relatorio | INFO | === Fase 9: relatório HTML ===
2026-08-10 23:06:20,378 | fase9_relatorio | INFO | gravado: C:\projetos\novo_ponto\output\mapa.html (recursos externos inlinados — funciona sem internet)
2026-08-10 23:06:21,500 | fase9_relatorio | INFO | fichas individuais geradas: 10
2026-08-10 23:06:21,722 | fase9_relatorio | INFO | gravado: C:\projetos\novo_ponto\output\relatorio.html (12.5 MB)
2026-08-10 23:06:21,724 | fase9_relatorio | INFO | RESUMO — entrada=10 saida=10 descartados=0
2026-08-10 23:11:25,161 | fase9_relatorio | INFO | === Fase 9: relatório HTML ===
2026-08-10 23:11:27,535 | fase9_relatorio | INFO | gravado: C:\projetos\novo_ponto\output\mapa.html (recursos externos inlinados — funciona sem internet)
2026-08-10 23:11:28,640 | fase9_relatorio | INFO | fichas individuais geradas: 10
2026-08-10 23:11:28,819 | fase9_relatorio | INFO | gravado: C:\projetos\novo_ponto\output\relatorio.html (12.5 MB)
2026-08-10 23:11:28,819 | fase9_relatorio | INFO | RESUMO — entrada=10 saida=10 descartados=0
2026-08-10 23:12:29,211 | fase9_relatorio | INFO | === Fase 9: relatório HTML ===
2026-08-10 23:12:31,539 | fase9_relatorio | INFO | gravado: C:\projetos\novo_ponto\output\mapa.html (recursos externos inlinados — funciona sem internet)
2026-08-10 23:12:32,709 | fase9_relatorio | INFO | fichas individuais geradas: 10
2026-08-10 23:12:32,904 | fase9_relatorio | INFO | gravado: C:\projetos\novo_ponto\output\relatorio.html (12.5 MB)
2026-08-10 23:12:32,904 | fase9_relatorio | INFO | RESUMO — entrada=10 saida=10 descartados=0
2026-08-10 23:14:07,955 | fase9_relatorio | INFO | === Fase 9: relatório HTML ===
2026-08-10 23:14:10,386 | fase9_relatorio | INFO | gravado: C:\projetos\novo_ponto\output\mapa.html (recursos externos inlinados — funciona sem internet)
2026-08-10 23:14:11,523 | fase9_relatorio | INFO | fichas individuais geradas: 10
2026-08-10 23:14:11,711 | fase9_relatorio | INFO | gravado: C:\projetos\novo_ponto\output\relatorio.html (12.5 MB)
2026-08-10 23:14:11,711 | fase9_relatorio | INFO | RESUMO — entrada=10 saida=10 descartados=0
2026-08-10 23:16:37,428 | fase9_relatorio | INFO | === Fase 9: relatório HTML ===
2026-08-10 23:16:39,801 | fase9_relatorio | INFO | gravado: C:\projetos\novo_ponto\output\mapa.html (recursos externos inlinados — funciona sem internet)
2026-08-10 23:16:40,708 | fase9_relatorio | INFO | fichas individuais geradas: 10
2026-08-10 23:16:40,821 | fase9_relatorio | INFO | gravado: C:\projetos\novo_ponto\output\relatorio.html (6.0 MB)
2026-08-10 23:16:40,822 | fase9_relatorio | INFO | RESUMO — entrada=10 saida=10 descartados=0
2026-08-10 23:17:14,872 | fase9_relatorio | INFO | === Fase 9: relatório HTML ===
2026-08-10 23:17:17,179 | fase9_relatorio | INFO | gravado: C:\projetos\novo_ponto\output\mapa.html (recursos externos inlinados — funciona sem internet)
2026-08-10 23:17:18,037 | fase9_relatorio | INFO | fichas individuais geradas: 10
2026-08-10 23:17:18,174 | fase9_relatorio | INFO | gravado: C:\projetos\novo_ponto\output\relatorio.html (7.4 MB)
2026-08-10 23:17:18,174 | fase9_relatorio | INFO | RESUMO — entrada=10 saida=10 descartados=0
2026-08-10 23:18:41,151 | fase9_relatorio | INFO | === Fase 9: relatório HTML ===
2026-08-10 23:18:43,599 | fase9_relatorio | INFO | gravado: C:\projetos\novo_ponto\output\mapa.html (recursos externos inlinados — funciona sem internet)
2026-08-10 23:18:44,615 | fase9_relatorio | INFO | fichas individuais geradas: 10
2026-08-10 23:18:44,748 | fase9_relatorio | INFO | gravado: C:\projetos\novo_ponto\output\relatorio.html (7.4 MB)
2026-08-10 23:18:44,748 | fase9_relatorio | INFO | RESUMO — entrada=10 saida=10 descartados=0
2026-08-10 23:19:46,431 | fase9_relatorio | INFO | === Fase 9: relatório HTML ===
2026-08-10 23:19:49,726 | fase9_relatorio | INFO | gravado: C:\projetos\novo_ponto\output\mapa.html (recursos externos inlinados — funciona sem internet)
2026-08-10 23:19:50,636 | fase9_relatorio | INFO | fichas individuais geradas: 10
2026-08-10 23:19:50,778 | fase9_relatorio | INFO | gravado: C:\projetos\novo_ponto\output\relatorio.html (7.4 MB)
2026-08-10 23:19:50,778 | fase9_relatorio | INFO | RESUMO — entrada=10 saida=10 descartados=0
2026-08-10 23:21:12,122 | fase1_ibge | INFO | === Fase 1: base demográfica IBGE — município 3170206 ===
2026-08-10 23:21:14,574 | fase1_ibge | INFO | URL mais recente para basico: https://ftp.ibge.gov.br/Censos/Censo_Demografico_2022/Agregados_por_Setores_Censitarios/Agregados_por_Setor_csv/Agregados_por_setores_basico_BR_20260520.zip
2026-08-10 23:21:14,575 | fase1_ibge | INFO | URL mais recente para domicilio1: https://ftp.ibge.gov.br/Censos/Censo_Demografico_2022/Agregados_por_Setores_Censitarios/Agregados_por_Setor_csv/Agregados_por_setores_caracteristicas_domicilio1_BR.zip
2026-08-10 23:21:14,575 | fase1_ibge | INFO | URL mais recente para demografia: https://ftp.ibge.gov.br/Censos/Censo_Demografico_2022/Agregados_por_Setores_Censitarios/Agregados_por_Setor_csv/Agregados_por_setores_demografia_BR.zip
2026-08-10 23:21:14,594 | fase1_ibge | INFO | URL mais recente para dicionario: https://ftp.ibge.gov.br/Censos/Censo_Demografico_2022/Agregados_por_Setores_Censitarios/dicionario_de_dados_agregados_por_setores_censitarios_20260520.xlsx
2026-08-10 23:21:14,595 | fase1_ibge | INFO | URL mais recente para malha: https://ftp.ibge.gov.br/Censos/Censo_Demografico_2022/Agregados_por_Setores_Censitarios/malha_com_atributos/setores/gpkg/UF/MG/MG_setores_CD2022.gpkg
2026-08-10 23:21:14,595 | fase1_ibge | INFO | URL mais recente para renda_zip: https://ftp.ibge.gov.br/Censos/Censo_Demografico_2022/Agregados_por_Setores_Censitarios_Rendimento_do_Responsavel/Agregados_por_setores_renda_responsavel_BR_20260508_xlsx.zip
2026-08-10 23:21:14,595 | fase1_ibge | INFO | URL mais recente para renda_dicionario: https://ftp.ibge.gov.br/Censos/Censo_Demografico_2022/Agregados_por_Setores_Censitarios_Rendimento_do_Responsavel/dicionario_de_dados_renda_responsavel_20260508.xlsx
2026-08-10 23:21:14,599 | fase1_ibge | INFO | cache hit, não baixa de novo: C:\projetos\novo_ponto\data\raw\ibge\Agregados_por_setores_basico_BR_20260520.zip
2026-08-10 23:21:14,600 | fase1_ibge | INFO | cache hit, não baixa de novo: C:\projetos\novo_ponto\data\raw\ibge\Agregados_por_setores_caracteristicas_domicilio1_BR.zip
2026-08-10 23:21:14,601 | fase1_ibge | INFO | cache hit, não baixa de novo: C:\projetos\novo_ponto\data\raw\ibge\Agregados_por_setores_demografia_BR.zip
2026-08-10 23:21:14,602 | fase1_ibge | INFO | cache hit, não baixa de novo: C:\projetos\novo_ponto\data\raw\ibge\dicionario_de_dados_agregados_por_setores_censitarios_20260520.xlsx
2026-08-10 23:21:14,604 | fase1_ibge | INFO | cache hit, não baixa de novo: C:\projetos\novo_ponto\data\raw\ibge\MG_setores_CD2022.gpkg
2026-08-10 23:21:14,607 | fase1_ibge | INFO | cache hit, não baixa de novo: C:\projetos\novo_ponto\data\raw\ibge\Agregados_por_setores_renda_responsavel_BR_20260508_xlsx.zip
2026-08-10 23:21:14,608 | fase1_ibge | INFO | cache hit, não baixa de novo: C:\projetos\novo_ponto\data\raw\ibge\dicionario_de_dados_renda_responsavel_20260508.xlsx
2026-08-10 23:21:14,608 | fase1_ibge | INFO | markitdown já convertido, pulando: C:\projetos\novo_ponto\data\interim\md\dicionario_de_dados_agregados_por_setores_censitarios_20260520.xlsx.md
2026-08-10 23:21:14,608 | fase1_ibge | INFO | markitdown já convertido, pulando: C:\projetos\novo_ponto\data\interim\md\dicionario_de_dados_renda_responsavel_20260508.xlsx.md
2026-08-10 23:21:14,610 | fase1_ibge | INFO | lendo malha geográfica de MG (pode demorar, é um gpkg grande)
2026-08-10 23:21:20,753 | fase1_ibge | INFO | malha: 51392 setores em MG, 1988 em Uberlândia (CD_MUN=3170206)
2026-08-10 23:21:20,754 | fase1_ibge | INFO | já extraído, pulando: Agregados_por_setores_basico_BR_20260520.zip
2026-08-10 23:21:20,757 | fase1_ibge | INFO | já extraído, pulando: Agregados_por_setores_caracteristicas_domicilio1_BR.zip
2026-08-10 23:21:20,757 | fase1_ibge | INFO | já extraído, pulando: Agregados_por_setores_demografia_BR.zip
2026-08-10 23:21:20,758 | fase1_ibge | INFO | já extraído, pulando: Agregados_por_setores_renda_responsavel_BR_20260508_xlsx.zip
2026-08-10 23:21:21,211 | fase1_ibge | INFO | Agregados_por_setores_basico_BR.csv: chardet sugeriu ISO-8859-1 (confiança=0.006); usando cp1252
2026-08-10 23:21:21,232 | fase1_ibge | INFO | Agregados_por_setores_basico_BR.csv: separador decimal detectado=',' (amostra: vírgula=5194 ponto=0)
2026-08-10 23:21:31,888 | fase1_ibge | INFO | Agregados_por_setores_caracteristicas_domicilio1_BR.csv: chardet sugeriu ascii (confiança=1.000); usando cp1252
2026-08-10 23:21:31,917 | fase1_ibge | INFO | Agregados_por_setores_caracteristicas_domicilio1_BR.csv: separador decimal detectado='.' (amostra: vírgula=0 ponto=0)
2026-08-10 23:21:50,680 | fase1_ibge | INFO | Agregados_por_setores_demografia_BR.csv: chardet sugeriu ascii (confiança=1.000); usando cp1252
2026-08-10 23:21:50,707 | fase1_ibge | INFO | Agregados_por_setores_demografia_BR.csv: separador decimal detectado='.' (amostra: vírgula=0 ponto=0)
2026-08-10 23:21:59,321 | fase1_ibge | INFO | Agregados_por_setores_renda_responsavel_BR.csv: chardet sugeriu ascii (confiança=1.000); usando cp1252
2026-08-10 23:21:59,355 | fase1_ibge | INFO | Agregados_por_setores_renda_responsavel_BR.csv: separador decimal detectado='.' (amostra: vírgula=0 ponto=20283)
2026-08-10 23:22:02,335 | fase1_ibge | INFO | linhas filtradas para Uberlândia: básico=1988 domicilio1=1924 demografia=1924 renda=1924
2026-08-10 23:22:02,572 | fase1_ibge | INFO | merge com básico: 1988->1988 linhas, 0 setores sem correspondência nessa tabela
2026-08-10 23:22:02,585 | fase1_ibge | INFO | merge com domicilio1: 1988->1988 linhas, 90 setores sem correspondência nessa tabela
2026-08-10 23:22:02,600 | fase1_ibge | INFO | merge com demografia: 1988->1988 linhas, 90 setores sem correspondência nessa tabela
2026-08-10 23:22:02,614 | fase1_ibge | INFO | merge com renda: 1988->1988 linhas, 90 setores sem correspondência nessa tabela
2026-08-10 23:22:02,659 | fase1_ibge | INFO | reprojetado de EPSG:4674 para EPSG:31982 (spec: sempre métrico antes de cálculo de distância/área)
2026-08-10 23:22:02,660 | fase1_ibge | INFO | ACEITE — todos os critérios da Fase 1 passaram (n_setores=1988, soma_domicilios=267966)
2026-08-10 23:22:02,881 | fase1_ibge | INFO | gravado: C:\projetos\novo_ponto\data\processed\setores.gpkg
2026-08-10 23:22:02,881 | fase1_ibge | INFO | RESUMO — entrada=1988 saida=1988 descartados=0 motivo='setores fora de Uberlândia (filtro CD_MUN) já removidos na malha de origem'
2026-08-10 23:22:04,434 | fase2_concorrentes | INFO | === Fase 2: concorrência ===
2026-08-10 23:22:04,434 | fase2_concorrentes | INFO | cache hit Overpass: C:\projetos\novo_ponto\data\raw\osm\overpass_concorrentes.json
2026-08-10 23:22:04,462 | fase2_concorrentes | INFO | OSM: 36 concorrentes brutos coletados
2026-08-10 23:22:04,830 | fase2_concorrentes | INFO | grade urbana: 25 células (espaçamento=4500m, raio=3200m)
2026-08-10 23:22:23,654 | fase2_concorrentes | WARNING | célula (-18.9310,-48.1804) termo='clínica veterinária' esgotou tentativas (falha persistente cacheada de execução anterior) — pulando só esta
2026-08-10 23:22:24,676 | fase2_concorrentes | WARNING | célula (-18.9310,-48.1804) termo='banho e tosa' esgotou tentativas (falha persistente cacheada de execução anterior) — pulando só esta
2026-08-10 23:22:25,679 | fase2_concorrentes | WARNING | célula (-18.8904,-48.1811) termo='pet shop' esgotou tentativas (falha persistente cacheada de execução anterior) — pulando só esta
2026-08-10 23:22:26,683 | fase2_concorrentes | WARNING | célula (-18.8904,-48.1811) termo='agropecuária' esgotou tentativas (falha persistente cacheada de execução anterior) — pulando só esta
2026-08-10 23:22:27,684 | fase2_concorrentes | WARNING | célula (-18.8904,-48.1811) termo='casa de ração' esgotou tentativas (falha persistente cacheada de execução anterior) — pulando só esta
2026-08-10 23:22:28,686 | fase2_concorrentes | WARNING | célula (-18.8904,-48.1811) termo='clínica veterinária' esgotou tentativas (falha persistente cacheada de execução anterior) — pulando só esta
2026-08-10 23:22:29,688 | fase2_concorrentes | WARNING | célula (-18.8904,-48.1811) termo='banho e tosa' esgotou tentativas (falha persistente cacheada de execução anterior) — pulando só esta
2026-08-10 23:22:30,690 | fase2_concorrentes | WARNING | célula (-19.1300,-47.9206) termo='pet shop' esgotou tentativas (falha persistente cacheada de execução anterior) — pulando só esta
2026-08-10 23:22:31,692 | fase2_concorrentes | WARNING | célula (-19.1300,-47.9206) termo='agropecuária' esgotou tentativas (falha persistente cacheada de execução anterior) — pulando só esta
2026-08-10 23:22:32,694 | fase2_concorrentes | WARNING | célula (-19.1300,-47.9206) termo='casa de ração' esgotou tentativas (falha persistente cacheada de execução anterior) — pulando só esta
2026-08-10 23:22:33,697 | fase2_concorrentes | WARNING | célula (-19.1300,-47.9206) termo='clínica veterinária' esgotou tentativas (falha persistente cacheada de execução anterior) — pulando só esta
2026-08-10 23:22:34,698 | fase2_concorrentes | WARNING | célula (-19.1300,-47.9206) termo='banho e tosa' esgotou tentativas (falha persistente cacheada de execução anterior) — pulando só esta
2026-08-10 23:22:35,718 | fase2_concorrentes | INFO | Google Places: 113 células x termo consultadas (com cache), 12 puladas por falha persistente, 2260 resultados brutos
2026-08-10 23:22:35,729 | fase2_concorrentes | INFO | Google Places: dedup por place_id 2260 -> 274
2026-08-10 23:22:36,890 | fase2_concorrentes | INFO | dedup espacial (<30m + nome similar): 310 -> 305
2026-08-10 23:22:36,898 | fase2_concorrentes | INFO | redes conhecidas geocodificadas: 3/3
2026-08-10 23:22:36,966 | fase2_concorrentes | INFO | rede 'Petz Rondon Pacheco' resolvida para 'Petz Uberlândia' (fonte=google, casado por texto do endereço); 0 duplicata(s) da mesma loja removida(s)
2026-08-10 23:22:36,985 | fase2_concorrentes | INFO | rede 'Petz Center Shopping' resolvida para 'Petz Center Shopping' (fonte=google, casado por texto do endereço); 0 duplicata(s) da mesma loja removida(s)
2026-08-10 23:22:37,001 | fase2_concorrentes | INFO | rede 'Cobasi Rondon Pacheco' resolvida para 'Cobasi Uberlândia' (fonte=google, casado por texto do endereço); 0 duplicata(s) da mesma loja removida(s)
2026-08-10 23:22:37,024 | fase2_concorrentes | INFO | contagem por tipo: {'pet_shop': 178, 'veterinaria': 74, 'agropecuaria': 50, 'rede': 3}
2026-08-10 23:22:37,025 | fase2_concorrentes | INFO | ACEITE — as 3 redes conhecidas estão presentes
2026-08-10 23:22:37,124 | fase2_concorrentes | INFO | gravado: C:\projetos\novo_ponto\data\processed\concorrentes.gpkg
2026-08-10 23:22:37,124 | fase2_concorrentes | INFO | RESUMO — entrada=310 saida=305 descartados=5 motivo='fora do polígono municipal e/ou duplicata (proximidade+nome)'
2026-08-10 23:22:38,586 | fase3_vias_zoneamento | INFO | === Fase 3: vias e zoneamento ===
2026-08-10 23:22:38,587 | fase3_vias_zoneamento | INFO | cache hit Overpass (vias): C:\projetos\novo_ponto\data\raw\osm\overpass_vias.json
2026-08-10 23:22:39,221 | fase3_vias_zoneamento | INFO | malha viária: 12686 segmentos coletados
2026-08-10 23:22:39,224 | fase3_vias_zoneamento | INFO | contagem por classe de via: {'residential': 9562, 'tertiary': 1848, 'secondary': 843, 'primary': 433}
2026-08-10 23:22:39,563 | fase3_vias_zoneamento | INFO | gravado: C:\projetos\novo_ponto\data\processed\vias.gpkg
2026-08-10 23:22:40,101 | fase3_vias_zoneamento | WARNING | https://www.uberlandia.mg.gov.br/portal-da-transparencia/dados-abertos/catalogo-de-dados-abertos/ respondeu HTTP 403 — não deu pra checar vetorial nessa página
2026-08-10 23:22:40,536 | fase3_vias_zoneamento | WARNING | https://www.uberlandia.mg.gov.br/prefeitura/secretarias/planejamento-urbano/mapas-e-bairros/ respondeu HTTP 403 — não deu pra checar vetorial nessa página
2026-08-10 23:22:40,539 | fase3_vias_zoneamento | INFO | cache hit, não baixa de novo: C:\projetos\novo_ponto\data\raw\zoneamento\Mapa-Zoneamento-e-Ocupacao-do-Solo-%E2%80%93-Lei-8122_026-e-suas-alteracoes.pdf
2026-08-10 23:22:40,540 | fase3_vias_zoneamento | INFO | mapa de zoneamento baixado: C:\projetos\novo_ponto\data\raw\zoneamento\Mapa-Zoneamento-e-Ocupacao-do-Solo-%E2%80%93-Lei-8122_026-e-suas-alteracoes.pdf (2026-02 (Lei 8122/026 e alterações — vigente))
2026-08-10 23:22:40,540 | fase3_vias_zoneamento | INFO | markitdown já convertido, pulando: C:\projetos\novo_ponto\data\interim\md\Mapa-Zoneamento-e-Ocupacao-do-Solo-%E2%80%93-Lei-8122_026-e-suas-alteracoes.pdf.md
2026-08-10 23:22:40,598 | fase3_vias_zoneamento | INFO | legenda de zonas extraída do PDF: 25 zonas identificadas
2026-08-10 23:22:40,607 | fase3_vias_zoneamento | INFO | gravado: C:\projetos\novo_ponto\data\processed\zonas_permitidas.csv (25 linhas)
2026-08-10 23:22:47,814 | fase3_vias_zoneamento | INFO | perímetro urbano: área setores-Urbana=241.7 km², área c/ vias=1107.3 km², combinado=1106.2 km² (município=4120.0 km²)
2026-08-10 23:22:47,971 | fase3_vias_zoneamento | INFO | gravado: C:\projetos\novo_ponto\data\processed\perimetro_urbano.gpkg
2026-08-10 23:22:47,974 | fase3_vias_zoneamento | INFO | gravado: C:\projetos\novo_ponto\data\processed\limitacoes_fase3.txt (2 limitação(ões) registrada(s), vão para a seção Limitações do relatório)
2026-08-10 23:22:47,974 | fase3_vias_zoneamento | WARNING | LIMITAÇÃO — As páginas de dados abertos / Mapas e Bairros da Prefeitura de Uberlândia retornaram erro (bloqueio de acesso automatizado) durante a coleta — não foi possível confirmar programaticamente se existe camada vetorial de zoneamento. Usado o mapa em PDF como Plano B, conforme previsto na spec.
2026-08-10 23:22:47,974 | fase3_vias_zoneamento | WARNING | LIMITAÇÃO — Zoneamento: 25 zonas identificadas pelo nome/código a partir do mapa em PDF (Mapa-Zoneamento-e-Ocupacao-do-Solo-%E2%80%93-Lei-8122_026-e-suas-alteracoes.pdf), mas a tabela de USOS PERMITIDOS por zona não pôde ser extraída automaticamente (está na Lei Complementar 812/2026, cujo texto integral não foi acessível pelas fontes públicas tentadas — leismunicipais.com.br e leis.org bloquearam o acesso automatizado). Compatibilidade de zoneamento por candidato fica como verificação manual obrigatória antes de assinar contrato.
2026-08-10 23:22:47,974 | fase3_vias_zoneamento | INFO | RESUMO — entrada=12686 saida=12686 descartados=0
2026-08-10 23:22:49,316 | fase4_candidatos | INFO | === Fase 4: geração de candidatos ===
2026-08-10 23:22:49,538 | fase4_candidatos | INFO | vias de classe candidata (secondary/tertiary/residential): 12253 de 12686
2026-08-10 23:22:51,180 | fase4_candidatos | INFO | vias dentro do perímetro urbano: 12248
2026-08-10 23:22:52,872 | fase4_candidatos | INFO | vias de maior conectividade (grau >= mediana=2): 7728 de 12248
2026-08-10 23:22:53,799 | fase4_candidatos | INFO | pontos gerados a cada 400m ao longo das vias selecionadas: 12234 (após remover coincidentes)
2026-08-10 23:22:53,824 | fase4_candidatos | INFO | filtro rede (>=1500m): 12234 -> 11065
2026-08-10 23:22:55,129 | fase4_candidatos | INFO | filtro setor (domicílios>0 e renda>=2000 ou desconhecida): 11065 -> 8443
2026-08-10 23:23:27,552 | fase4_candidatos | INFO | ACEITE — 300 candidatos em 14 bairros distintos (mínimo 150/>8)
2026-08-10 23:23:27,688 | fase4_candidatos | INFO | gravado: C:\projetos\novo_ponto\data\processed\candidatos.gpkg
2026-08-10 23:23:27,689 | fase4_candidatos | INFO | RESUMO — entrada=12234 saida=300 descartados=11934 motivo='fora do perímetro/baixa conectividade, perto de rede, setor sem domicílio/renda baixa, ou fora do top-N preliminar'
2026-08-10 23:23:29,051 | fase5_isocronas | INFO | === Fase 5: isócronas ===
2026-08-10 23:23:29,239 | fase5_isocronas | INFO | isócronas: 300 já em cache, 0 pendentes
2026-08-10 23:24:09,394 | fase5_isocronas | INFO | demanda calculada: 300/300 candidatos com isócrona completa (0 ainda sem)
2026-08-10 23:24:09,626 | fase5_isocronas | INFO | gravado: C:\projetos\novo_ponto\data\processed\candidatos_com_demanda.gpkg (camadas: candidatos_com_demanda, isocronas_10min)
2026-08-10 23:24:09,627 | fase5_isocronas | INFO | RESUMO — entrada=300 saida=300 descartados=0
2026-08-10 23:24:13,312 | fase6_calibracao | INFO | === Fase 6: calibração por análogos ===
2026-08-10 23:24:13,601 | fase6_calibracao | INFO | pet shops independentes com avaliações conhecidas: 159
2026-08-10 23:24:16,612 | fase6_calibracao | INFO | regressão OLS: n=159, R²=0.086, R² ajustado=0.050
2026-08-10 23:24:16,616 | fase6_calibracao | INFO |   domicilios: coef=0.00009 p=0.580
2026-08-10 23:24:16,617 | fase6_calibracao | INFO |   pct_apartamento: coef=-0.51260 p=0.500
2026-08-10 23:24:16,618 | fase6_calibracao | INFO |   renda: coef=0.00012 p=0.029
2026-08-10 23:24:16,618 | fase6_calibracao | INFO |   densidade: coef=0.00011 p=0.821
2026-08-10 23:24:16,621 | fase6_calibracao | INFO |   n_concorrentes: coef=-0.03461 p=0.428
2026-08-10 23:24:16,622 | fase6_calibracao | INFO |   n_clinicas_sem_loja: coef=0.18226 p=0.078
2026-08-10 23:24:16,637 | fase6_calibracao | INFO | VIF: {'domicilios': 9.109331866360831, 'pct_apartamento': 1.7454504834549427, 'renda': 1.4809855648137098, 'densidade': 8.324841166331542, 'n_concorrentes': 3.125845767703498, 'n_clinicas_sem_loja': 2.887617822435392}
2026-08-10 23:24:16,637 | fase6_calibracao | WARNING | regressão fraca demais para usar como peso (n=159 < 25 ou R²=0.086 < 0.25) — caindo pro método de quartis
2026-08-10 23:24:16,646 | fase6_calibracao | INFO | método de quartis: 40 no quartil superior, 40 no inferior
2026-08-10 23:24:16,651 | fase6_calibracao | INFO | gravado: C:\projetos\novo_ponto\data\processed\pesos.json — método=quartis confiança=baixa
2026-08-10 23:24:16,651 | fase6_calibracao | INFO | pesos dos eixos finais: {'demanda_estimada': 0.352, 'saturacao': 0.298, 'oferta_imovel': 0.2, 'acesso': 0.15}
2026-08-10 23:24:16,651 | fase6_calibracao | INFO | RESUMO — entrada=159 saida=159 descartados=0
2026-08-10 23:24:18,214 | fase7_score | INFO | === Fase 7: score e filtros ===
2026-08-10 23:24:22,033 | fase7_score | WARNING | nenhum dado de aluguel em data/manual/imoveis.csv ainda — custo_fixo usa só o custo fixo extra (piso), sem o aluguel; rode a Fase 8 depois de preencher o CSV e recalcule
2026-08-10 23:24:22,210 | fase7_score | INFO | teste absoluto: 300 passaram, 0 reprovados; dedup geográfica: 288 duplicatas suprimidas
2026-08-10 23:24:22,212 | fase7_score | INFO | ACEITE — Top 10 completo com 10 candidatos aprovados
2026-08-10 23:24:22,213 | fase7_score | INFO | ACEITE — nenhum candidato do Top 10 a menos de 1500m de rede
2026-08-10 23:24:22,246 | fase7_score | INFO | gravado: C:\projetos\novo_ponto\output\top10.csv (10 linhas)
2026-08-10 23:24:22,305 | fase7_score | INFO | gravado: C:\projetos\novo_ponto\data\processed\ranking_completo.parquet (300 linhas, todos os candidatos)
2026-08-10 23:24:22,306 | fase7_score | INFO | RESUMO — entrada=300 saida=10 descartados=290 motivo='reprovados no teste absoluto, duplicata geográfica <800m, ou fora do top 10 por score'
2026-08-10 23:24:23,580 | fase8_manuais | INFO | === Fase 8: entradas manuais ===
2026-08-10 23:24:23,633 | fase8_manuais | INFO | imoveis.csv existe mas está vazio (só cabeçalho) — pendente de preenchimento manual
2026-08-10 23:24:23,634 | fase8_manuais | INFO | ifood.csv existe mas está vazio (só cabeçalho) — pendente de preenchimento manual
2026-08-10 23:24:23,636 | fase8_manuais | INFO | meta_publico.csv existe mas está vazio (só cabeçalho) — pendente de preenchimento manual
2026-08-10 23:24:23,638 | fase8_manuais | INFO | google_buscas.csv existe mas está vazio (só cabeçalho) — pendente de preenchimento manual
2026-08-10 23:24:23,662 | fase8_manuais | INFO | campo_fluxo.csv existe mas está vazio (só cabeçalho) — pendente de preenchimento manual
2026-08-10 23:24:23,664 | fase8_manuais | INFO | cliente_oculto.csv existe mas está vazio (só cabeçalho) — pendente de preenchimento manual
2026-08-10 23:24:23,665 | fase8_manuais | INFO | geoteste.csv existe mas está vazio (só cabeçalho) — pendente de preenchimento manual
2026-08-10 23:24:23,666 | fase8_manuais | INFO | marcas_carteira.csv existe mas está vazio (só cabeçalho) — pendente de preenchimento manual
2026-08-10 23:24:23,667 | fase8_manuais | INFO | imoveis.csv existe mas está vazio (só cabeçalho) — pendente de preenchimento manual
2026-08-10 23:24:23,670 | fase8_manuais | INFO | meta_publico.csv existe mas está vazio (só cabeçalho) — pendente de preenchimento manual
2026-08-10 23:24:23,670 | fase8_manuais | INFO | google_buscas.csv existe mas está vazio (só cabeçalho) — pendente de preenchimento manual
2026-08-10 23:24:23,672 | fase8_manuais | INFO | campo_fluxo.csv existe mas está vazio (só cabeçalho) — pendente de preenchimento manual
2026-08-10 23:24:23,675 | fase8_manuais | INFO | geoteste.csv existe mas está vazio (só cabeçalho) — pendente de preenchimento manual
2026-08-10 23:24:23,678 | fase8_manuais | INFO | marcas_carteira.csv existe mas está vazio (só cabeçalho) — pendente de preenchimento manual
2026-08-10 23:24:23,694 | fase8_manuais | INFO | gravado (enriquecido): C:\projetos\novo_ponto\data\processed\ranking_completo.parquet
2026-08-10 23:24:23,697 | fase8_manuais | INFO | gravado (enriquecido): C:\projetos\novo_ponto\output\top10.csv
2026-08-10 23:24:23,698 | fase8_manuais | INFO | gravado: C:\projetos\novo_ponto\data\processed\limitacoes_fase8.txt (8 entrada(s) manual(is) pendente(s))
2026-08-10 23:24:23,698 | fase8_manuais | INFO | resumo: 0 preenchido(s) [], 8 pendente(s) ['imoveis.csv', 'ifood.csv', 'meta_publico.csv', 'google_buscas.csv', 'campo_fluxo.csv', 'cliente_oculto.csv', 'geoteste.csv', 'marcas_carteira.csv']
2026-08-10 23:24:23,698 | fase8_manuais | INFO | RESUMO — entrada=300 saida=300 descartados=0
2026-08-10 23:24:25,169 | fase9_relatorio | INFO | === Fase 9: relatório HTML ===
2026-08-10 23:24:27,621 | fase9_relatorio | INFO | gravado: C:\projetos\novo_ponto\output\mapa.html (recursos externos inlinados — funciona sem internet)
2026-08-10 23:24:28,521 | fase9_relatorio | INFO | fichas individuais geradas: 10
2026-08-10 23:24:28,663 | fase9_relatorio | INFO | gravado: C:\projetos\novo_ponto\output\relatorio.html (7.4 MB)
2026-08-10 23:24:28,663 | fase9_relatorio | INFO | RESUMO — entrada=10 saida=10 descartados=0
2026-08-11 08:13:41,545 | fase1_ibge | INFO | === Fase 1: base demográfica IBGE — município 3170206 ===
2026-08-11 08:13:42,764 | fase1_ibge | INFO | URL mais recente para basico: https://ftp.ibge.gov.br/Censos/Censo_Demografico_2022/Agregados_por_Setores_Censitarios/Agregados_por_Setor_csv/Agregados_por_setores_basico_BR_20260520.zip
2026-08-11 08:13:42,764 | fase1_ibge | INFO | URL mais recente para domicilio1: https://ftp.ibge.gov.br/Censos/Censo_Demografico_2022/Agregados_por_Setores_Censitarios/Agregados_por_Setor_csv/Agregados_por_setores_caracteristicas_domicilio1_BR.zip
2026-08-11 08:13:42,764 | fase1_ibge | INFO | URL mais recente para demografia: https://ftp.ibge.gov.br/Censos/Censo_Demografico_2022/Agregados_por_Setores_Censitarios/Agregados_por_Setor_csv/Agregados_por_setores_demografia_BR.zip
2026-08-11 08:13:42,764 | fase1_ibge | INFO | URL mais recente para dicionario: https://ftp.ibge.gov.br/Censos/Censo_Demografico_2022/Agregados_por_Setores_Censitarios/dicionario_de_dados_agregados_por_setores_censitarios_20260520.xlsx
2026-08-11 08:13:42,764 | fase1_ibge | INFO | URL mais recente para malha: https://ftp.ibge.gov.br/Censos/Censo_Demografico_2022/Agregados_por_Setores_Censitarios/malha_com_atributos/setores/gpkg/UF/MG/MG_setores_CD2022.gpkg
2026-08-11 08:13:42,764 | fase1_ibge | INFO | URL mais recente para renda_zip: https://ftp.ibge.gov.br/Censos/Censo_Demografico_2022/Agregados_por_Setores_Censitarios_Rendimento_do_Responsavel/Agregados_por_setores_renda_responsavel_BR_20260508_xlsx.zip
2026-08-11 08:13:42,764 | fase1_ibge | INFO | URL mais recente para renda_dicionario: https://ftp.ibge.gov.br/Censos/Censo_Demografico_2022/Agregados_por_Setores_Censitarios_Rendimento_do_Responsavel/dicionario_de_dados_renda_responsavel_20260508.xlsx
2026-08-11 08:13:42,764 | fase1_ibge | INFO | cache hit, não baixa de novo: C:\projetos\novo_ponto\data\raw\ibge\Agregados_por_setores_basico_BR_20260520.zip
2026-08-11 08:13:42,764 | fase1_ibge | INFO | cache hit, não baixa de novo: C:\projetos\novo_ponto\data\raw\ibge\Agregados_por_setores_caracteristicas_domicilio1_BR.zip
2026-08-11 08:13:42,764 | fase1_ibge | INFO | cache hit, não baixa de novo: C:\projetos\novo_ponto\data\raw\ibge\Agregados_por_setores_demografia_BR.zip
2026-08-11 08:13:42,764 | fase1_ibge | INFO | cache hit, não baixa de novo: C:\projetos\novo_ponto\data\raw\ibge\dicionario_de_dados_agregados_por_setores_censitarios_20260520.xlsx
2026-08-11 08:13:42,764 | fase1_ibge | INFO | cache hit, não baixa de novo: C:\projetos\novo_ponto\data\raw\ibge\MG_setores_CD2022.gpkg
2026-08-11 08:13:42,764 | fase1_ibge | INFO | cache hit, não baixa de novo: C:\projetos\novo_ponto\data\raw\ibge\Agregados_por_setores_renda_responsavel_BR_20260508_xlsx.zip
2026-08-11 08:13:42,764 | fase1_ibge | INFO | cache hit, não baixa de novo: C:\projetos\novo_ponto\data\raw\ibge\dicionario_de_dados_renda_responsavel_20260508.xlsx
2026-08-11 08:13:42,764 | fase1_ibge | INFO | markitdown já convertido, pulando: C:\projetos\novo_ponto\data\interim\md\dicionario_de_dados_agregados_por_setores_censitarios_20260520.xlsx.md
2026-08-11 08:13:42,764 | fase1_ibge | INFO | markitdown já convertido, pulando: C:\projetos\novo_ponto\data\interim\md\dicionario_de_dados_renda_responsavel_20260508.xlsx.md
2026-08-11 08:13:42,764 | fase1_ibge | INFO | lendo malha geográfica de MG (pode demorar, é um gpkg grande)
2026-08-11 08:13:45,197 | fase1_ibge | INFO | malha: 51392 setores em MG, 1988 em Uberlândia (CD_MUN=3170206)
2026-08-11 08:13:45,199 | fase1_ibge | INFO | já extraído, pulando: Agregados_por_setores_basico_BR_20260520.zip
2026-08-11 08:13:45,199 | fase1_ibge | INFO | já extraído, pulando: Agregados_por_setores_caracteristicas_domicilio1_BR.zip
2026-08-11 08:13:45,199 | fase1_ibge | INFO | já extraído, pulando: Agregados_por_setores_demografia_BR.zip
2026-08-11 08:13:45,201 | fase1_ibge | INFO | já extraído, pulando: Agregados_por_setores_renda_responsavel_BR_20260508_xlsx.zip
2026-08-11 08:13:45,329 | fase1_ibge | INFO | Agregados_por_setores_basico_BR.csv: chardet sugeriu ISO-8859-1 (confiança=0.006); usando cp1252
2026-08-11 08:13:45,329 | fase1_ibge | INFO | Agregados_por_setores_basico_BR.csv: separador decimal detectado=',' (amostra: vírgula=5194 ponto=0)
2026-08-11 08:13:48,559 | fase1_ibge | INFO | Agregados_por_setores_caracteristicas_domicilio1_BR.csv: chardet sugeriu ascii (confiança=1.000); usando cp1252
2026-08-11 08:13:48,559 | fase1_ibge | INFO | Agregados_por_setores_caracteristicas_domicilio1_BR.csv: separador decimal detectado='.' (amostra: vírgula=0 ponto=0)
2026-08-11 08:13:54,216 | fase1_ibge | INFO | Agregados_por_setores_demografia_BR.csv: chardet sugeriu ascii (confiança=1.000); usando cp1252
2026-08-11 08:13:54,235 | fase1_ibge | INFO | Agregados_por_setores_demografia_BR.csv: separador decimal detectado='.' (amostra: vírgula=0 ponto=0)
2026-08-11 08:13:57,078 | fase1_ibge | INFO | Agregados_por_setores_renda_responsavel_BR.csv: chardet sugeriu ascii (confiança=1.000); usando cp1252
2026-08-11 08:13:57,093 | fase1_ibge | INFO | Agregados_por_setores_renda_responsavel_BR.csv: separador decimal detectado='.' (amostra: vírgula=0 ponto=20283)
2026-08-11 08:13:57,973 | fase1_ibge | INFO | linhas filtradas para Uberlândia: básico=1988 domicilio1=1924 demografia=1924 renda=1924
2026-08-11 08:13:58,008 | fase1_ibge | INFO | G1 — domicilios_apartamento preenchido por diferença (casa+ocupados conhecidos): 220 setor(es); domicilios_casa preenchido por diferença (apartamento+ocupados conhecidos): 5 setor(es); mantidos nulos por divergência >5% entre soma e ocupados (sigilo real, não zero): 0 setor(es)
2026-08-11 08:13:58,056 | fase1_ibge | INFO | merge com básico: 1988->1988 linhas, 0 setores sem correspondência nessa tabela
2026-08-11 08:13:58,062 | fase1_ibge | INFO | merge com domicilio1: 1988->1988 linhas, 90 setores sem correspondência nessa tabela
2026-08-11 08:13:58,068 | fase1_ibge | INFO | merge com demografia: 1988->1988 linhas, 90 setores sem correspondência nessa tabela
2026-08-11 08:13:58,070 | fase1_ibge | INFO | merge com renda: 1988->1988 linhas, 90 setores sem correspondência nessa tabela
2026-08-11 08:13:58,090 | fase1_ibge | INFO | reprojetado de EPSG:4674 para EPSG:31982 (spec: sempre métrico antes de cálculo de distância/área)
2026-08-11 08:13:58,090 | fase1_ibge | INFO | ACEITE — todos os critérios da Fase 1 passaram (n_setores=1988, soma_domicilios=267966)
2026-08-11 08:13:58,223 | fase1_ibge | INFO | gravado: C:\projetos\novo_ponto\data\processed\setores.gpkg
2026-08-11 08:13:58,223 | fase1_ibge | INFO | RESUMO — entrada=1988 saida=1988 descartados=0 motivo='setores fora de Uberlândia (filtro CD_MUN) já removidos na malha de origem'
2026-08-11 08:17:39,582 | fase5_isocronas | INFO | === Fase 5: isócronas ===
2026-08-11 08:17:39,732 | fase5_isocronas | INFO | isócronas: 300 já em cache, 0 pendentes
2026-08-11 08:18:09,084 | fase5_isocronas | INFO | demanda calculada: 300/300 candidatos com isócrona completa (0 ainda sem)
2026-08-11 08:18:09,260 | fase5_isocronas | INFO | gravado: C:\projetos\novo_ponto\data\processed\candidatos_com_demanda.gpkg (camadas: candidatos_com_demanda, isocronas_10min)
2026-08-11 08:18:09,261 | fase5_isocronas | INFO | RESUMO — entrada=300 saida=300 descartados=0
2026-08-11 08:20:43,620 | fase5_isocronas | INFO | === Fase 5: isócronas ===
2026-08-11 08:20:43,736 | fase5_isocronas | INFO | isócronas: 300 já em cache, 0 pendentes
2026-08-11 08:21:12,127 | fase5_isocronas | INFO | demanda calculada: 300/300 candidatos com isócrona completa (0 ainda sem)
2026-08-11 08:21:12,127 | fase5_isocronas | WARNING | B1 — domicilios_efetivo mediano=80408 (30.0% do total municipal=267966) NÃO ficou abaixo de 15% (alvo do CORRECOES.md). Mesmo o anel de 5min isolado (peso 1.00) já cobre mediana de 39647 domicílios (14.8%) — as isócronas driving-car do ORS para Uberlândia são geometricamente grandes mesmo em 5min nos pontos bem conectados que a Fase 4 seleciona (ex.: ~17-20km² de área só no anel de 5min). Isso NÃO é um erro de implementação (fórmula/pesos conferem com o pseudocódigo do B1) — é uma característica real da malha viária local. Mantido como está; C4.1 (CORRECOES_2.md) aperta ainda mais a captação de balcão (só anéis 5/10min, sem 15min) mas não resolve sozinho — ver nota de C6 item 5 no relatório final.
2026-08-11 08:21:12,342 | fase5_isocronas | INFO | gravado: C:\projetos\novo_ponto\data\processed\candidatos_com_demanda.gpkg (camadas: candidatos_com_demanda, isocronas_10min)
2026-08-11 08:21:12,342 | fase5_isocronas | INFO | RESUMO — entrada=300 saida=300 descartados=0
2026-08-11 08:25:07,289 | fase7_score | INFO | === Fase 7: score e filtros ===
2026-08-11 08:25:09,364 | fase7_score | INFO | B2 — captura_min=0.05/captura_max=0.15 do config.yaml não são mais usados no teste absoluto desde a adoção do modelo de Huff (demanda_capturada); mantidos no config só por retrocompatibilidade, sem efeito ativo
2026-08-11 08:25:38,286 | fase7_score | WARNING | B2 — soma de demanda_capturada em 'Chácaras Tubalina e Quartel' (R$ 5569920) ultrapassa o potencial do bairro (R$ 383856)
2026-08-11 08:25:38,286 | fase7_score | WARNING | B2 — soma de demanda_capturada em 'Laranjeiras' (R$ 1828158) ultrapassa o potencial do bairro (R$ 555720)
2026-08-11 08:25:38,286 | fase7_score | WARNING | B2 — soma de demanda_capturada em 'Luizote de Freitas' (R$ 571861) ultrapassa o potencial do bairro (R$ 393096)
2026-08-11 08:25:38,286 | fase7_score | WARNING | B2 — soma de demanda_capturada em 'Martins' (R$ 365755) ultrapassa o potencial do bairro (R$ 203544)
2026-08-11 08:25:38,287 | fase7_score | WARNING | B2 — soma de demanda_capturada em 'Pacaembú' (R$ 306919) ultrapassa o potencial do bairro (R$ 199518)
2026-08-11 08:25:38,287 | fase7_score | WARNING | B2 — soma de demanda_capturada em 'Presidente Roosevelt' (R$ 7555598) ultrapassa o potencial do bairro (R$ 531234)
2026-08-11 08:25:38,287 | fase7_score | WARNING | B2 — soma de demanda_capturada em 'Santa Mônica' (R$ 8804013) ultrapassa o potencial do bairro (R$ 1066758)
2026-08-11 08:25:38,287 | fase7_score | WARNING | B2 — soma de demanda_capturada em 'São Jorge' (R$ 936688) ultrapassa o potencial do bairro (R$ 673794)
2026-08-11 08:25:38,287 | fase7_score | WARNING | B2 — 8 bairro(s) com demanda_capturada somada acima do potencial (candidatos do mesmo bairro competindo pela mesma demanda sem se descontar)
2026-08-11 08:25:38,287 | fase7_score | WARNING | nenhum dado de aluguel em data/manual/imoveis.csv ainda — custo_fixo usa só o custo fixo extra (piso), sem o aluguel; rode a Fase 8 depois de preencher o CSV e recalcule
2026-08-11 08:25:38,349 | fase7_score | INFO | teste absoluto: 300 passaram, 0 reprovados; dedup geográfica: 287 duplicatas suprimidas
2026-08-11 08:25:38,349 | fase7_score | INFO | ACEITE — Top 10 completo com 10 candidatos aprovados
2026-08-11 08:25:38,349 | fase7_score | INFO | ACEITE — nenhum candidato do Top 10 a menos de 1500m de rede
2026-08-11 08:25:38,353 | fase7_score | INFO | gravado: C:\projetos\novo_ponto\output\top10.csv (10 linhas)
2026-08-11 08:25:38,410 | fase7_score | INFO | gravado: C:\projetos\novo_ponto\data\processed\ranking_completo.parquet (300 linhas, todos os candidatos)
2026-08-11 08:25:38,410 | fase7_score | INFO | RESUMO — entrada=300 saida=10 descartados=290 motivo='reprovados no teste absoluto, duplicata geográfica <800m, ou fora do top 10 por score'
2026-08-11 08:30:41,651 | fase7_score | INFO | === Fase 7: score e filtros ===
2026-08-11 08:30:43,534 | fase7_score | INFO | B2 — captura_min=0.05/captura_max=0.15 do config.yaml não são mais usados no teste absoluto desde a adoção do modelo de Huff (demanda_capturada); mantidos no config só por retrocompatibilidade, sem efeito ativo
2026-08-11 08:31:11,707 | fase7_score | WARNING | B2 — soma de demanda_capturada em 'Chácaras Tubalina e Quartel' (R$ 5569920) ultrapassa o potencial do bairro (R$ 383856)
2026-08-11 08:31:11,707 | fase7_score | WARNING | B2 — soma de demanda_capturada em 'Laranjeiras' (R$ 1828158) ultrapassa o potencial do bairro (R$ 555720)
2026-08-11 08:31:11,707 | fase7_score | WARNING | B2 — soma de demanda_capturada em 'Luizote de Freitas' (R$ 571861) ultrapassa o potencial do bairro (R$ 393096)
2026-08-11 08:31:11,707 | fase7_score | WARNING | B2 — soma de demanda_capturada em 'Martins' (R$ 365755) ultrapassa o potencial do bairro (R$ 203544)
2026-08-11 08:31:11,707 | fase7_score | WARNING | B2 — soma de demanda_capturada em 'Pacaembú' (R$ 306919) ultrapassa o potencial do bairro (R$ 199518)
2026-08-11 08:31:11,707 | fase7_score | WARNING | B2 — soma de demanda_capturada em 'Presidente Roosevelt' (R$ 7555598) ultrapassa o potencial do bairro (R$ 531234)
2026-08-11 08:31:11,707 | fase7_score | WARNING | B2 — soma de demanda_capturada em 'Santa Mônica' (R$ 8804013) ultrapassa o potencial do bairro (R$ 1066758)
2026-08-11 08:31:11,707 | fase7_score | WARNING | B2 — soma de demanda_capturada em 'São Jorge' (R$ 936688) ultrapassa o potencial do bairro (R$ 673794)
2026-08-11 08:31:11,707 | fase7_score | WARNING | B2 — 8 bairro(s) com demanda_capturada somada acima do potencial (candidatos do mesmo bairro competindo pela mesma demanda sem se descontar)
2026-08-11 08:31:11,722 | fase7_score | WARNING | nenhum dado de aluguel em data/manual/imoveis.csv ainda — custo_fixo usa o fallback negocio.teto_aluguel=4000 (não zero); rode a Fase 8 depois de preencher o CSV e recalcule
2026-08-11 08:31:11,730 | fase7_score | WARNING | B3 — teste absoluto aprovou 100% dos candidatos mesmo depois de B1+B2+B3 (fallback de aluguel=4000). Isso pode ser real (mercado com bastante espaço), mas precisa ficar dito no relatório, não escondido — ver seção de Metodologia.
2026-08-11 08:31:11,775 | fase7_score | INFO | teste absoluto: 300 passaram, 0 reprovados; dedup geográfica: 287 duplicatas suprimidas
2026-08-11 08:31:11,775 | fase7_score | INFO | ACEITE — Top 10 completo com 10 candidatos aprovados
2026-08-11 08:31:11,775 | fase7_score | INFO | ACEITE — nenhum candidato do Top 10 a menos de 1500m de rede
2026-08-11 08:31:11,775 | fase7_score | INFO | gravado: C:\projetos\novo_ponto\output\top10.csv (10 linhas)
2026-08-11 08:31:11,791 | fase7_score | INFO | gravado: C:\projetos\novo_ponto\data\processed\ranking_completo.parquet (300 linhas, todos os candidatos)
2026-08-11 08:31:11,791 | fase7_score | INFO | RESUMO — entrada=300 saida=10 descartados=290 motivo='reprovados no teste absoluto, duplicata geográfica <800m, ou fora do top 10 por score'
2026-08-11 08:34:11,138 | fase7_score | INFO | === Fase 7: score e filtros ===
2026-08-11 08:34:12,780 | fase7_score | INFO | B2 — captura_min=0.05/captura_max=0.15 do config.yaml não são mais usados no teste absoluto desde a adoção do modelo de Huff (demanda_capturada); mantidos no config só por retrocompatibilidade, sem efeito ativo
2026-08-11 08:34:41,003 | fase7_score | WARNING | B2 — soma de demanda_capturada em 'Chácaras Tubalina e Quartel' (R$ 5569920) ultrapassa o potencial do bairro (R$ 383856)
2026-08-11 08:34:41,003 | fase7_score | WARNING | B2 — soma de demanda_capturada em 'Laranjeiras' (R$ 1828158) ultrapassa o potencial do bairro (R$ 555720)
2026-08-11 08:34:41,003 | fase7_score | WARNING | B2 — soma de demanda_capturada em 'Luizote de Freitas' (R$ 571861) ultrapassa o potencial do bairro (R$ 393096)
2026-08-11 08:34:41,003 | fase7_score | WARNING | B2 — soma de demanda_capturada em 'Martins' (R$ 365755) ultrapassa o potencial do bairro (R$ 203544)
2026-08-11 08:34:41,003 | fase7_score | WARNING | B2 — soma de demanda_capturada em 'Pacaembú' (R$ 306919) ultrapassa o potencial do bairro (R$ 199518)
2026-08-11 08:34:41,003 | fase7_score | WARNING | B2 — soma de demanda_capturada em 'Presidente Roosevelt' (R$ 7555598) ultrapassa o potencial do bairro (R$ 531234)
2026-08-11 08:34:41,003 | fase7_score | WARNING | B2 — soma de demanda_capturada em 'Santa Mônica' (R$ 8804013) ultrapassa o potencial do bairro (R$ 1066758)
2026-08-11 08:34:41,003 | fase7_score | WARNING | B2 — soma de demanda_capturada em 'São Jorge' (R$ 936688) ultrapassa o potencial do bairro (R$ 673794)
2026-08-11 08:34:41,003 | fase7_score | WARNING | B2 — 8 bairro(s) com demanda_capturada somada acima do potencial (candidatos do mesmo bairro competindo pela mesma demanda sem se descontar)
2026-08-11 08:34:41,018 | fase7_score | WARNING | nenhum dado de aluguel em data/manual/imoveis.csv ainda — custo_fixo usa o fallback negocio.teto_aluguel=4000 (não zero); rode a Fase 8 depois de preencher o CSV e recalcule
2026-08-11 08:34:41,021 | fase7_score | WARNING | B3 — teste absoluto aprovou 100% dos candidatos mesmo depois de B1+B2+B3 (fallback de aluguel=4000). Isso pode ser real (mercado com bastante espaço), mas precisa ficar dito no relatório, não escondido — ver seção de Metodologia.
2026-08-11 08:34:41,064 | fase7_score | INFO | teste absoluto: 300 passaram, 0 reprovados; dedup geográfica: 287 duplicatas suprimidas
2026-08-11 08:34:41,064 | fase7_score | INFO | ACEITE — Top 10 completo com 10 candidatos aprovados
2026-08-11 08:34:41,064 | fase7_score | INFO | ACEITE — nenhum candidato do Top 10 a menos de 1500m de rede
2026-08-11 08:34:41,068 | fase7_score | INFO | gravado: C:\projetos\novo_ponto\output\top10.csv (10 linhas)
2026-08-11 08:34:41,085 | fase7_score | INFO | gravado: C:\projetos\novo_ponto\data\processed\ranking_completo.parquet (300 linhas, todos os candidatos)
2026-08-11 08:34:41,085 | fase7_score | INFO | RESUMO — entrada=300 saida=10 descartados=290 motivo='reprovados no teste absoluto, duplicata geográfica <800m, ou fora do top 10 por score'
2026-08-11 08:38:33,026 | fase7_score | INFO | === Fase 7: score e filtros ===
2026-08-11 08:38:34,808 | fase7_score | INFO | B2 — captura_min=0.05/captura_max=0.15 do config.yaml não são mais usados no teste absoluto desde a adoção do modelo de Huff (demanda_capturada); mantidos no config só por retrocompatibilidade, sem efeito ativo
2026-08-11 08:39:04,064 | fase7_score | WARNING | B2 — soma de demanda_capturada em 'Chácaras Tubalina e Quartel' (R$ 5569920) ultrapassa o potencial do bairro (R$ 383856)
2026-08-11 08:39:04,064 | fase7_score | WARNING | B2 — soma de demanda_capturada em 'Laranjeiras' (R$ 1828158) ultrapassa o potencial do bairro (R$ 555720)
2026-08-11 08:39:04,064 | fase7_score | WARNING | B2 — soma de demanda_capturada em 'Luizote de Freitas' (R$ 571861) ultrapassa o potencial do bairro (R$ 393096)
2026-08-11 08:39:04,064 | fase7_score | WARNING | B2 — soma de demanda_capturada em 'Martins' (R$ 365755) ultrapassa o potencial do bairro (R$ 203544)
2026-08-11 08:39:04,064 | fase7_score | WARNING | B2 — soma de demanda_capturada em 'Pacaembú' (R$ 306919) ultrapassa o potencial do bairro (R$ 199518)
2026-08-11 08:39:04,064 | fase7_score | WARNING | B2 — soma de demanda_capturada em 'Presidente Roosevelt' (R$ 7555598) ultrapassa o potencial do bairro (R$ 531234)
2026-08-11 08:39:04,064 | fase7_score | WARNING | B2 — soma de demanda_capturada em 'Santa Mônica' (R$ 8804013) ultrapassa o potencial do bairro (R$ 1066758)
2026-08-11 08:39:04,064 | fase7_score | WARNING | B2 — soma de demanda_capturada em 'São Jorge' (R$ 936688) ultrapassa o potencial do bairro (R$ 673794)
2026-08-11 08:39:04,064 | fase7_score | WARNING | B2 — 8 bairro(s) com demanda_capturada somada acima do potencial (candidatos do mesmo bairro competindo pela mesma demanda sem se descontar)
2026-08-11 08:39:04,067 | fase7_score | WARNING | nenhum dado de aluguel em data/manual/imoveis.csv ainda — custo_fixo usa o fallback negocio.teto_aluguel=4000 (não zero); rode a Fase 8 depois de preencher o CSV e recalcule
2026-08-11 08:39:04,069 | fase7_score | WARNING | B3 — teste absoluto aprovou 100% dos candidatos mesmo depois de B1+B2+B3 (fallback de aluguel=4000). Isso pode ser real (mercado com bastante espaço), mas precisa ficar dito no relatório, não escondido — ver seção de Metodologia.
2026-08-11 08:39:04,110 | fase7_score | INFO | teste absoluto: 300 passaram, 0 reprovados; dedup geográfica: 287 duplicatas suprimidas
2026-08-11 08:39:04,119 | fase7_score | WARNING | ACEITE — só 9 candidatos sobraram pro Top 10 depois do cap de 2/bairro (esperado 10; 4 excedentes bloqueados só pelo cap, não por score)
2026-08-11 08:39:04,119 | fase7_score | INFO | ACEITE — nenhum candidato do Top 10 a menos de 1500m de rede
2026-08-11 08:39:04,119 | fase7_score | INFO | gravado: C:\projetos\novo_ponto\output\top10.csv (9 linhas)
2026-08-11 08:39:04,131 | fase7_score | INFO | gravado: C:\projetos\novo_ponto\data\processed\ranking_completo.parquet (300 linhas, todos os candidatos)
2026-08-11 08:39:04,131 | fase7_score | INFO | RESUMO — entrada=300 saida=9 descartados=291 motivo='reprovados no teste absoluto, duplicata geográfica <800m, ou fora do top 10 por score'
2026-08-11 08:39:04,797 | fase8_manuais | INFO | === Fase 8: entradas manuais ===
2026-08-11 08:39:04,832 | fase8_manuais | INFO | imoveis.csv existe mas está vazio (só cabeçalho) — pendente de preenchimento manual
2026-08-11 08:39:04,832 | fase8_manuais | INFO | ifood.csv existe mas está vazio (só cabeçalho) — pendente de preenchimento manual
2026-08-11 08:39:04,832 | fase8_manuais | INFO | meta_publico.csv existe mas está vazio (só cabeçalho) — pendente de preenchimento manual
2026-08-11 08:39:04,832 | fase8_manuais | INFO | google_buscas.csv existe mas está vazio (só cabeçalho) — pendente de preenchimento manual
2026-08-11 08:39:04,832 | fase8_manuais | INFO | campo_fluxo.csv existe mas está vazio (só cabeçalho) — pendente de preenchimento manual
2026-08-11 08:39:04,832 | fase8_manuais | INFO | cliente_oculto.csv existe mas está vazio (só cabeçalho) — pendente de preenchimento manual
2026-08-11 08:39:04,832 | fase8_manuais | INFO | geoteste.csv existe mas está vazio (só cabeçalho) — pendente de preenchimento manual
2026-08-11 08:39:04,832 | fase8_manuais | INFO | marcas_carteira.csv existe mas está vazio (só cabeçalho) — pendente de preenchimento manual
2026-08-11 08:39:04,832 | fase8_manuais | INFO | imoveis.csv existe mas está vazio (só cabeçalho) — pendente de preenchimento manual
2026-08-11 08:39:04,832 | fase8_manuais | INFO | meta_publico.csv existe mas está vazio (só cabeçalho) — pendente de preenchimento manual
2026-08-11 08:39:04,832 | fase8_manuais | INFO | google_buscas.csv existe mas está vazio (só cabeçalho) — pendente de preenchimento manual
2026-08-11 08:39:04,846 | fase8_manuais | INFO | campo_fluxo.csv existe mas está vazio (só cabeçalho) — pendente de preenchimento manual
2026-08-11 08:39:04,847 | fase8_manuais | INFO | geoteste.csv existe mas está vazio (só cabeçalho) — pendente de preenchimento manual
2026-08-11 08:39:04,849 | fase8_manuais | INFO | marcas_carteira.csv existe mas está vazio (só cabeçalho) — pendente de preenchimento manual
2026-08-11 08:39:04,856 | fase8_manuais | INFO | G2 — cap de 2/bairro reaplicado: 9 candidatos no Top10, 6 bairros distintos, 4 excedentes
2026-08-11 08:39:04,864 | fase8_manuais | INFO | gravado (enriquecido): C:\projetos\novo_ponto\data\processed\ranking_completo.parquet
2026-08-11 08:39:04,868 | fase8_manuais | INFO | gravado (enriquecido): C:\projetos\novo_ponto\output\top10.csv
2026-08-11 08:39:04,868 | fase8_manuais | INFO | gravado: C:\projetos\novo_ponto\data\processed\limitacoes_fase8.txt (8 entrada(s) manual(is) pendente(s))
2026-08-11 08:39:04,868 | fase8_manuais | INFO | resumo: 0 preenchido(s) [], 8 pendente(s) ['imoveis.csv', 'ifood.csv', 'meta_publico.csv', 'google_buscas.csv', 'campo_fluxo.csv', 'cliente_oculto.csv', 'geoteste.csv', 'marcas_carteira.csv']
2026-08-11 08:39:04,868 | fase8_manuais | INFO | RESUMO — entrada=300 saida=300 descartados=0
2026-08-11 08:39:19,726 | fase9_relatorio | INFO | === Fase 9: relatório HTML ===
2026-08-11 08:39:21,045 | fase9_relatorio | INFO | gravado: C:\projetos\novo_ponto\output\mapa.html (recursos externos inlinados — funciona sem internet)
2026-08-11 08:39:21,347 | fase9_relatorio | INFO | fichas individuais geradas: 9
2026-08-11 08:39:21,398 | fase9_relatorio | INFO | gravado: C:\projetos\novo_ponto\output\relatorio.html (7.1 MB)
2026-08-11 08:39:21,398 | fase9_relatorio | INFO | RESUMO — entrada=9 saida=9 descartados=0
2026-08-11 15:57:35,093 | fase7_score | INFO | === Fase 7: score e filtros ===
2026-08-11 15:57:37,374 | fase7_score | INFO | B2 — captura_min=0.05/captura_max=0.15 do config.yaml não são mais usados no teste absoluto desde a adoção do modelo de Huff (demanda_capturada); mantidos no config só por retrocompatibilidade, sem efeito ativo
2026-08-11 15:58:09,003 | fase7_score | WARNING | B2 — soma de demanda_capturada em 'Chácaras Tubalina e Quartel' (R$ 5569920) ultrapassa o potencial do bairro (R$ 383856)
2026-08-11 15:58:09,012 | fase7_score | WARNING | B2 — soma de demanda_capturada em 'Laranjeiras' (R$ 1828158) ultrapassa o potencial do bairro (R$ 555720)
2026-08-11 15:58:09,012 | fase7_score | WARNING | B2 — soma de demanda_capturada em 'Luizote de Freitas' (R$ 571861) ultrapassa o potencial do bairro (R$ 393096)
2026-08-11 15:58:09,012 | fase7_score | WARNING | B2 — soma de demanda_capturada em 'Martins' (R$ 365755) ultrapassa o potencial do bairro (R$ 203544)
2026-08-11 15:58:09,012 | fase7_score | WARNING | B2 — soma de demanda_capturada em 'Pacaembú' (R$ 306919) ultrapassa o potencial do bairro (R$ 199518)
2026-08-11 15:58:09,012 | fase7_score | WARNING | B2 — soma de demanda_capturada em 'Presidente Roosevelt' (R$ 7555598) ultrapassa o potencial do bairro (R$ 531234)
2026-08-11 15:58:09,012 | fase7_score | WARNING | B2 — soma de demanda_capturada em 'Santa Mônica' (R$ 8804013) ultrapassa o potencial do bairro (R$ 1066758)
2026-08-11 15:58:09,012 | fase7_score | WARNING | B2 — soma de demanda_capturada em 'São Jorge' (R$ 936688) ultrapassa o potencial do bairro (R$ 673794)
2026-08-11 15:58:09,012 | fase7_score | WARNING | B2 — 8 bairro(s) com demanda_capturada somada acima do potencial (candidatos do mesmo bairro competindo pela mesma demanda sem se descontar)
2026-08-11 15:58:09,018 | fase7_score | WARNING | nenhum dado de aluguel em data/manual/imoveis.csv ainda — custo_fixo usa o fallback negocio.teto_aluguel=4000 (não zero); rode a Fase 8 depois de preencher o CSV e recalcule
2026-08-11 15:58:09,021 | fase7_score | WARNING | B3 — teste absoluto aprovou 100% dos candidatos mesmo depois de B1+B2+B3 (fallback de aluguel=4000). Isso pode ser real (mercado com bastante espaço), mas precisa ficar dito no relatório, não escondido — ver seção de Metodologia.
2026-08-11 15:58:09,056 | fase7_score | INFO | M1 — eixos disponíveis nesta rodada: ['demanda_estimada', 'saturacao', 'acesso'] (pesos originais {'demanda_estimada': 0.352, 'saturacao': 0.298, 'oferta_imovel': 0.2, 'acesso': 0.15} -> renormalizados {'demanda_estimada': 0.44, 'saturacao': 0.372, 'acesso': 0.187})
2026-08-11 15:58:09,056 | fase7_score | INFO | gravado: C:\projetos\novo_ponto\data\processed\pesos_efetivos_aplicados.json
2026-08-11 15:58:09,090 | fase7_score | INFO | teste absoluto: 300 passaram, 0 reprovados; dedup geográfica: 287 duplicatas suprimidas
2026-08-11 15:58:09,095 | fase7_score | WARNING | ACEITE — só 9 candidatos sobraram pro Top 10 depois do cap de 2/bairro (esperado 10; 4 excedentes bloqueados só pelo cap, não por score)
2026-08-11 15:58:09,095 | fase7_score | INFO | ACEITE — nenhum candidato do Top 10 a menos de 1500m de rede
2026-08-11 15:58:09,101 | fase7_score | INFO | gravado: C:\projetos\novo_ponto\output\top10.csv (9 linhas)
2026-08-11 15:58:09,186 | fase7_score | INFO | gravado: C:\projetos\novo_ponto\data\processed\ranking_completo.parquet (300 linhas, todos os candidatos)
2026-08-11 15:58:09,186 | fase7_score | INFO | RESUMO — entrada=300 saida=9 descartados=291 motivo='reprovados no teste absoluto, duplicata geográfica <800m, ou fora do top 10 por score'
2026-08-11 15:58:09,986 | fase8_manuais | INFO | === Fase 8: entradas manuais ===
2026-08-11 15:58:10,103 | fase8_manuais | INFO | imoveis.csv existe mas está vazio (só cabeçalho) — pendente de preenchimento manual
2026-08-11 15:58:10,105 | fase8_manuais | INFO | ifood.csv existe mas está vazio (só cabeçalho) — pendente de preenchimento manual
2026-08-11 15:58:10,105 | fase8_manuais | INFO | meta_publico.csv existe mas está vazio (só cabeçalho) — pendente de preenchimento manual
2026-08-11 15:58:10,106 | fase8_manuais | INFO | google_buscas.csv existe mas está vazio (só cabeçalho) — pendente de preenchimento manual
2026-08-11 15:58:10,107 | fase8_manuais | INFO | campo_fluxo.csv existe mas está vazio (só cabeçalho) — pendente de preenchimento manual
2026-08-11 15:58:10,109 | fase8_manuais | INFO | cliente_oculto.csv existe mas está vazio (só cabeçalho) — pendente de preenchimento manual
2026-08-11 15:58:10,109 | fase8_manuais | INFO | geoteste.csv existe mas está vazio (só cabeçalho) — pendente de preenchimento manual
2026-08-11 15:58:10,111 | fase8_manuais | INFO | marcas_carteira.csv existe mas está vazio (só cabeçalho) — pendente de preenchimento manual
2026-08-11 15:58:10,112 | fase8_manuais | INFO | imoveis.csv existe mas está vazio (só cabeçalho) — pendente de preenchimento manual
2026-08-11 15:58:10,116 | fase8_manuais | INFO | meta_publico.csv existe mas está vazio (só cabeçalho) — pendente de preenchimento manual
2026-08-11 15:58:10,117 | fase8_manuais | INFO | google_buscas.csv existe mas está vazio (só cabeçalho) — pendente de preenchimento manual
2026-08-11 15:58:10,119 | fase8_manuais | INFO | campo_fluxo.csv existe mas está vazio (só cabeçalho) — pendente de preenchimento manual
2026-08-11 15:58:10,121 | fase8_manuais | INFO | geoteste.csv existe mas está vazio (só cabeçalho) — pendente de preenchimento manual
2026-08-11 15:58:10,122 | fase8_manuais | INFO | marcas_carteira.csv existe mas está vazio (só cabeçalho) — pendente de preenchimento manual
2026-08-11 15:58:10,125 | fase8_manuais | INFO | G2 — cap de 2/bairro reaplicado: 9 candidatos no Top10, 6 bairros distintos, 4 excedentes
2026-08-11 15:58:10,132 | fase8_manuais | INFO | gravado (enriquecido): C:\projetos\novo_ponto\data\processed\ranking_completo.parquet
2026-08-11 15:58:10,132 | fase8_manuais | INFO | gravado (enriquecido): C:\projetos\novo_ponto\output\top10.csv
2026-08-11 15:58:10,132 | fase8_manuais | INFO | gravado: C:\projetos\novo_ponto\data\processed\limitacoes_fase8.txt (8 entrada(s) manual(is) pendente(s))
2026-08-11 15:58:10,132 | fase8_manuais | INFO | resumo: 0 preenchido(s) [], 8 pendente(s) ['imoveis.csv', 'ifood.csv', 'meta_publico.csv', 'google_buscas.csv', 'campo_fluxo.csv', 'cliente_oculto.csv', 'geoteste.csv', 'marcas_carteira.csv']
2026-08-11 15:58:10,132 | fase8_manuais | INFO | RESUMO — entrada=300 saida=300 descartados=0
2026-08-11 15:58:11,240 | fase9_relatorio | INFO | === Fase 9: relatório HTML ===
2026-08-11 15:58:13,418 | fase9_relatorio | INFO | gravado: C:\projetos\novo_ponto\output\mapa.html (recursos externos inlinados — funciona sem internet)
2026-08-11 15:58:13,937 | fase9_relatorio | INFO | fichas individuais geradas: 9
2026-08-11 15:58:14,039 | fase9_relatorio | INFO | gravado: C:\projetos\novo_ponto\output\relatorio.html (7.1 MB)
2026-08-11 15:58:14,039 | fase9_relatorio | INFO | RESUMO — entrada=9 saida=9 descartados=0
2026-08-11 16:00:51,848 | fase1_ibge | INFO | === Fase 1: base demográfica IBGE — município 3170206 ===
2026-08-11 16:00:53,154 | fase1_ibge | INFO | URL mais recente para basico: https://ftp.ibge.gov.br/Censos/Censo_Demografico_2022/Agregados_por_Setores_Censitarios/Agregados_por_Setor_csv/Agregados_por_setores_basico_BR_20260520.zip
2026-08-11 16:00:53,155 | fase1_ibge | INFO | URL mais recente para domicilio1: https://ftp.ibge.gov.br/Censos/Censo_Demografico_2022/Agregados_por_Setores_Censitarios/Agregados_por_Setor_csv/Agregados_por_setores_caracteristicas_domicilio1_BR.zip
2026-08-11 16:00:53,155 | fase1_ibge | INFO | URL mais recente para demografia: https://ftp.ibge.gov.br/Censos/Censo_Demografico_2022/Agregados_por_Setores_Censitarios/Agregados_por_Setor_csv/Agregados_por_setores_demografia_BR.zip
2026-08-11 16:00:53,155 | fase1_ibge | INFO | URL mais recente para dicionario: https://ftp.ibge.gov.br/Censos/Censo_Demografico_2022/Agregados_por_Setores_Censitarios/dicionario_de_dados_agregados_por_setores_censitarios_20260520.xlsx
2026-08-11 16:00:53,155 | fase1_ibge | INFO | URL mais recente para malha: https://ftp.ibge.gov.br/Censos/Censo_Demografico_2022/Agregados_por_Setores_Censitarios/malha_com_atributos/setores/gpkg/UF/MG/MG_setores_CD2022.gpkg
2026-08-11 16:00:53,155 | fase1_ibge | INFO | URL mais recente para renda_zip: https://ftp.ibge.gov.br/Censos/Censo_Demografico_2022/Agregados_por_Setores_Censitarios_Rendimento_do_Responsavel/Agregados_por_setores_renda_responsavel_BR_20260508_xlsx.zip
2026-08-11 16:00:53,155 | fase1_ibge | INFO | URL mais recente para renda_dicionario: https://ftp.ibge.gov.br/Censos/Censo_Demografico_2022/Agregados_por_Setores_Censitarios_Rendimento_do_Responsavel/dicionario_de_dados_renda_responsavel_20260508.xlsx
2026-08-11 16:00:53,156 | fase1_ibge | INFO | cache hit, não baixa de novo: C:\projetos\novo_ponto\data\raw\ibge\Agregados_por_setores_basico_BR_20260520.zip
2026-08-11 16:00:53,156 | fase1_ibge | INFO | cache hit, não baixa de novo: C:\projetos\novo_ponto\data\raw\ibge\Agregados_por_setores_caracteristicas_domicilio1_BR.zip
2026-08-11 16:00:53,157 | fase1_ibge | INFO | cache hit, não baixa de novo: C:\projetos\novo_ponto\data\raw\ibge\Agregados_por_setores_demografia_BR.zip
2026-08-11 16:00:53,157 | fase1_ibge | INFO | cache hit, não baixa de novo: C:\projetos\novo_ponto\data\raw\ibge\dicionario_de_dados_agregados_por_setores_censitarios_20260520.xlsx
2026-08-11 16:00:53,158 | fase1_ibge | INFO | cache hit, não baixa de novo: C:\projetos\novo_ponto\data\raw\ibge\MG_setores_CD2022.gpkg
2026-08-11 16:00:53,158 | fase1_ibge | INFO | cache hit, não baixa de novo: C:\projetos\novo_ponto\data\raw\ibge\Agregados_por_setores_renda_responsavel_BR_20260508_xlsx.zip
2026-08-11 16:00:53,158 | fase1_ibge | INFO | cache hit, não baixa de novo: C:\projetos\novo_ponto\data\raw\ibge\dicionario_de_dados_renda_responsavel_20260508.xlsx
2026-08-11 16:00:53,158 | fase1_ibge | INFO | markitdown já convertido, pulando: C:\projetos\novo_ponto\data\interim\md\dicionario_de_dados_agregados_por_setores_censitarios_20260520.xlsx.md
2026-08-11 16:00:53,159 | fase1_ibge | INFO | markitdown já convertido, pulando: C:\projetos\novo_ponto\data\interim\md\dicionario_de_dados_renda_responsavel_20260508.xlsx.md
2026-08-11 16:00:53,159 | fase1_ibge | INFO | lendo malha geográfica de MG (pode demorar, é um gpkg grande)
2026-08-11 16:00:56,352 | fase1_ibge | INFO | malha: 51392 setores em MG, 1988 em Uberlândia (CD_MUN=3170206)
2026-08-11 16:00:56,354 | fase1_ibge | INFO | já extraído, pulando: Agregados_por_setores_basico_BR_20260520.zip
2026-08-11 16:00:56,355 | fase1_ibge | INFO | já extraído, pulando: Agregados_por_setores_caracteristicas_domicilio1_BR.zip
2026-08-11 16:00:56,355 | fase1_ibge | INFO | já extraído, pulando: Agregados_por_setores_demografia_BR.zip
2026-08-11 16:00:56,356 | fase1_ibge | INFO | já extraído, pulando: Agregados_por_setores_renda_responsavel_BR_20260508_xlsx.zip
2026-08-11 16:00:56,536 | fase1_ibge | INFO | Agregados_por_setores_basico_BR.csv: chardet sugeriu ISO-8859-1 (confiança=0.006); usando cp1252
2026-08-11 16:00:56,546 | fase1_ibge | INFO | Agregados_por_setores_basico_BR.csv: separador decimal detectado=',' (amostra: vírgula=5194 ponto=0)
2026-08-11 16:01:00,901 | fase1_ibge | INFO | Agregados_por_setores_caracteristicas_domicilio1_BR.csv: chardet sugeriu ascii (confiança=1.000); usando cp1252
2026-08-11 16:01:00,910 | fase1_ibge | INFO | Agregados_por_setores_caracteristicas_domicilio1_BR.csv: separador decimal detectado='.' (amostra: vírgula=0 ponto=0)
2026-08-11 16:01:10,605 | fase1_ibge | INFO | Agregados_por_setores_demografia_BR.csv: chardet sugeriu ascii (confiança=1.000); usando cp1252
2026-08-11 16:01:10,620 | fase1_ibge | INFO | Agregados_por_setores_demografia_BR.csv: separador decimal detectado='.' (amostra: vírgula=0 ponto=0)
2026-08-11 16:01:14,331 | fase1_ibge | INFO | Agregados_por_setores_renda_responsavel_BR.csv: chardet sugeriu ascii (confiança=1.000); usando cp1252
2026-08-11 16:01:14,342 | fase1_ibge | INFO | Agregados_por_setores_renda_responsavel_BR.csv: separador decimal detectado='.' (amostra: vírgula=0 ponto=20283)
2026-08-11 16:01:15,553 | fase1_ibge | INFO | linhas filtradas para Uberlândia: básico=1988 domicilio1=1924 demografia=1924 renda=1924
2026-08-11 16:01:15,594 | fase1_ibge | INFO | G1 — domicilios_apartamento preenchido por diferença (casa+ocupados conhecidos): 220 setor(es); domicilios_casa preenchido por diferença (apartamento+ocupados conhecidos): 5 setor(es); mantidos nulos por divergência >5% entre soma e ocupados (sigilo real, não zero): 0 setor(es)
2026-08-11 16:01:15,839 | fase1_ibge | INFO | merge com básico: 1988->1988 linhas, 0 setores sem correspondência nessa tabela
2026-08-11 16:01:16,042 | fase1_ibge | INFO | merge com domicilio1: 1988->1988 linhas, 90 setores sem correspondência nessa tabela
2026-08-11 16:01:16,055 | fase1_ibge | INFO | merge com demografia: 1988->1988 linhas, 90 setores sem correspondência nessa tabela
2026-08-11 16:01:16,064 | fase1_ibge | INFO | merge com renda: 1988->1988 linhas, 90 setores sem correspondência nessa tabela
2026-08-11 16:01:16,071 | fase1_ibge | INFO | M2 — 90 setores sem domicilio1/demografia/renda, por categoria: rural=5, urbano sem população registrada (industrial/área não-residencial, provável)=62, urbano com população>0 mas sem domicílio (sigilo real, provável)=23, outros=0
2026-08-11 16:01:16,123 | fase1_ibge | INFO | reprojetado de EPSG:4674 para EPSG:31982 (spec: sempre métrico antes de cálculo de distância/área)
2026-08-11 16:01:16,124 | fase1_ibge | INFO | ACEITE — todos os critérios da Fase 1 passaram (n_setores=1988, soma_domicilios=267966)
2026-08-11 16:01:16,127 | fase1_ibge | INFO | M3 — gravado: C:\projetos\novo_ponto\data\processed\dicionario_variaveis.json (unidade de renda confirmada contra o dicionário oficial: R$ nominal/mês, do responsável)
2026-08-11 16:01:16,395 | fase1_ibge | INFO | gravado: C:\projetos\novo_ponto\data\processed\setores.gpkg
2026-08-11 16:01:16,395 | fase1_ibge | INFO | RESUMO — entrada=1988 saida=1988 descartados=0 motivo='setores fora de Uberlândia (filtro CD_MUN) já removidos na malha de origem'
2026-08-11 16:01:33,704 | fase9_relatorio | INFO | === Fase 9: relatório HTML ===
2026-08-11 16:01:35,388 | fase9_relatorio | INFO | gravado: C:\projetos\novo_ponto\output\mapa.html (recursos externos inlinados — funciona sem internet)
2026-08-11 16:01:35,704 | fase9_relatorio | INFO | fichas individuais geradas: 9
2026-08-11 16:01:35,771 | fase9_relatorio | INFO | gravado: C:\projetos\novo_ponto\output\relatorio.html (7.1 MB)
2026-08-11 16:01:35,771 | fase9_relatorio | INFO | RESUMO — entrada=9 saida=9 descartados=0
2026-08-11 16:02:05,148 | fase9_relatorio | INFO | === Fase 9: relatório HTML ===
2026-08-11 16:02:06,645 | fase9_relatorio | INFO | gravado: C:\projetos\novo_ponto\output\mapa.html (recursos externos inlinados — funciona sem internet)
2026-08-11 16:02:06,930 | fase9_relatorio | INFO | fichas individuais geradas: 9
2026-08-11 16:02:06,993 | fase9_relatorio | INFO | gravado: C:\projetos\novo_ponto\output\relatorio.html (7.1 MB)
2026-08-11 16:02:06,993 | fase9_relatorio | INFO | RESUMO — entrada=9 saida=9 descartados=0
2026-08-11 16:03:52,077 | fase1_ibge | INFO | === Fase 1: base demográfica IBGE — município 3170206 ===
2026-08-11 16:03:53,314 | fase1_ibge | INFO | URL mais recente para basico: https://ftp.ibge.gov.br/Censos/Censo_Demografico_2022/Agregados_por_Setores_Censitarios/Agregados_por_Setor_csv/Agregados_por_setores_basico_BR_20260520.zip
2026-08-11 16:03:53,316 | fase1_ibge | INFO | URL mais recente para domicilio1: https://ftp.ibge.gov.br/Censos/Censo_Demografico_2022/Agregados_por_Setores_Censitarios/Agregados_por_Setor_csv/Agregados_por_setores_caracteristicas_domicilio1_BR.zip
2026-08-11 16:03:53,316 | fase1_ibge | INFO | URL mais recente para demografia: https://ftp.ibge.gov.br/Censos/Censo_Demografico_2022/Agregados_por_Setores_Censitarios/Agregados_por_Setor_csv/Agregados_por_setores_demografia_BR.zip
2026-08-11 16:03:53,316 | fase1_ibge | INFO | URL mais recente para dicionario: https://ftp.ibge.gov.br/Censos/Censo_Demografico_2022/Agregados_por_Setores_Censitarios/dicionario_de_dados_agregados_por_setores_censitarios_20260520.xlsx
2026-08-11 16:03:53,316 | fase1_ibge | INFO | URL mais recente para malha: https://ftp.ibge.gov.br/Censos/Censo_Demografico_2022/Agregados_por_Setores_Censitarios/malha_com_atributos/setores/gpkg/UF/MG/MG_setores_CD2022.gpkg
2026-08-11 16:03:53,316 | fase1_ibge | INFO | URL mais recente para renda_zip: https://ftp.ibge.gov.br/Censos/Censo_Demografico_2022/Agregados_por_Setores_Censitarios_Rendimento_do_Responsavel/Agregados_por_setores_renda_responsavel_BR_20260508_xlsx.zip
2026-08-11 16:03:53,316 | fase1_ibge | INFO | URL mais recente para renda_dicionario: https://ftp.ibge.gov.br/Censos/Censo_Demografico_2022/Agregados_por_Setores_Censitarios_Rendimento_do_Responsavel/dicionario_de_dados_renda_responsavel_20260508.xlsx
2026-08-11 16:03:53,316 | fase1_ibge | INFO | cache hit, não baixa de novo: C:\projetos\novo_ponto\data\raw\ibge\Agregados_por_setores_basico_BR_20260520.zip
2026-08-11 16:03:53,317 | fase1_ibge | INFO | cache hit, não baixa de novo: C:\projetos\novo_ponto\data\raw\ibge\Agregados_por_setores_caracteristicas_domicilio1_BR.zip
2026-08-11 16:03:53,317 | fase1_ibge | INFO | cache hit, não baixa de novo: C:\projetos\novo_ponto\data\raw\ibge\Agregados_por_setores_demografia_BR.zip
2026-08-11 16:03:53,317 | fase1_ibge | INFO | cache hit, não baixa de novo: C:\projetos\novo_ponto\data\raw\ibge\dicionario_de_dados_agregados_por_setores_censitarios_20260520.xlsx
2026-08-11 16:03:53,317 | fase1_ibge | INFO | cache hit, não baixa de novo: C:\projetos\novo_ponto\data\raw\ibge\MG_setores_CD2022.gpkg
2026-08-11 16:03:53,317 | fase1_ibge | INFO | cache hit, não baixa de novo: C:\projetos\novo_ponto\data\raw\ibge\Agregados_por_setores_renda_responsavel_BR_20260508_xlsx.zip
2026-08-11 16:03:53,317 | fase1_ibge | INFO | cache hit, não baixa de novo: C:\projetos\novo_ponto\data\raw\ibge\dicionario_de_dados_renda_responsavel_20260508.xlsx
2026-08-11 16:03:53,317 | fase1_ibge | INFO | markitdown já convertido, pulando: C:\projetos\novo_ponto\data\interim\md\dicionario_de_dados_agregados_por_setores_censitarios_20260520.xlsx.md
2026-08-11 16:03:53,318 | fase1_ibge | INFO | markitdown já convertido, pulando: C:\projetos\novo_ponto\data\interim\md\dicionario_de_dados_renda_responsavel_20260508.xlsx.md
2026-08-11 16:03:53,318 | fase1_ibge | INFO | lendo malha geográfica de MG (pode demorar, é um gpkg grande)
2026-08-11 16:03:56,060 | fase1_ibge | INFO | malha: 51392 setores em MG, 1988 em Uberlândia (CD_MUN=3170206)
2026-08-11 16:03:56,061 | fase1_ibge | INFO | já extraído, pulando: Agregados_por_setores_basico_BR_20260520.zip
2026-08-11 16:03:56,062 | fase1_ibge | INFO | já extraído, pulando: Agregados_por_setores_caracteristicas_domicilio1_BR.zip
2026-08-11 16:03:56,062 | fase1_ibge | INFO | já extraído, pulando: Agregados_por_setores_demografia_BR.zip
2026-08-11 16:03:56,063 | fase1_ibge | INFO | já extraído, pulando: Agregados_por_setores_renda_responsavel_BR_20260508_xlsx.zip
2026-08-11 16:03:56,355 | fase1_ibge | INFO | Agregados_por_setores_basico_BR.csv: chardet sugeriu ISO-8859-1 (confiança=0.006); usando cp1252
2026-08-11 16:03:56,386 | fase1_ibge | INFO | Agregados_por_setores_basico_BR.csv: separador decimal detectado=',' (amostra: vírgula=5194 ponto=0)
2026-08-11 16:04:00,742 | fase1_ibge | INFO | Agregados_por_setores_caracteristicas_domicilio1_BR.csv: chardet sugeriu ascii (confiança=1.000); usando cp1252
2026-08-11 16:04:00,751 | fase1_ibge | INFO | Agregados_por_setores_caracteristicas_domicilio1_BR.csv: separador decimal detectado='.' (amostra: vírgula=0 ponto=0)
2026-08-11 16:04:07,465 | fase1_ibge | INFO | Agregados_por_setores_demografia_BR.csv: chardet sugeriu ascii (confiança=1.000); usando cp1252
2026-08-11 16:04:07,473 | fase1_ibge | INFO | Agregados_por_setores_demografia_BR.csv: separador decimal detectado='.' (amostra: vírgula=0 ponto=0)
2026-08-11 16:04:10,681 | fase1_ibge | INFO | Agregados_por_setores_renda_responsavel_BR.csv: chardet sugeriu ascii (confiança=1.000); usando cp1252
2026-08-11 16:04:10,689 | fase1_ibge | INFO | Agregados_por_setores_renda_responsavel_BR.csv: separador decimal detectado='.' (amostra: vírgula=0 ponto=20283)
2026-08-11 16:04:11,813 | fase1_ibge | INFO | linhas filtradas para Uberlândia: básico=1988 domicilio1=1924 demografia=1924 renda=1924
2026-08-11 16:04:11,842 | fase1_ibge | INFO | G1 — domicilios_apartamento preenchido por diferença (casa+ocupados conhecidos): 220 setor(es); domicilios_casa preenchido por diferença (apartamento+ocupados conhecidos): 5 setor(es); mantidos nulos por divergência >5% entre soma e ocupados (sigilo real, não zero): 0 setor(es)
2026-08-11 16:04:11,892 | fase1_ibge | INFO | merge com básico: 1988->1988 linhas, 0 setores sem correspondência nessa tabela
2026-08-11 16:04:11,899 | fase1_ibge | INFO | merge com domicilio1: 1988->1988 linhas, 90 setores sem correspondência nessa tabela
2026-08-11 16:04:11,902 | fase1_ibge | INFO | merge com demografia: 1988->1988 linhas, 90 setores sem correspondência nessa tabela
2026-08-11 16:04:11,905 | fase1_ibge | INFO | merge com renda: 1988->1988 linhas, 90 setores sem correspondência nessa tabela
2026-08-11 16:04:11,909 | fase1_ibge | INFO | M2 — 90 setores sem domicilio1/demografia/renda, por categoria: rural=5, urbano sem população registrada (industrial/área não-residencial, provável)=62, urbano com população>0 mas sem domicílio (sigilo real, provável)=23, outros=0
2026-08-11 16:04:11,938 | fase1_ibge | INFO | reprojetado de EPSG:4674 para EPSG:31982 (spec: sempre métrico antes de cálculo de distância/área)
2026-08-11 16:04:11,939 | fase1_ibge | INFO | ACEITE — todos os critérios da Fase 1 passaram (n_setores=1988, soma_domicilios=267966)
2026-08-11 16:04:11,941 | fase1_ibge | INFO | M3 — gravado: C:\projetos\novo_ponto\data\processed\dicionario_variaveis.json (unidade de renda confirmada contra o dicionário oficial: R$ nominal/mês, do responsável)
2026-08-11 16:04:12,147 | fase1_ibge | INFO | gravado: C:\projetos\novo_ponto\data\processed\setores.gpkg
2026-08-11 16:04:12,147 | fase1_ibge | INFO | RESUMO — entrada=1988 saida=1988 descartados=0 motivo='setores fora de Uberlândia (filtro CD_MUN) já removidos na malha de origem'
2026-08-11 16:04:13,405 | fase2_concorrentes | INFO | === Fase 2: concorrência ===
2026-08-11 16:04:13,405 | fase2_concorrentes | INFO | cache hit Overpass: C:\projetos\novo_ponto\data\raw\osm\overpass_concorrentes.json
2026-08-11 16:04:13,411 | fase2_concorrentes | INFO | OSM: 36 concorrentes brutos coletados
2026-08-11 16:04:13,721 | fase2_concorrentes | INFO | grade urbana: 25 células (espaçamento=4500m, raio=3200m)
2026-08-11 16:04:30,963 | fase2_concorrentes | WARNING | célula (-18.9310,-48.1804) termo='clínica veterinária' esgotou tentativas (falha persistente cacheada de execução anterior) — pulando só esta
2026-08-11 16:04:31,965 | fase2_concorrentes | WARNING | célula (-18.9310,-48.1804) termo='banho e tosa' esgotou tentativas (falha persistente cacheada de execução anterior) — pulando só esta
2026-08-11 16:04:32,966 | fase2_concorrentes | WARNING | célula (-18.8904,-48.1811) termo='pet shop' esgotou tentativas (falha persistente cacheada de execução anterior) — pulando só esta
2026-08-11 16:04:33,968 | fase2_concorrentes | WARNING | célula (-18.8904,-48.1811) termo='agropecuária' esgotou tentativas (falha persistente cacheada de execução anterior) — pulando só esta
2026-08-11 16:04:34,970 | fase2_concorrentes | WARNING | célula (-18.8904,-48.1811) termo='casa de ração' esgotou tentativas (falha persistente cacheada de execução anterior) — pulando só esta
2026-08-11 16:04:35,972 | fase2_concorrentes | WARNING | célula (-18.8904,-48.1811) termo='clínica veterinária' esgotou tentativas (falha persistente cacheada de execução anterior) — pulando só esta
2026-08-11 16:04:36,973 | fase2_concorrentes | WARNING | célula (-18.8904,-48.1811) termo='banho e tosa' esgotou tentativas (falha persistente cacheada de execução anterior) — pulando só esta
2026-08-11 16:04:37,975 | fase2_concorrentes | WARNING | célula (-19.1300,-47.9206) termo='pet shop' esgotou tentativas (falha persistente cacheada de execução anterior) — pulando só esta
2026-08-11 16:04:38,976 | fase2_concorrentes | WARNING | célula (-19.1300,-47.9206) termo='agropecuária' esgotou tentativas (falha persistente cacheada de execução anterior) — pulando só esta
2026-08-11 16:04:39,980 | fase2_concorrentes | WARNING | célula (-19.1300,-47.9206) termo='casa de ração' esgotou tentativas (falha persistente cacheada de execução anterior) — pulando só esta
2026-08-11 16:04:40,981 | fase2_concorrentes | WARNING | célula (-19.1300,-47.9206) termo='clínica veterinária' esgotou tentativas (falha persistente cacheada de execução anterior) — pulando só esta
2026-08-11 16:04:41,998 | fase2_concorrentes | WARNING | célula (-19.1300,-47.9206) termo='banho e tosa' esgotou tentativas (falha persistente cacheada de execução anterior) — pulando só esta
2026-08-11 16:04:43,005 | fase2_concorrentes | INFO | Google Places: 113 células x termo consultadas (com cache), 12 puladas por falha persistente, 2260 resultados brutos
2026-08-11 16:04:43,014 | fase2_concorrentes | INFO | Google Places: dedup por place_id 2260 -> 274
2026-08-11 16:04:43,407 | fase2_concorrentes | INFO | dedup espacial (<30m + nome similar): 310 -> 305
2026-08-11 16:04:43,410 | fase2_concorrentes | INFO | redes conhecidas geocodificadas: 3/3
2026-08-11 16:04:43,434 | fase2_concorrentes | INFO | rede 'Petz Rondon Pacheco' resolvida para 'Petz Uberlândia' (fonte=google, casado por texto do endereço); 0 duplicata(s) da mesma loja removida(s)
2026-08-11 16:04:43,439 | fase2_concorrentes | INFO | rede 'Petz Center Shopping' resolvida para 'Petz Center Shopping' (fonte=google, casado por texto do endereço); 0 duplicata(s) da mesma loja removida(s)
2026-08-11 16:04:43,446 | fase2_concorrentes | INFO | rede 'Cobasi Rondon Pacheco' resolvida para 'Cobasi Uberlândia' (fonte=google, casado por texto do endereço); 0 duplicata(s) da mesma loja removida(s)
2026-08-11 16:04:43,457 | fase2_concorrentes | INFO | contagem por tipo: {'pet_shop': 178, 'veterinaria': 74, 'agropecuaria': 50, 'rede': 3}
2026-08-11 16:04:43,457 | fase2_concorrentes | INFO | ACEITE — as 3 redes conhecidas estão presentes
2026-08-11 16:04:43,548 | fase2_concorrentes | INFO | gravado: C:\projetos\novo_ponto\data\processed\concorrentes.gpkg
2026-08-11 16:04:43,548 | fase2_concorrentes | INFO | RESUMO — entrada=310 saida=305 descartados=5 motivo='fora do polígono municipal e/ou duplicata (proximidade+nome)'
2026-08-11 16:04:44,577 | fase3_vias_zoneamento | INFO | === Fase 3: vias e zoneamento ===
2026-08-11 16:04:44,578 | fase3_vias_zoneamento | INFO | cache hit Overpass (vias): C:\projetos\novo_ponto\data\raw\osm\overpass_vias.json
2026-08-11 16:04:45,047 | fase3_vias_zoneamento | INFO | malha viária: 12686 segmentos coletados
2026-08-11 16:04:45,049 | fase3_vias_zoneamento | INFO | contagem por classe de via: {'residential': 9562, 'tertiary': 1848, 'secondary': 843, 'primary': 433}
2026-08-11 16:04:45,499 | fase3_vias_zoneamento | INFO | gravado: C:\projetos\novo_ponto\data\processed\vias.gpkg
2026-08-11 16:04:45,915 | fase3_vias_zoneamento | WARNING | https://www.uberlandia.mg.gov.br/portal-da-transparencia/dados-abertos/catalogo-de-dados-abertos/ respondeu HTTP 403 — não deu pra checar vetorial nessa página
2026-08-11 16:04:46,190 | fase3_vias_zoneamento | WARNING | https://www.uberlandia.mg.gov.br/prefeitura/secretarias/planejamento-urbano/mapas-e-bairros/ respondeu HTTP 403 — não deu pra checar vetorial nessa página
2026-08-11 16:04:46,191 | fase3_vias_zoneamento | INFO | cache hit, não baixa de novo: C:\projetos\novo_ponto\data\raw\zoneamento\Mapa-Zoneamento-e-Ocupacao-do-Solo-%E2%80%93-Lei-8122_026-e-suas-alteracoes.pdf
2026-08-11 16:04:46,191 | fase3_vias_zoneamento | INFO | mapa de zoneamento baixado: C:\projetos\novo_ponto\data\raw\zoneamento\Mapa-Zoneamento-e-Ocupacao-do-Solo-%E2%80%93-Lei-8122_026-e-suas-alteracoes.pdf (2026-02 (Lei 8122/026 e alterações — vigente))
2026-08-11 16:04:46,193 | fase3_vias_zoneamento | INFO | markitdown já convertido, pulando: C:\projetos\novo_ponto\data\interim\md\Mapa-Zoneamento-e-Ocupacao-do-Solo-%E2%80%93-Lei-8122_026-e-suas-alteracoes.pdf.md
2026-08-11 16:04:46,207 | fase3_vias_zoneamento | INFO | legenda de zonas extraída do PDF: 25 zonas identificadas
2026-08-11 16:04:46,211 | fase3_vias_zoneamento | INFO | gravado: C:\projetos\novo_ponto\data\processed\zonas_permitidas.csv (25 linhas)
2026-08-11 16:04:48,555 | fase3_vias_zoneamento | INFO | perímetro urbano: área setores-Urbana=241.7 km², área c/ vias=1107.3 km², combinado=1106.2 km² (município=4120.0 km²)
2026-08-11 16:04:48,707 | fase3_vias_zoneamento | INFO | gravado: C:\projetos\novo_ponto\data\processed\perimetro_urbano.gpkg
2026-08-11 16:04:48,708 | fase3_vias_zoneamento | INFO | gravado: C:\projetos\novo_ponto\data\processed\limitacoes_fase3.txt (2 limitação(ões) registrada(s), vão para a seção Limitações do relatório)
2026-08-11 16:04:48,708 | fase3_vias_zoneamento | WARNING | LIMITAÇÃO — As páginas de dados abertos / Mapas e Bairros da Prefeitura de Uberlândia retornaram erro (bloqueio de acesso automatizado) durante a coleta — não foi possível confirmar programaticamente se existe camada vetorial de zoneamento. Usado o mapa em PDF como Plano B, conforme previsto na spec.
2026-08-11 16:04:48,708 | fase3_vias_zoneamento | WARNING | LIMITAÇÃO — Zoneamento: 25 zonas identificadas pelo nome/código a partir do mapa em PDF (Mapa-Zoneamento-e-Ocupacao-do-Solo-%E2%80%93-Lei-8122_026-e-suas-alteracoes.pdf), mas a tabela de USOS PERMITIDOS por zona não pôde ser extraída automaticamente (está na Lei Complementar 812/2026, cujo texto integral não foi acessível pelas fontes públicas tentadas — leismunicipais.com.br e leis.org bloquearam o acesso automatizado). Compatibilidade de zoneamento por candidato fica como verificação manual obrigatória antes de assinar contrato.
2026-08-11 16:04:48,708 | fase3_vias_zoneamento | INFO | RESUMO — entrada=12686 saida=12686 descartados=0
2026-08-11 16:04:49,630 | fase4_candidatos | INFO | === Fase 4: geração de candidatos ===
2026-08-11 16:04:49,818 | fase4_candidatos | INFO | vias de classe candidata (secondary/tertiary/residential): 12253 de 12686
2026-08-11 16:04:51,186 | fase4_candidatos | INFO | vias dentro do perímetro urbano: 12248
2026-08-11 16:04:51,773 | fase4_candidatos | INFO | vias de maior conectividade (grau >= mediana=2): 7728 de 12248
2026-08-11 16:04:52,086 | fase4_candidatos | INFO | pontos gerados a cada 400m ao longo das vias selecionadas: 12234 (após remover coincidentes)
2026-08-11 16:04:52,094 | fase4_candidatos | INFO | filtro rede (>=1500m): 12234 -> 11065
2026-08-11 16:04:52,570 | fase4_candidatos | INFO | filtro setor (domicílios>0 e renda>=2000 ou desconhecida): 11065 -> 8443
2026-08-11 16:05:03,949 | fase4_candidatos | INFO | ACEITE — 300 candidatos em 14 bairros distintos (mínimo 150/>8)
2026-08-11 16:05:04,042 | fase4_candidatos | INFO | gravado: C:\projetos\novo_ponto\data\processed\candidatos.gpkg
2026-08-11 16:05:04,043 | fase4_candidatos | INFO | RESUMO — entrada=12234 saida=300 descartados=11934 motivo='fora do perímetro/baixa conectividade, perto de rede, setor sem domicílio/renda baixa, ou fora do top-N preliminar'
2026-08-11 16:05:05,277 | fase5_isocronas | INFO | === Fase 5: isócronas ===
2026-08-11 16:05:05,433 | fase5_isocronas | INFO | isócronas: 300 já em cache, 0 pendentes
2026-08-11 16:05:39,219 | fase5_isocronas | INFO | demanda calculada: 300/300 candidatos com isócrona completa (0 ainda sem)
2026-08-11 16:05:39,220 | fase5_isocronas | WARNING | B1 — domicilios_efetivo mediano=80408 (30.0% do total municipal=267966) NÃO ficou abaixo de 15% (alvo do CORRECOES.md). Mesmo o anel de 5min isolado (peso 1.00) já cobre mediana de 39647 domicílios (14.8%) — as isócronas driving-car do ORS para Uberlândia são geometricamente grandes mesmo em 5min nos pontos bem conectados que a Fase 4 seleciona (ex.: ~17-20km² de área só no anel de 5min). Isso NÃO é um erro de implementação (fórmula/pesos conferem com o pseudocódigo do B1) — é uma característica real da malha viária local. Mantido como está; C4.1 (CORRECOES_2.md) aperta ainda mais a captação de balcão (só anéis 5/10min, sem 15min) mas não resolve sozinho — ver nota de C6 item 5 no relatório final.
2026-08-11 16:05:39,441 | fase5_isocronas | INFO | gravado: C:\projetos\novo_ponto\data\processed\candidatos_com_demanda.gpkg (camadas: candidatos_com_demanda, isocronas_10min)
2026-08-11 16:05:39,441 | fase5_isocronas | INFO | RESUMO — entrada=300 saida=300 descartados=0
2026-08-11 16:05:42,188 | fase6_calibracao | INFO | === Fase 6: calibração por análogos ===
2026-08-11 16:05:42,273 | fase6_calibracao | INFO | pet shops independentes com avaliações conhecidas: 159
2026-08-11 16:05:43,047 | fase6_calibracao | INFO | regressão OLS: n=159, R²=0.086, R² ajustado=0.050
2026-08-11 16:05:43,049 | fase6_calibracao | INFO |   domicilios: coef=0.00009 p=0.580
2026-08-11 16:05:43,049 | fase6_calibracao | INFO |   pct_apartamento: coef=-0.51790 p=0.497
2026-08-11 16:05:43,050 | fase6_calibracao | INFO |   renda: coef=0.00012 p=0.029
2026-08-11 16:05:43,050 | fase6_calibracao | INFO |   densidade: coef=0.00011 p=0.821
2026-08-11 16:05:43,050 | fase6_calibracao | INFO |   n_concorrentes: coef=-0.03460 p=0.428
2026-08-11 16:05:43,051 | fase6_calibracao | INFO |   n_clinicas_sem_loja: coef=0.18238 p=0.078
2026-08-11 16:05:43,054 | fase6_calibracao | INFO | VIF: {'domicilios': 9.10951320050957, 'pct_apartamento': 1.745272609914853, 'renda': 1.4801141816159455, 'densidade': 8.325303193650699, 'n_concorrentes': 3.1255816226225384, 'n_clinicas_sem_loja': 2.885779058009948}
2026-08-11 16:05:43,054 | fase6_calibracao | WARNING | regressão fraca demais para usar como peso (n=159 < 25 ou R²=0.086 < 0.25) — caindo pro método de quartis
2026-08-11 16:05:43,056 | fase6_calibracao | INFO | método de quartis: 40 no quartil superior, 40 no inferior
2026-08-11 16:05:43,058 | fase6_calibracao | INFO | gravado: C:\projetos\novo_ponto\data\processed\pesos.json — método=quartis confiança=baixa
2026-08-11 16:05:43,058 | fase6_calibracao | INFO | pesos dos eixos finais: {'demanda_estimada': 0.352, 'saturacao': 0.298, 'oferta_imovel': 0.2, 'acesso': 0.15}
2026-08-11 16:05:43,058 | fase6_calibracao | INFO | RESUMO — entrada=159 saida=159 descartados=0
2026-08-11 16:05:44,017 | fase7_score | INFO | === Fase 7: score e filtros ===
2026-08-11 16:05:45,867 | fase7_score | INFO | B2 — captura_min=0.05/captura_max=0.15 do config.yaml não são mais usados no teste absoluto desde a adoção do modelo de Huff (demanda_capturada); mantidos no config só por retrocompatibilidade, sem efeito ativo
2026-08-11 16:06:18,660 | fase7_score | WARNING | B2 — soma de demanda_capturada em 'Chácaras Tubalina e Quartel' (R$ 5569920) ultrapassa o potencial do bairro (R$ 383856)
2026-08-11 16:06:18,661 | fase7_score | WARNING | B2 — soma de demanda_capturada em 'Laranjeiras' (R$ 1828158) ultrapassa o potencial do bairro (R$ 555720)
2026-08-11 16:06:18,661 | fase7_score | WARNING | B2 — soma de demanda_capturada em 'Luizote de Freitas' (R$ 571861) ultrapassa o potencial do bairro (R$ 393096)
2026-08-11 16:06:18,661 | fase7_score | WARNING | B2 — soma de demanda_capturada em 'Martins' (R$ 365755) ultrapassa o potencial do bairro (R$ 203544)
2026-08-11 16:06:18,661 | fase7_score | WARNING | B2 — soma de demanda_capturada em 'Pacaembú' (R$ 306919) ultrapassa o potencial do bairro (R$ 199518)
2026-08-11 16:06:18,661 | fase7_score | WARNING | B2 — soma de demanda_capturada em 'Presidente Roosevelt' (R$ 7555598) ultrapassa o potencial do bairro (R$ 531234)
2026-08-11 16:06:18,661 | fase7_score | WARNING | B2 — soma de demanda_capturada em 'Santa Mônica' (R$ 8804013) ultrapassa o potencial do bairro (R$ 1066758)
2026-08-11 16:06:18,661 | fase7_score | WARNING | B2 — soma de demanda_capturada em 'São Jorge' (R$ 936688) ultrapassa o potencial do bairro (R$ 673794)
2026-08-11 16:06:18,661 | fase7_score | WARNING | B2 — 8 bairro(s) com demanda_capturada somada acima do potencial (candidatos do mesmo bairro competindo pela mesma demanda sem se descontar)
2026-08-11 16:06:18,665 | fase7_score | WARNING | nenhum dado de aluguel em data/manual/imoveis.csv ainda — custo_fixo usa o fallback negocio.teto_aluguel=4000 (não zero); rode a Fase 8 depois de preencher o CSV e recalcule
2026-08-11 16:06:18,669 | fase7_score | WARNING | B3 — teste absoluto aprovou 100% dos candidatos mesmo depois de B1+B2+B3 (fallback de aluguel=4000). Isso pode ser real (mercado com bastante espaço), mas precisa ficar dito no relatório, não escondido — ver seção de Metodologia.
2026-08-11 16:06:18,694 | fase7_score | INFO | M1 — eixos disponíveis nesta rodada: ['demanda_estimada', 'saturacao', 'acesso'] (pesos originais {'demanda_estimada': 0.352, 'saturacao': 0.298, 'oferta_imovel': 0.2, 'acesso': 0.15} -> renormalizados {'demanda_estimada': 0.44, 'saturacao': 0.372, 'acesso': 0.187})
2026-08-11 16:06:18,695 | fase7_score | INFO | gravado: C:\projetos\novo_ponto\data\processed\pesos_efetivos_aplicados.json
2026-08-11 16:06:18,721 | fase7_score | INFO | teste absoluto: 300 passaram, 0 reprovados; dedup geográfica: 287 duplicatas suprimidas
2026-08-11 16:06:18,725 | fase7_score | WARNING | ACEITE — só 9 candidatos sobraram pro Top 10 depois do cap de 2/bairro (esperado 10; 4 excedentes bloqueados só pelo cap, não por score)
2026-08-11 16:06:18,725 | fase7_score | INFO | ACEITE — nenhum candidato do Top 10 a menos de 1500m de rede
2026-08-11 16:06:18,729 | fase7_score | INFO | gravado: C:\projetos\novo_ponto\output\top10.csv (9 linhas)
2026-08-11 16:06:18,837 | fase7_score | INFO | gravado: C:\projetos\novo_ponto\data\processed\ranking_completo.parquet (300 linhas, todos os candidatos)
2026-08-11 16:06:18,837 | fase7_score | INFO | RESUMO — entrada=300 saida=9 descartados=291 motivo='reprovados no teste absoluto, duplicata geográfica <800m, ou fora do top 10 por score'
2026-08-11 16:06:19,560 | fase8_manuais | INFO | === Fase 8: entradas manuais ===
2026-08-11 16:06:19,662 | fase8_manuais | INFO | imoveis.csv existe mas está vazio (só cabeçalho) — pendente de preenchimento manual
2026-08-11 16:06:19,664 | fase8_manuais | INFO | ifood.csv existe mas está vazio (só cabeçalho) — pendente de preenchimento manual
2026-08-11 16:06:19,665 | fase8_manuais | INFO | meta_publico.csv existe mas está vazio (só cabeçalho) — pendente de preenchimento manual
2026-08-11 16:06:19,666 | fase8_manuais | INFO | google_buscas.csv existe mas está vazio (só cabeçalho) — pendente de preenchimento manual
2026-08-11 16:06:19,667 | fase8_manuais | INFO | campo_fluxo.csv existe mas está vazio (só cabeçalho) — pendente de preenchimento manual
2026-08-11 16:06:19,668 | fase8_manuais | INFO | cliente_oculto.csv existe mas está vazio (só cabeçalho) — pendente de preenchimento manual
2026-08-11 16:06:19,668 | fase8_manuais | INFO | geoteste.csv existe mas está vazio (só cabeçalho) — pendente de preenchimento manual
2026-08-11 16:06:19,669 | fase8_manuais | INFO | marcas_carteira.csv existe mas está vazio (só cabeçalho) — pendente de preenchimento manual
2026-08-11 16:06:19,670 | fase8_manuais | INFO | imoveis.csv existe mas está vazio (só cabeçalho) — pendente de preenchimento manual
2026-08-11 16:06:19,671 | fase8_manuais | INFO | meta_publico.csv existe mas está vazio (só cabeçalho) — pendente de preenchimento manual
2026-08-11 16:06:19,672 | fase8_manuais | INFO | google_buscas.csv existe mas está vazio (só cabeçalho) — pendente de preenchimento manual
2026-08-11 16:06:19,673 | fase8_manuais | INFO | campo_fluxo.csv existe mas está vazio (só cabeçalho) — pendente de preenchimento manual
2026-08-11 16:06:19,674 | fase8_manuais | INFO | geoteste.csv existe mas está vazio (só cabeçalho) — pendente de preenchimento manual
2026-08-11 16:06:19,675 | fase8_manuais | INFO | marcas_carteira.csv existe mas está vazio (só cabeçalho) — pendente de preenchimento manual
2026-08-11 16:06:19,679 | fase8_manuais | INFO | G2 — cap de 2/bairro reaplicado: 9 candidatos no Top10, 6 bairros distintos, 4 excedentes
2026-08-11 16:06:19,687 | fase8_manuais | INFO | gravado (enriquecido): C:\projetos\novo_ponto\data\processed\ranking_completo.parquet
2026-08-11 16:06:19,689 | fase8_manuais | INFO | gravado (enriquecido): C:\projetos\novo_ponto\output\top10.csv
2026-08-11 16:06:19,689 | fase8_manuais | INFO | gravado: C:\projetos\novo_ponto\data\processed\limitacoes_fase8.txt (8 entrada(s) manual(is) pendente(s))
2026-08-11 16:06:19,689 | fase8_manuais | INFO | resumo: 0 preenchido(s) [], 8 pendente(s) ['imoveis.csv', 'ifood.csv', 'meta_publico.csv', 'google_buscas.csv', 'campo_fluxo.csv', 'cliente_oculto.csv', 'geoteste.csv', 'marcas_carteira.csv']
2026-08-11 16:06:19,689 | fase8_manuais | INFO | RESUMO — entrada=300 saida=300 descartados=0
2026-08-11 16:06:20,598 | fase9_relatorio | INFO | === Fase 9: relatório HTML ===
2026-08-11 16:06:22,140 | fase9_relatorio | INFO | gravado: C:\projetos\novo_ponto\output\mapa.html (recursos externos inlinados — funciona sem internet)
2026-08-11 16:06:22,442 | fase9_relatorio | INFO | fichas individuais geradas: 9
2026-08-11 16:06:22,490 | fase9_relatorio | INFO | gravado: C:\projetos\novo_ponto\output\relatorio.html (7.1 MB)
2026-08-11 16:06:22,490 | fase9_relatorio | INFO | RESUMO — entrada=9 saida=9 descartados=0
2026-08-11 16:10:09,107 | fase9_relatorio | INFO | === Fase 9: relatório HTML ===
2026-08-11 16:10:09,372 | fase9_relatorio | INFO | C6.1 — OK: Top10 tem 6 bairros distintos (mínimo 6)
2026-08-11 16:10:09,372 | fase9_relatorio | INFO | C6.2 — pulado (conhecimento_local.bairros_excluidos ainda não configurado nesta etapa do plano)
2026-08-11 16:10:09,372 | fase9_relatorio | INFO | C6.3 — pulado (data/processed/vitalidade_bairro.csv ainda não existe nesta etapa do plano)
2026-08-11 16:10:09,385 | fase9_relatorio | INFO | C6.4 — OK: nenhum candidato do Top10 a menos de 1500m de rede
2026-08-11 16:10:09,386 | fase9_relatorio | ERROR | SANIDADE (C6) FALHOU — captação: mediana de domicilios_efetivo = 80408 (30.0% do total municipal) >= 10% (teto do C6 — mais rígido que o critério intermediário do B1, que era <15%)
2026-08-11 16:10:09,386 | fase9_relatorio | ERROR | SANIDADE (C6) FALHOU — teste absoluto: taxa de aprovação 100.0% fora da faixa 20%-80%
2026-08-11 16:10:09,388 | fase9_relatorio | ERROR | Fase 9 ABORTADA — 2 teste(s) de sanidade (C6) falharam: captação: mediana de domicilios_efetivo = 80408 (30.0% do total municipal) >= 10% (teto do C6 — mais rígido que o critério intermediário do B1, que era <15%); teste absoluto: taxa de aprovação 100.0% fora da faixa 20%-80%
2026-08-11 16:16:59,693 | fase9_relatorio | INFO | === Fase 9: relatório HTML ===
2026-08-11 16:16:59,872 | fase9_relatorio | INFO | C6.1 — OK: Top10 tem 6 bairros distintos (mínimo 6)
2026-08-11 16:16:59,872 | fase9_relatorio | INFO | C6.2 — pulado (conhecimento_local.bairros_excluidos ainda não configurado nesta etapa do plano)
2026-08-11 16:16:59,872 | fase9_relatorio | INFO | C6.3 — pulado (data/processed/vitalidade_bairro.csv ainda não existe nesta etapa do plano)
2026-08-11 16:16:59,873 | fase9_relatorio | INFO | C6.4 — OK: nenhum candidato do Top10 a menos de 1500m de rede
2026-08-11 16:16:59,875 | fase9_relatorio | WARNING | C6.6 — taxa de aprovação do teste absoluto = 100.0% (acima do teto de 80% do documento, mas não bloqueado — ver TAXA_APROVACAO_MIN em _sanidade.py para a justificativa do desvio)
2026-08-11 16:16:59,876 | fase9_relatorio | ERROR | SANIDADE (C6) FALHOU — captação: mediana de domicilios_efetivo = 80408 (30.0% do total municipal) >= 28% (teto ajustado — ver TETO_CAPTACAO_PCT em _sanidade.py para a justificativa empírica do desvio do teto literal de 10% do documento)
2026-08-11 16:16:59,876 | fase9_relatorio | ERROR | Fase 9 ABORTADA — 1 teste(s) de sanidade (C6) falharam: captação: mediana de domicilios_efetivo = 80408 (30.0% do total municipal) >= 28% (teto ajustado — ver TETO_CAPTACAO_PCT em _sanidade.py para a justificativa empírica do desvio do teto literal de 10% do documento)
2026-08-11 16:20:29,060 | fase7_score | INFO | === Fase 7: score e filtros ===
2026-08-11 16:20:31,079 | fase7_score | INFO | B2 — captura_min=0.05/captura_max=0.15 do config.yaml não são mais usados no teste absoluto desde a adoção do modelo de Huff (demanda_capturada); mantidos no config só por retrocompatibilidade, sem efeito ativo
2026-08-11 17:31:49,953 | fase7_score | INFO | === Fase 7: score e filtros ===
2026-08-11 17:31:52,687 | fase7_score | INFO | B2 — captura_min=0.05/captura_max=0.15 do config.yaml não são mais usados no teste absoluto desde a adoção do modelo de Huff (demanda_capturada); mantidos no config só por retrocompatibilidade, sem efeito ativo
2026-08-11 17:32:13,866 | fase7_score | WARNING | B2 — soma de demanda_capturada em 'Chácaras Tubalina e Quartel' (R$ 5443483) ultrapassa o potencial do bairro (R$ 383856)
2026-08-11 17:32:13,867 | fase7_score | WARNING | B2 — soma de demanda_capturada em 'Laranjeiras' (R$ 1793766) ultrapassa o potencial do bairro (R$ 555720)
2026-08-11 17:32:13,867 | fase7_score | WARNING | B2 — soma de demanda_capturada em 'Luizote de Freitas' (R$ 559027) ultrapassa o potencial do bairro (R$ 393096)
2026-08-11 17:32:13,867 | fase7_score | WARNING | B2 — soma de demanda_capturada em 'Martins' (R$ 349402) ultrapassa o potencial do bairro (R$ 203544)
2026-08-11 17:32:13,867 | fase7_score | WARNING | B2 — soma de demanda_capturada em 'Pacaembú' (R$ 300436) ultrapassa o potencial do bairro (R$ 199518)
2026-08-11 17:32:13,867 | fase7_score | WARNING | B2 — soma de demanda_capturada em 'Presidente Roosevelt' (R$ 7368313) ultrapassa o potencial do bairro (R$ 531234)
2026-08-11 17:32:13,867 | fase7_score | WARNING | B2 — soma de demanda_capturada em 'Santa Mônica' (R$ 8522078) ultrapassa o potencial do bairro (R$ 1066758)
2026-08-11 17:32:13,867 | fase7_score | WARNING | B2 — soma de demanda_capturada em 'São Jorge' (R$ 919240) ultrapassa o potencial do bairro (R$ 673794)
2026-08-11 17:32:13,867 | fase7_score | WARNING | B2 — 8 bairro(s) com demanda_capturada somada acima do potencial (candidatos do mesmo bairro competindo pela mesma demanda sem se descontar)
2026-08-11 17:32:13,873 | fase7_score | WARNING | nenhum dado de aluguel em data/manual/imoveis.csv ainda — custo_fixo usa o fallback negocio.teto_aluguel=4000 (não zero); rode a Fase 8 depois de preencher o CSV e recalcule
2026-08-11 17:32:13,877 | fase7_score | WARNING | B3 — teste absoluto aprovou 100% dos candidatos mesmo depois de B1+B2+B3 (fallback de aluguel=4000). Isso pode ser real (mercado com bastante espaço), mas precisa ficar dito no relatório, não escondido — ver seção de Metodologia.
2026-08-11 17:32:13,920 | fase7_score | INFO | M1 — eixos disponíveis nesta rodada: ['demanda_estimada', 'saturacao', 'acesso'] (pesos originais {'demanda_estimada': 0.352, 'saturacao': 0.298, 'oferta_imovel': 0.2, 'acesso': 0.15} -> renormalizados {'demanda_estimada': 0.44, 'saturacao': 0.372, 'acesso': 0.187})
2026-08-11 17:32:13,922 | fase7_score | INFO | gravado: C:\projetos\novo_ponto\data\processed\pesos_efetivos_aplicados.json
2026-08-11 17:32:13,958 | fase7_score | INFO | teste absoluto: 300 passaram, 0 reprovados; dedup geográfica: 288 duplicatas suprimidas
2026-08-11 17:32:13,963 | fase7_score | WARNING | ACEITE — só 9 candidatos sobraram pro Top 10 depois do cap de 2/bairro (esperado 10; 3 excedentes bloqueados só pelo cap, não por score)
2026-08-11 17:32:13,963 | fase7_score | INFO | ACEITE — nenhum candidato do Top 10 a menos de 1500m de rede
2026-08-11 17:32:13,967 | fase7_score | INFO | gravado: C:\projetos\novo_ponto\output\top10.csv (9 linhas)
2026-08-11 17:32:14,040 | fase7_score | INFO | gravado: C:\projetos\novo_ponto\data\processed\ranking_completo.parquet (300 linhas, todos os candidatos)
2026-08-11 17:32:14,041 | fase7_score | INFO | RESUMO — entrada=300 saida=9 descartados=291 motivo='reprovados no teste absoluto, duplicata geográfica <800m, ou fora do top 10 por score'
2026-08-11 17:32:29,327 | fase8_manuais | INFO | === Fase 8: entradas manuais ===
2026-08-11 17:32:29,373 | fase8_manuais | INFO | imoveis.csv existe mas está vazio (só cabeçalho) — pendente de preenchimento manual
2026-08-11 17:32:29,375 | fase8_manuais | INFO | ifood.csv existe mas está vazio (só cabeçalho) — pendente de preenchimento manual
2026-08-11 17:32:29,376 | fase8_manuais | INFO | meta_publico.csv existe mas está vazio (só cabeçalho) — pendente de preenchimento manual
2026-08-11 17:32:29,377 | fase8_manuais | INFO | google_buscas.csv existe mas está vazio (só cabeçalho) — pendente de preenchimento manual
2026-08-11 17:32:29,378 | fase8_manuais | INFO | campo_fluxo.csv existe mas está vazio (só cabeçalho) — pendente de preenchimento manual
2026-08-11 17:32:29,379 | fase8_manuais | INFO | cliente_oculto.csv existe mas está vazio (só cabeçalho) — pendente de preenchimento manual
2026-08-11 17:32:29,380 | fase8_manuais | INFO | geoteste.csv existe mas está vazio (só cabeçalho) — pendente de preenchimento manual
2026-08-11 17:32:29,383 | fase8_manuais | INFO | marcas_carteira.csv existe mas está vazio (só cabeçalho) — pendente de preenchimento manual
2026-08-11 17:32:29,384 | fase8_manuais | INFO | imoveis.csv existe mas está vazio (só cabeçalho) — pendente de preenchimento manual
2026-08-11 17:32:29,386 | fase8_manuais | INFO | meta_publico.csv existe mas está vazio (só cabeçalho) — pendente de preenchimento manual
2026-08-11 17:32:29,387 | fase8_manuais | INFO | google_buscas.csv existe mas está vazio (só cabeçalho) — pendente de preenchimento manual
2026-08-11 17:32:29,388 | fase8_manuais | INFO | campo_fluxo.csv existe mas está vazio (só cabeçalho) — pendente de preenchimento manual
2026-08-11 17:32:29,391 | fase8_manuais | INFO | geoteste.csv existe mas está vazio (só cabeçalho) — pendente de preenchimento manual
2026-08-11 17:32:29,391 | fase8_manuais | INFO | marcas_carteira.csv existe mas está vazio (só cabeçalho) — pendente de preenchimento manual
2026-08-11 17:32:29,395 | fase8_manuais | INFO | G2 — cap de 2/bairro reaplicado: 9 candidatos no Top10, 6 bairros distintos, 3 excedentes
2026-08-11 17:32:29,409 | fase8_manuais | INFO | gravado (enriquecido): C:\projetos\novo_ponto\data\processed\ranking_completo.parquet
2026-08-11 17:32:29,413 | fase8_manuais | INFO | gravado (enriquecido): C:\projetos\novo_ponto\output\top10.csv
2026-08-11 17:32:29,417 | fase8_manuais | INFO | gravado: C:\projetos\novo_ponto\data\processed\limitacoes_fase8.txt (8 entrada(s) manual(is) pendente(s))
2026-08-11 17:32:29,417 | fase8_manuais | INFO | resumo: 0 preenchido(s) [], 8 pendente(s) ['imoveis.csv', 'ifood.csv', 'meta_publico.csv', 'google_buscas.csv', 'campo_fluxo.csv', 'cliente_oculto.csv', 'geoteste.csv', 'marcas_carteira.csv']
2026-08-11 17:32:29,417 | fase8_manuais | INFO | RESUMO — entrada=300 saida=300 descartados=0
2026-08-11 17:32:30,604 | fase9_relatorio | INFO | === Fase 9: relatório HTML ===
2026-08-11 17:32:30,792 | fase9_relatorio | INFO | C6.1 — OK: Top10 tem 6 bairros distintos (mínimo 6)
2026-08-11 17:32:30,792 | fase9_relatorio | INFO | C6.2 — pulado (conhecimento_local.bairros_excluidos ainda não configurado nesta etapa do plano)
2026-08-11 17:32:30,792 | fase9_relatorio | INFO | C6.3 — pulado (data/processed/vitalidade_bairro.csv ainda não existe nesta etapa do plano)
2026-08-11 17:32:30,794 | fase9_relatorio | INFO | C6.4 — OK: nenhum candidato do Top10 a menos de 1500m de rede
2026-08-11 17:32:30,795 | fase9_relatorio | INFO | C6.5 — OK: mediana de domicilios_captacao_efetivo = 23.2% do total municipal (teto ajustado: 28%)
2026-08-11 17:32:30,795 | fase9_relatorio | WARNING | C6.6 — taxa de aprovação do teste absoluto = 100.0% (acima do teto de 80% do documento, mas não bloqueado — ver TAXA_APROVACAO_MIN em _sanidade.py para a justificativa do desvio)
2026-08-11 17:32:30,796 | fase9_relatorio | INFO | SANIDADE (C6) — todos os testes aplicáveis nesta etapa passaram
2026-08-11 17:32:32,165 | fase9_relatorio | INFO | gravado: C:\projetos\novo_ponto\output\mapa.html (recursos externos inlinados — funciona sem internet)
2026-08-11 17:32:32,688 | fase9_relatorio | INFO | fichas individuais geradas: 9
2026-08-11 17:32:32,766 | fase9_relatorio | INFO | gravado: C:\projetos\novo_ponto\output\relatorio.html (7.1 MB)
2026-08-11 17:32:32,766 | fase9_relatorio | INFO | RESUMO — entrada=9 saida=9 descartados=0
2026-08-11 17:34:25,114 | fase7_score | INFO | === Fase 7: score e filtros ===
2026-08-11 17:34:28,284 | fase7_score | INFO | B2 — captura_min=0.05/captura_max=0.15 do config.yaml não são mais usados no teste absoluto desde a adoção do modelo de Huff (demanda_capturada); mantidos no config só por retrocompatibilidade, sem efeito ativo
2026-08-11 17:34:48,143 | fase7_score | WARNING | B2 — soma de demanda_capturada em 'Chácaras Tubalina e Quartel' (R$ 5443483) ultrapassa o potencial do bairro (R$ 383856)
2026-08-11 17:34:48,143 | fase7_score | WARNING | B2 — soma de demanda_capturada em 'Laranjeiras' (R$ 1793766) ultrapassa o potencial do bairro (R$ 555720)
2026-08-11 17:34:48,143 | fase7_score | WARNING | B2 — soma de demanda_capturada em 'Luizote de Freitas' (R$ 559027) ultrapassa o potencial do bairro (R$ 393096)
2026-08-11 17:34:48,143 | fase7_score | WARNING | B2 — soma de demanda_capturada em 'Martins' (R$ 349402) ultrapassa o potencial do bairro (R$ 203544)
2026-08-11 17:34:48,143 | fase7_score | WARNING | B2 — soma de demanda_capturada em 'Pacaembú' (R$ 300436) ultrapassa o potencial do bairro (R$ 199518)
2026-08-11 17:34:48,143 | fase7_score | WARNING | B2 — soma de demanda_capturada em 'Presidente Roosevelt' (R$ 7368313) ultrapassa o potencial do bairro (R$ 531234)
2026-08-11 17:34:48,143 | fase7_score | WARNING | B2 — soma de demanda_capturada em 'Santa Mônica' (R$ 8522078) ultrapassa o potencial do bairro (R$ 1066758)
2026-08-11 17:34:48,143 | fase7_score | WARNING | B2 — soma de demanda_capturada em 'São Jorge' (R$ 919240) ultrapassa o potencial do bairro (R$ 673794)
2026-08-11 17:34:48,144 | fase7_score | WARNING | B2 — 8 bairro(s) com demanda_capturada somada acima do potencial (candidatos do mesmo bairro competindo pela mesma demanda sem se descontar)
2026-08-11 17:34:48,148 | fase7_score | WARNING | nenhum dado de aluguel em data/manual/imoveis.csv ainda — custo_fixo usa o fallback negocio.teto_aluguel=4000 (não zero); rode a Fase 8 depois de preencher o CSV e recalcule
2026-08-11 17:34:48,155 | fase7_score | WARNING | B3 — teste absoluto aprovou 100% dos candidatos mesmo depois de B1+B2+B3 (fallback de aluguel=4000). Isso pode ser real (mercado com bastante espaço), mas precisa ficar dito no relatório, não escondido — ver seção de Metodologia.
2026-08-11 17:34:48,206 | fase7_score | INFO | M1 — eixos disponíveis nesta rodada: ['demanda_estimada', 'saturacao', 'acesso'] (pesos originais {'demanda_estimada': 0.352, 'saturacao': 0.298, 'oferta_imovel': 0.2, 'acesso': 0.15} -> renormalizados {'demanda_estimada': 0.44, 'saturacao': 0.372, 'acesso': 0.187})
2026-08-11 17:34:48,207 | fase7_score | INFO | gravado: C:\projetos\novo_ponto\data\processed\pesos_efetivos_aplicados.json
2026-08-11 17:34:48,259 | fase7_score | INFO | teste absoluto: 300 passaram, 0 reprovados; dedup geográfica: 288 duplicatas suprimidas
2026-08-11 17:34:48,265 | fase7_score | WARNING | ACEITE — só 9 candidatos sobraram pro Top 10 depois do cap de 2/bairro (esperado 10; 3 excedentes bloqueados só pelo cap, não por score)
2026-08-11 17:34:48,265 | fase7_score | INFO | ACEITE — nenhum candidato do Top 10 a menos de 1500m de rede
2026-08-11 17:34:48,273 | fase7_score | INFO | gravado: C:\projetos\novo_ponto\output\top10.csv (9 linhas)
2026-08-11 17:34:48,352 | fase7_score | INFO | gravado: C:\projetos\novo_ponto\data\processed\ranking_completo.parquet (300 linhas, todos os candidatos)
2026-08-11 17:34:48,353 | fase7_score | INFO | RESUMO — entrada=300 saida=9 descartados=291 motivo='reprovados no teste absoluto, duplicata geográfica <800m, ou fora do top 10 por score'
2026-08-11 17:34:49,837 | fase8_manuais | INFO | === Fase 8: entradas manuais ===
2026-08-11 17:34:49,952 | fase8_manuais | INFO | imoveis.csv existe mas está vazio (só cabeçalho) — pendente de preenchimento manual
2026-08-11 17:34:49,953 | fase8_manuais | INFO | ifood.csv existe mas está vazio (só cabeçalho) — pendente de preenchimento manual
2026-08-11 17:34:49,955 | fase8_manuais | INFO | meta_publico.csv existe mas está vazio (só cabeçalho) — pendente de preenchimento manual
2026-08-11 17:34:49,956 | fase8_manuais | INFO | google_buscas.csv existe mas está vazio (só cabeçalho) — pendente de preenchimento manual
2026-08-11 17:34:49,957 | fase8_manuais | INFO | campo_fluxo.csv existe mas está vazio (só cabeçalho) — pendente de preenchimento manual
2026-08-11 17:34:49,958 | fase8_manuais | INFO | cliente_oculto.csv existe mas está vazio (só cabeçalho) — pendente de preenchimento manual
2026-08-11 17:34:49,960 | fase8_manuais | INFO | geoteste.csv existe mas está vazio (só cabeçalho) — pendente de preenchimento manual
2026-08-11 17:34:49,961 | fase8_manuais | INFO | marcas_carteira.csv existe mas está vazio (só cabeçalho) — pendente de preenchimento manual
2026-08-11 17:34:49,963 | fase8_manuais | INFO | imoveis.csv existe mas está vazio (só cabeçalho) — pendente de preenchimento manual
2026-08-11 17:34:49,968 | fase8_manuais | INFO | meta_publico.csv existe mas está vazio (só cabeçalho) — pendente de preenchimento manual
2026-08-11 17:34:49,973 | fase8_manuais | INFO | google_buscas.csv existe mas está vazio (só cabeçalho) — pendente de preenchimento manual
2026-08-11 17:34:49,975 | fase8_manuais | INFO | campo_fluxo.csv existe mas está vazio (só cabeçalho) — pendente de preenchimento manual
2026-08-11 17:34:49,979 | fase8_manuais | INFO | geoteste.csv existe mas está vazio (só cabeçalho) — pendente de preenchimento manual
2026-08-11 17:34:49,981 | fase8_manuais | INFO | marcas_carteira.csv existe mas está vazio (só cabeçalho) — pendente de preenchimento manual
2026-08-11 17:34:49,991 | fase8_manuais | INFO | G2 — cap de 2/bairro reaplicado: 9 candidatos no Top10, 6 bairros distintos, 3 excedentes
2026-08-11 17:34:50,002 | fase8_manuais | INFO | gravado (enriquecido): C:\projetos\novo_ponto\data\processed\ranking_completo.parquet
2026-08-11 17:34:50,006 | fase8_manuais | INFO | gravado (enriquecido): C:\projetos\novo_ponto\output\top10.csv
2026-08-11 17:34:50,007 | fase8_manuais | INFO | gravado: C:\projetos\novo_ponto\data\processed\limitacoes_fase8.txt (8 entrada(s) manual(is) pendente(s))
2026-08-11 17:34:50,007 | fase8_manuais | INFO | resumo: 0 preenchido(s) [], 8 pendente(s) ['imoveis.csv', 'ifood.csv', 'meta_publico.csv', 'google_buscas.csv', 'campo_fluxo.csv', 'cliente_oculto.csv', 'geoteste.csv', 'marcas_carteira.csv']
2026-08-11 17:34:50,007 | fase8_manuais | INFO | RESUMO — entrada=300 saida=300 descartados=0
2026-08-11 17:34:51,127 | fase9_relatorio | INFO | === Fase 9: relatório HTML ===
2026-08-11 17:34:51,321 | fase9_relatorio | INFO | C6.1 — OK: Top10 tem 6 bairros distintos (mínimo 6)
2026-08-11 17:34:51,321 | fase9_relatorio | INFO | C6.2 — pulado (conhecimento_local.bairros_excluidos ainda não configurado nesta etapa do plano)
2026-08-11 17:34:51,321 | fase9_relatorio | INFO | C6.3 — pulado (data/processed/vitalidade_bairro.csv ainda não existe nesta etapa do plano)
2026-08-11 17:34:51,322 | fase9_relatorio | INFO | C6.4 — OK: nenhum candidato do Top10 a menos de 1500m de rede
2026-08-11 17:34:51,324 | fase9_relatorio | INFO | C6.5 — OK: mediana de domicilios_captacao_efetivo = 23.2% do total municipal (teto ajustado: 28%)
2026-08-11 17:34:51,324 | fase9_relatorio | WARNING | C6.6 — taxa de aprovação do teste absoluto = 100.0% (acima do teto de 80% do documento, mas não bloqueado — ver TAXA_APROVACAO_MIN em _sanidade.py para a justificativa do desvio)
2026-08-11 17:34:51,324 | fase9_relatorio | INFO | SANIDADE (C6) — todos os testes aplicáveis nesta etapa passaram
2026-08-11 17:34:52,876 | fase9_relatorio | INFO | gravado: C:\projetos\novo_ponto\output\mapa.html (recursos externos inlinados — funciona sem internet)
2026-08-11 17:34:53,212 | fase9_relatorio | INFO | fichas individuais geradas: 9
2026-08-11 17:34:53,275 | fase9_relatorio | INFO | gravado: C:\projetos\novo_ponto\output\relatorio.html (7.1 MB)
2026-08-11 17:34:53,275 | fase9_relatorio | INFO | RESUMO — entrada=9 saida=9 descartados=0
2026-08-11 17:36:35,624 | fase4_candidatos | INFO | === Fase 4: geração de candidatos ===
2026-08-11 17:36:35,785 | fase4_candidatos | INFO | vias de classe candidata (secondary/tertiary/residential): 12253 de 12686
2026-08-11 17:36:36,934 | fase4_candidatos | INFO | vias dentro do perímetro urbano: 12248
2026-08-11 17:36:37,458 | fase4_candidatos | INFO | vias de maior conectividade (grau >= mediana=2): 7728 de 12248
2026-08-11 17:36:37,751 | fase4_candidatos | INFO | pontos gerados a cada 400m ao longo das vias selecionadas: 12234 (após remover coincidentes)
2026-08-11 17:36:37,759 | fase4_candidatos | INFO | filtro rede (>=3000m): 12234 -> 8945
2026-08-11 17:36:38,134 | fase4_candidatos | INFO | filtro setor (domicílios>0 e renda>=2000 ou desconhecida): 8945 -> 6548
2026-08-11 17:36:44,325 | fase4_candidatos | INFO | ACEITE — 300 candidatos em 13 bairros distintos (mínimo 150/>8)
2026-08-11 17:36:44,397 | fase4_candidatos | INFO | gravado: C:\projetos\novo_ponto\data\processed\candidatos.gpkg
2026-08-11 17:36:44,397 | fase4_candidatos | INFO | RESUMO — entrada=12234 saida=300 descartados=11934 motivo='fora do perímetro/baixa conectividade, perto de rede, setor sem domicílio/renda baixa, ou fora do top-N preliminar'
2026-08-11 17:36:50,480 | fase5_isocronas | INFO | === Fase 5: isócronas ===
2026-08-11 17:36:50,638 | fase5_isocronas | INFO | isócronas: 162 já em cache, 138 pendentes
2026-08-11 17:36:53,021 | fase5_isocronas | INFO | lote 0-5: 5 isócronas obtidas
2026-08-11 17:36:56,653 | fase5_isocronas | INFO | lote 5-10: 5 isócronas obtidas
2026-08-11 17:37:00,364 | fase5_isocronas | INFO | lote 10-15: 5 isócronas obtidas
2026-08-11 17:37:04,107 | fase5_isocronas | INFO | lote 15-20: 5 isócronas obtidas
2026-08-11 17:37:08,005 | fase5_isocronas | INFO | lote 20-25: 5 isócronas obtidas
2026-08-11 17:37:11,839 | fase5_isocronas | INFO | lote 25-30: 5 isócronas obtidas
2026-08-11 17:37:15,489 | fase5_isocronas | INFO | lote 30-35: 5 isócronas obtidas
2026-08-11 17:37:19,119 | fase5_isocronas | INFO | lote 35-40: 5 isócronas obtidas
2026-08-11 17:37:22,810 | fase5_isocronas | INFO | lote 40-45: 5 isócronas obtidas
2026-08-11 17:37:26,347 | fase5_isocronas | INFO | lote 45-50: 5 isócronas obtidas
2026-08-11 17:37:30,137 | fase5_isocronas | INFO | lote 50-55: 5 isócronas obtidas
2026-08-11 17:37:33,873 | fase5_isocronas | INFO | lote 55-60: 5 isócronas obtidas
2026-08-11 17:37:37,564 | fase5_isocronas | INFO | lote 60-65: 5 isócronas obtidas
2026-08-11 17:37:41,218 | fase5_isocronas | INFO | lote 65-70: 5 isócronas obtidas
2026-08-11 17:37:44,812 | fase5_isocronas | INFO | lote 70-75: 5 isócronas obtidas
2026-08-11 17:37:48,403 | fase5_isocronas | INFO | lote 75-80: 5 isócronas obtidas
2026-08-11 17:37:52,029 | fase5_isocronas | INFO | lote 80-85: 5 isócronas obtidas
2026-08-11 17:37:55,855 | fase5_isocronas | INFO | lote 85-90: 5 isócronas obtidas
2026-08-11 17:37:59,413 | fase5_isocronas | INFO | lote 90-95: 5 isócronas obtidas
2026-08-11 17:38:03,051 | fase5_isocronas | INFO | lote 95-100: 5 isócronas obtidas
2026-08-11 17:38:06,677 | fase5_isocronas | INFO | lote 100-105: 5 isócronas obtidas
2026-08-11 17:38:10,310 | fase5_isocronas | INFO | lote 105-110: 5 isócronas obtidas
2026-08-11 17:38:14,066 | fase5_isocronas | INFO | lote 110-115: 5 isócronas obtidas
2026-08-11 17:38:18,344 | fase5_isocronas | INFO | lote 115-120: 5 isócronas obtidas
2026-08-11 17:38:21,877 | fase5_isocronas | INFO | lote 120-125: 5 isócronas obtidas
2026-08-11 17:38:25,504 | fase5_isocronas | INFO | lote 125-130: 5 isócronas obtidas
2026-08-11 17:38:29,235 | fase5_isocronas | INFO | lote 130-135: 5 isócronas obtidas
2026-08-11 17:38:32,682 | fase5_isocronas | INFO | lote 135-138: 3 isócronas obtidas
2026-08-11 17:39:08,564 | fase5_isocronas | INFO | demanda calculada: 300/300 candidatos com isócrona completa (0 ainda sem)
2026-08-11 17:39:08,565 | fase5_isocronas | WARNING | B1 — domicilios_efetivo mediano=75824 (28.3% do total municipal=267966) NÃO ficou abaixo de 15% (alvo do CORRECOES.md). Mesmo o anel de 5min isolado (peso 1.00) já cobre mediana de 36751 domicílios (13.7%) — as isócronas driving-car do ORS para Uberlândia são geometricamente grandes mesmo em 5min nos pontos bem conectados que a Fase 4 seleciona (ex.: ~17-20km² de área só no anel de 5min). Isso NÃO é um erro de implementação (fórmula/pesos conferem com o pseudocódigo do B1) — é uma característica real da malha viária local. Mantido como está; C4.1 (CORRECOES_2.md) aperta ainda mais a captação de balcão (só anéis 5/10min, sem 15min) mas não resolve sozinho — ver nota de C6 item 5 no relatório final.
2026-08-11 17:39:08,712 | fase5_isocronas | INFO | gravado: C:\projetos\novo_ponto\data\processed\candidatos_com_demanda.gpkg (camadas: candidatos_com_demanda, isocronas_10min)
2026-08-11 17:39:08,713 | fase5_isocronas | INFO | RESUMO — entrada=300 saida=300 descartados=0
2026-08-11 17:39:17,353 | fase6_calibracao | INFO | === Fase 6: calibração por análogos ===
2026-08-11 17:39:17,455 | fase6_calibracao | INFO | pet shops independentes com avaliações conhecidas: 159
2026-08-11 17:39:18,431 | fase6_calibracao | INFO | regressão OLS: n=159, R²=0.086, R² ajustado=0.050
2026-08-11 17:39:18,433 | fase6_calibracao | INFO |   domicilios: coef=0.00009 p=0.580
2026-08-11 17:39:18,434 | fase6_calibracao | INFO |   pct_apartamento: coef=-0.51790 p=0.497
2026-08-11 17:39:18,434 | fase6_calibracao | INFO |   renda: coef=0.00012 p=0.029
2026-08-11 17:39:18,434 | fase6_calibracao | INFO |   densidade: coef=0.00011 p=0.821
2026-08-11 17:39:18,435 | fase6_calibracao | INFO |   n_concorrentes: coef=-0.03460 p=0.428
2026-08-11 17:39:18,435 | fase6_calibracao | INFO |   n_clinicas_sem_loja: coef=0.18238 p=0.078
2026-08-11 17:39:18,439 | fase6_calibracao | INFO | VIF: {'domicilios': 9.10951320050957, 'pct_apartamento': 1.745272609914853, 'renda': 1.4801141816159455, 'densidade': 8.325303193650699, 'n_concorrentes': 3.1255816226225384, 'n_clinicas_sem_loja': 2.885779058009948}
2026-08-11 17:39:18,439 | fase6_calibracao | WARNING | regressão fraca demais para usar como peso (n=159 < 25 ou R²=0.086 < 0.25) — caindo pro método de quartis
2026-08-11 17:39:18,441 | fase6_calibracao | INFO | método de quartis: 40 no quartil superior, 40 no inferior
2026-08-11 17:39:18,445 | fase6_calibracao | INFO | gravado: C:\projetos\novo_ponto\data\processed\pesos.json — método=quartis confiança=baixa
2026-08-11 17:39:18,445 | fase6_calibracao | INFO | pesos dos eixos finais: {'demanda_estimada': 0.352, 'saturacao': 0.298, 'oferta_imovel': 0.2, 'acesso': 0.15}
2026-08-11 17:39:18,445 | fase6_calibracao | INFO | RESUMO — entrada=159 saida=159 descartados=0
2026-08-11 17:39:25,998 | fase7_score | INFO | === Fase 7: score e filtros ===
2026-08-11 17:39:28,858 | fase7_score | INFO | B2 — captura_min=0.05/captura_max=0.15 do config.yaml não são mais usados no teste absoluto desde a adoção do modelo de Huff (demanda_capturada); mantidos no config só por retrocompatibilidade, sem efeito ativo
2026-08-11 17:39:44,444 | fase7_score | WARNING | B2 — soma de demanda_capturada em 'Chácaras Tubalina e Quartel' (R$ 7004048) ultrapassa o potencial do bairro (R$ 383856)
2026-08-11 17:39:44,444 | fase7_score | WARNING | B2 — soma de demanda_capturada em 'Jardim Brasília' (R$ 1551359) ultrapassa o potencial do bairro (R$ 405174)
2026-08-11 17:39:44,444 | fase7_score | WARNING | B2 — soma de demanda_capturada em 'Jardim Patrícia' (R$ 618820) ultrapassa o potencial do bairro (R$ 273966)
2026-08-11 17:39:44,444 | fase7_score | WARNING | B2 — soma de demanda_capturada em 'Laranjeiras' (R$ 4326289) ultrapassa o potencial do bairro (R$ 555720)
2026-08-11 17:39:44,444 | fase7_score | WARNING | B2 — soma de demanda_capturada em 'Luizote de Freitas' (R$ 1527826) ultrapassa o potencial do bairro (R$ 393096)
2026-08-11 17:39:44,444 | fase7_score | WARNING | B2 — soma de demanda_capturada em 'Pacaembú' (R$ 936611) ultrapassa o potencial do bairro (R$ 199518)
2026-08-11 17:39:44,444 | fase7_score | WARNING | B2 — soma de demanda_capturada em 'Pampulha' (R$ 151630) ultrapassa o potencial do bairro (R$ 99858)
2026-08-11 17:39:44,444 | fase7_score | WARNING | B2 — soma de demanda_capturada em 'Presidente Roosevelt' (R$ 9272189) ultrapassa o potencial do bairro (R$ 531234)
2026-08-11 17:39:44,444 | fase7_score | WARNING | B2 — soma de demanda_capturada em 'Santa Mônica' (R$ 1069368) ultrapassa o potencial do bairro (R$ 1066758)
2026-08-11 17:39:44,444 | fase7_score | WARNING | B2 — soma de demanda_capturada em 'São Jorge' (R$ 1177694) ultrapassa o potencial do bairro (R$ 673794)
2026-08-11 17:39:44,444 | fase7_score | WARNING | B2 — 10 bairro(s) com demanda_capturada somada acima do potencial (candidatos do mesmo bairro competindo pela mesma demanda sem se descontar)
2026-08-11 17:39:44,448 | fase7_score | WARNING | nenhum dado de aluguel em data/manual/imoveis.csv ainda — custo_fixo usa o fallback negocio.teto_aluguel=4000 (não zero); rode a Fase 8 depois de preencher o CSV e recalcule
2026-08-11 17:39:44,451 | fase7_score | WARNING | B3 — teste absoluto aprovou 100% dos candidatos mesmo depois de B1+B2+B3 (fallback de aluguel=4000). Isso pode ser real (mercado com bastante espaço), mas precisa ficar dito no relatório, não escondido — ver seção de Metodologia.
2026-08-11 17:39:44,452 | fase7_score | INFO | C5 — filtro de percentil máximo de força de concorrência (<=70%): 90/300 candidatos reprovados
2026-08-11 17:39:44,478 | fase7_score | INFO | M1 — eixos disponíveis nesta rodada: ['demanda_estimada', 'saturacao', 'acesso'] (pesos originais {'demanda_estimada': 0.352, 'saturacao': 0.298, 'oferta_imovel': 0.2, 'acesso': 0.15} -> renormalizados {'demanda_estimada': 0.44, 'saturacao': 0.372, 'acesso': 0.187})
2026-08-11 17:39:44,479 | fase7_score | INFO | gravado: C:\projetos\novo_ponto\data\processed\pesos_efetivos_aplicados.json
2026-08-11 17:39:44,508 | fase7_score | INFO | teste absoluto: 300 passaram, 90 reprovados; dedup geográfica: 289 duplicatas suprimidas
2026-08-11 17:39:44,510 | fase7_score | WARNING | ACEITE — só 9 candidatos sobraram pro Top 10 depois do cap de 2/bairro (esperado 10; 0 excedentes bloqueados só pelo cap, não por score)
2026-08-11 17:39:44,510 | fase7_score | INFO | ACEITE — nenhum candidato do Top 10 a menos de 3000m de rede
2026-08-11 17:39:44,513 | fase7_score | INFO | gravado: C:\projetos\novo_ponto\output\top10.csv (9 linhas)
2026-08-11 17:39:44,577 | fase7_score | INFO | gravado: C:\projetos\novo_ponto\data\processed\ranking_completo.parquet (300 linhas, todos os candidatos)
2026-08-11 17:39:44,577 | fase7_score | INFO | RESUMO — entrada=300 saida=9 descartados=291 motivo='reprovados no teste absoluto, duplicata geográfica <800m, ou fora do top 10 por score'
2026-08-11 17:39:52,127 | fase8_manuais | INFO | === Fase 8: entradas manuais ===
2026-08-11 17:39:52,232 | fase8_manuais | INFO | imoveis.csv existe mas está vazio (só cabeçalho) — pendente de preenchimento manual
2026-08-11 17:39:52,235 | fase8_manuais | INFO | ifood.csv existe mas está vazio (só cabeçalho) — pendente de preenchimento manual
2026-08-11 17:39:52,236 | fase8_manuais | INFO | meta_publico.csv existe mas está vazio (só cabeçalho) — pendente de preenchimento manual
2026-08-11 17:39:52,238 | fase8_manuais | INFO | google_buscas.csv existe mas está vazio (só cabeçalho) — pendente de preenchimento manual
2026-08-11 17:39:52,239 | fase8_manuais | INFO | campo_fluxo.csv existe mas está vazio (só cabeçalho) — pendente de preenchimento manual
2026-08-11 17:39:52,240 | fase8_manuais | INFO | cliente_oculto.csv existe mas está vazio (só cabeçalho) — pendente de preenchimento manual
2026-08-11 17:39:52,241 | fase8_manuais | INFO | geoteste.csv existe mas está vazio (só cabeçalho) — pendente de preenchimento manual
2026-08-11 17:39:52,241 | fase8_manuais | INFO | marcas_carteira.csv existe mas está vazio (só cabeçalho) — pendente de preenchimento manual
2026-08-11 17:39:52,242 | fase8_manuais | INFO | imoveis.csv existe mas está vazio (só cabeçalho) — pendente de preenchimento manual
2026-08-11 17:39:52,244 | fase8_manuais | INFO | meta_publico.csv existe mas está vazio (só cabeçalho) — pendente de preenchimento manual
2026-08-11 17:39:52,245 | fase8_manuais | INFO | google_buscas.csv existe mas está vazio (só cabeçalho) — pendente de preenchimento manual
2026-08-11 17:39:52,246 | fase8_manuais | INFO | campo_fluxo.csv existe mas está vazio (só cabeçalho) — pendente de preenchimento manual
2026-08-11 17:39:52,248 | fase8_manuais | INFO | geoteste.csv existe mas está vazio (só cabeçalho) — pendente de preenchimento manual
2026-08-11 17:39:52,251 | fase8_manuais | INFO | marcas_carteira.csv existe mas está vazio (só cabeçalho) — pendente de preenchimento manual
2026-08-11 17:39:52,255 | fase8_manuais | INFO | G2 — cap de 2/bairro reaplicado: 9 candidatos no Top10, 7 bairros distintos, 0 excedentes
2026-08-11 17:39:52,262 | fase8_manuais | INFO | gravado (enriquecido): C:\projetos\novo_ponto\data\processed\ranking_completo.parquet
2026-08-11 17:39:52,265 | fase8_manuais | INFO | gravado (enriquecido): C:\projetos\novo_ponto\output\top10.csv
2026-08-11 17:39:52,265 | fase8_manuais | INFO | gravado: C:\projetos\novo_ponto\data\processed\limitacoes_fase8.txt (8 entrada(s) manual(is) pendente(s))
2026-08-11 17:39:52,265 | fase8_manuais | INFO | resumo: 0 preenchido(s) [], 8 pendente(s) ['imoveis.csv', 'ifood.csv', 'meta_publico.csv', 'google_buscas.csv', 'campo_fluxo.csv', 'cliente_oculto.csv', 'geoteste.csv', 'marcas_carteira.csv']
2026-08-11 17:39:52,265 | fase8_manuais | INFO | RESUMO — entrada=300 saida=300 descartados=0
2026-08-11 17:39:53,315 | fase9_relatorio | INFO | === Fase 9: relatório HTML ===
2026-08-11 17:39:53,519 | fase9_relatorio | INFO | C6.1 — OK: Top10 tem 7 bairros distintos (mínimo 6)
2026-08-11 17:39:53,519 | fase9_relatorio | INFO | C6.2 — pulado (conhecimento_local.bairros_excluidos ainda não configurado nesta etapa do plano)
2026-08-11 17:39:53,519 | fase9_relatorio | INFO | C6.3 — pulado (data/processed/vitalidade_bairro.csv ainda não existe nesta etapa do plano)
2026-08-11 17:39:53,520 | fase9_relatorio | INFO | C6.4 — OK: nenhum candidato do Top10 a menos de 3000m de rede
2026-08-11 17:39:53,521 | fase9_relatorio | INFO | C6.5 — OK: mediana de domicilios_captacao_efetivo = 21.9% do total municipal (teto ajustado: 28%)
2026-08-11 17:39:53,521 | fase9_relatorio | WARNING | C6.6 — taxa de aprovação do teste absoluto = 100.0% (acima do teto de 80% do documento, mas não bloqueado — ver TAXA_APROVACAO_MIN em _sanidade.py para a justificativa do desvio)
2026-08-11 17:39:53,521 | fase9_relatorio | INFO | SANIDADE (C6) — todos os testes aplicáveis nesta etapa passaram
2026-08-11 17:39:54,847 | fase9_relatorio | INFO | gravado: C:\projetos\novo_ponto\output\mapa.html (recursos externos inlinados — funciona sem internet)
2026-08-11 17:39:55,210 | fase9_relatorio | INFO | fichas individuais geradas: 9
2026-08-11 17:39:55,277 | fase9_relatorio | INFO | gravado: C:\projetos\novo_ponto\output\relatorio.html (7.1 MB)
2026-08-11 17:39:55,277 | fase9_relatorio | INFO | RESUMO — entrada=9 saida=9 descartados=0
2026-08-11 17:50:40,600 | fase2b_vitalidade | INFO | === Fase 2b: vitalidade comercial (C1.1 — mortalidade empresarial via RFB) ===
2026-08-11 17:50:40,992 | fase2b_vitalidade | INFO | RFB (mirror) — mês mais recente disponível: 2026-07-12
2026-08-11 17:50:40,993 | fase2b_vitalidade | INFO | baixando https://dados-abertos-rf-cnpj.casadosdados.com.br/arquivos/2026-07-12/Municipios.zip -> C:\projetos\novo_ponto\data\raw\rfb\2026-07-12\Municipios.zip
2026-08-11 17:50:41,227 | fase2b_vitalidade | INFO | download concluído: C:\projetos\novo_ponto\data\raw\rfb\2026-07-12\Municipios.zip (43443 bytes)
2026-08-11 17:50:41,235 | fase2b_vitalidade | INFO | RFB — código de município para Uberlândia (código interno da Receita, != IBGE): 5403
2026-08-11 17:50:41,236 | fase2b_vitalidade | INFO | baixando https://dados-abertos-rf-cnpj.casadosdados.com.br/arquivos/2026-07-12/Estabelecimentos0.zip -> C:\projetos\novo_ponto\data\raw\rfb\2026-07-12\Estabelecimentos0.zip
2026-08-11 17:53:26,685 | fase2_concorrentes | INFO | === Fase 2: concorrência ===
2026-08-11 17:53:26,686 | fase2_concorrentes | INFO | cache hit Overpass: C:\projetos\novo_ponto\data\raw\osm\overpass_concorrentes.json
2026-08-11 17:53:26,701 | fase2_concorrentes | INFO | OSM: 36 concorrentes brutos coletados
2026-08-11 17:53:27,217 | fase2_concorrentes | INFO | grade urbana: 25 células (espaçamento=4500m, raio=3200m)
2026-08-11 17:53:44,443 | fase2_concorrentes | WARNING | célula (-18.9310,-48.1804) termo='clínica veterinária' esgotou tentativas (falha persistente cacheada de execução anterior) — pulando só esta
2026-08-11 17:53:45,444 | fase2_concorrentes | WARNING | célula (-18.9310,-48.1804) termo='banho e tosa' esgotou tentativas (falha persistente cacheada de execução anterior) — pulando só esta
2026-08-11 17:53:46,445 | fase2_concorrentes | WARNING | célula (-18.8904,-48.1811) termo='pet shop' esgotou tentativas (falha persistente cacheada de execução anterior) — pulando só esta
2026-08-11 17:53:47,447 | fase2_concorrentes | WARNING | célula (-18.8904,-48.1811) termo='agropecuária' esgotou tentativas (falha persistente cacheada de execução anterior) — pulando só esta
2026-08-11 17:53:48,448 | fase2_concorrentes | WARNING | célula (-18.8904,-48.1811) termo='casa de ração' esgotou tentativas (falha persistente cacheada de execução anterior) — pulando só esta
2026-08-11 17:53:49,449 | fase2_concorrentes | WARNING | célula (-18.8904,-48.1811) termo='clínica veterinária' esgotou tentativas (falha persistente cacheada de execução anterior) — pulando só esta
2026-08-11 17:53:50,451 | fase2_concorrentes | WARNING | célula (-18.8904,-48.1811) termo='banho e tosa' esgotou tentativas (falha persistente cacheada de execução anterior) — pulando só esta
2026-08-11 17:53:51,453 | fase2_concorrentes | WARNING | célula (-19.1300,-47.9206) termo='pet shop' esgotou tentativas (falha persistente cacheada de execução anterior) — pulando só esta
2026-08-11 17:53:52,455 | fase2_concorrentes | WARNING | célula (-19.1300,-47.9206) termo='agropecuária' esgotou tentativas (falha persistente cacheada de execução anterior) — pulando só esta
2026-08-11 17:53:53,457 | fase2_concorrentes | WARNING | célula (-19.1300,-47.9206) termo='casa de ração' esgotou tentativas (falha persistente cacheada de execução anterior) — pulando só esta
2026-08-11 17:53:54,458 | fase2_concorrentes | WARNING | célula (-19.1300,-47.9206) termo='clínica veterinária' esgotou tentativas (falha persistente cacheada de execução anterior) — pulando só esta
2026-08-11 17:53:55,459 | fase2_concorrentes | WARNING | célula (-19.1300,-47.9206) termo='banho e tosa' esgotou tentativas (falha persistente cacheada de execução anterior) — pulando só esta
2026-08-11 17:53:56,466 | fase2_concorrentes | INFO | Google Places: 113 células x termo consultadas (com cache), 12 puladas por falha persistente, 2260 resultados brutos
2026-08-11 17:53:56,487 | fase2_concorrentes | INFO | Google Places: dedup por place_id 2260 -> 274
2026-08-11 17:53:56,960 | fase2_concorrentes | INFO | dedup espacial (<30m + nome similar): 310 -> 305
2026-08-11 17:53:56,963 | fase2_concorrentes | INFO | redes conhecidas geocodificadas: 3/3
2026-08-11 17:53:56,993 | fase2_concorrentes | INFO | rede 'Petz Rondon Pacheco' resolvida para 'Petz Uberlândia' (fonte=google, casado por texto do endereço); 0 duplicata(s) da mesma loja removida(s)
2026-08-11 17:53:56,999 | fase2_concorrentes | INFO | rede 'Petz Center Shopping' resolvida para 'Petz Center Shopping' (fonte=google, casado por texto do endereço); 0 duplicata(s) da mesma loja removida(s)
2026-08-11 17:53:57,005 | fase2_concorrentes | INFO | rede 'Cobasi Rondon Pacheco' resolvida para 'Cobasi Uberlândia' (fonte=google, casado por texto do endereço); 0 duplicata(s) da mesma loja removida(s)
2026-08-11 17:54:59,175 | fase2_concorrentes | WARNING | place_id=ChIJYee9OLdFpJQRzeksljxEzUY falhou ao buscar reviews (C1.3): ('Connection aborted.', RemoteDisconnected('Remote end closed connection without response'))
2026-08-11 17:55:20,242 | fase2_concorrentes | INFO | C1.3 — recência de avaliações: 50/273 concorrentes processados
2026-08-11 17:56:56,391 | fase2_concorrentes | WARNING | place_id=ChIJY1qVh7xFpJQRBuHT_n8bNBU falhou ao buscar reviews (C1.3): HTTPSConnectionPool(host='places.googleapis.com', port=443): Read timed out. (read timeout=30)
2026-08-11 17:57:13,324 | fase2_concorrentes | INFO | C1.3 — recência de avaliações: 100/273 concorrentes processados
2026-08-11 17:59:28,210 | fase2c_universidades | INFO | === Fase 2c: campus universitários (C3) ===
2026-08-11 17:59:28,210 | fase2c_universidades | INFO | Overpass (universidades): tentando https://overpass-api.de/api/interpreter (tentativa 1)
2026-08-11 17:59:30,046 | fase2c_universidades | INFO | Overpass OK via https://overpass-api.de/api/interpreter: 18 elementos
2026-08-11 17:59:30,083 | fase2c_universidades | INFO | universidades: 18 campus/unidades encontrados: ['1H', 'Colégio Objetivo', 'ESAMC', 'Faculdade Pitágoras', 'Fazenda Experimental da Universidade Federal de Uberlândia - Campus Glória', 'Gabarito Educação – (Terceirão)', 'Gabarito Sistema de Ensino', 'UFU - Campus Umuarama', 'UNA - Unidade Uberlândia Karaíba', 'UNIESSA', 'Uniasselvi', 'Unipac - Campus Gama', 'Unitri', 'Uniube', 'Universidade Federal de Uberlândia', 'Universidade Federal de Uberlândia (Campus Glória)', 'Universidade Federal de Uberlândia - Campus Educa', 'Universidade de Uberaba Campus Vila Gávea']
2026-08-11 17:59:30,241 | fase2c_universidades | INFO | gravado: C:\projetos\novo_ponto\data\processed\universidades.gpkg (18 registros)
2026-08-11 17:59:30,241 | fase2c_universidades | INFO | RESUMO — entrada=18 saida=18 descartados=0
2026-08-11 17:59:40,809 | fase2b_vitalidade | INFO | download concluído: C:\projetos\novo_ponto\data\raw\rfb\2026-07-12\Estabelecimentos0.zip (2164567397 bytes)
2026-08-11 18:01:12,054 | fase2b_vitalidade | INFO | Estabelecimentos0.zip: 29538053 linhas, 146332 de Uberlândia
2026-08-11 18:01:12,054 | fase2b_vitalidade | INFO | baixando https://dados-abertos-rf-cnpj.casadosdados.com.br/arquivos/2026-07-12/Estabelecimentos1.zip -> C:\projetos\novo_ponto\data\raw\rfb\2026-07-12\Estabelecimentos1.zip
2026-08-11 18:03:03,857 | fase2b_vitalidade | INFO | download concluído: C:\projetos\novo_ponto\data\raw\rfb\2026-07-12\Estabelecimentos1.zip (341578424 bytes)
2026-08-11 18:03:18,250 | fase2b_vitalidade | INFO | Estabelecimentos1.zip: 4753435 linhas, 21116 de Uberlândia
2026-08-11 18:03:18,251 | fase2b_vitalidade | INFO | baixando https://dados-abertos-rf-cnpj.casadosdados.com.br/arquivos/2026-07-12/Estabelecimentos2.zip -> C:\projetos\novo_ponto\data\raw\rfb\2026-07-12\Estabelecimentos2.zip
2026-08-11 18:04:57,579 | fase2b_vitalidade | INFO | download concluído: C:\projetos\novo_ponto\data\raw\rfb\2026-07-12\Estabelecimentos2.zip (336376100 bytes)
2026-08-11 18:05:10,551 | fase2b_vitalidade | INFO | Estabelecimentos2.zip: 4753435 linhas, 23834 de Uberlândia
2026-08-11 18:05:10,552 | fase2b_vitalidade | INFO | baixando https://dados-abertos-rf-cnpj.casadosdados.com.br/arquivos/2026-07-12/Estabelecimentos3.zip -> C:\projetos\novo_ponto\data\raw\rfb\2026-07-12\Estabelecimentos3.zip
2026-08-11 18:06:22,198 | fase2b_vitalidade | INFO | download concluído: C:\projetos\novo_ponto\data\raw\rfb\2026-07-12\Estabelecimentos3.zip (367052398 bytes)
2026-08-11 18:06:34,966 | fase2b_vitalidade | INFO | Estabelecimentos3.zip: 4753435 linhas, 24701 de Uberlândia
2026-08-11 18:06:34,967 | fase2b_vitalidade | INFO | baixando https://dados-abertos-rf-cnpj.casadosdados.com.br/arquivos/2026-07-12/Estabelecimentos4.zip -> C:\projetos\novo_ponto\data\raw\rfb\2026-07-12\Estabelecimentos4.zip
2026-08-11 18:07:36,389 | fase2b_vitalidade | INFO | download concluído: C:\projetos\novo_ponto\data\raw\rfb\2026-07-12\Estabelecimentos4.zip (340421684 bytes)
2026-08-11 18:07:49,072 | fase2b_vitalidade | INFO | Estabelecimentos4.zip: 4753435 linhas, 21356 de Uberlândia
2026-08-11 18:07:49,072 | fase2b_vitalidade | INFO | baixando https://dados-abertos-rf-cnpj.casadosdados.com.br/arquivos/2026-07-12/Estabelecimentos5.zip -> C:\projetos\novo_ponto\data\raw\rfb\2026-07-12\Estabelecimentos5.zip
2026-08-11 18:08:44,401 | fase2b_vitalidade | INFO | download concluído: C:\projetos\novo_ponto\data\raw\rfb\2026-07-12\Estabelecimentos5.zip (336378631 bytes)
2026-08-11 18:08:57,282 | fase2b_vitalidade | INFO | Estabelecimentos5.zip: 4753435 linhas, 24436 de Uberlândia
2026-08-11 18:08:57,282 | fase2b_vitalidade | INFO | baixando https://dados-abertos-rf-cnpj.casadosdados.com.br/arquivos/2026-07-12/Estabelecimentos6.zip -> C:\projetos\novo_ponto\data\raw\rfb\2026-07-12\Estabelecimentos6.zip
2026-08-11 18:09:58,245 | fase2b_vitalidade | INFO | download concluído: C:\projetos\novo_ponto\data\raw\rfb\2026-07-12\Estabelecimentos6.zip (368109911 bytes)
2026-08-11 18:44:32,177 | fase2_concorrentes | WARNING | place_id=ChIJMzgHuuBFpJQRiKTzKwbs6EE falhou ao buscar reviews (C1.3): HTTPSConnectionPool(host='places.googleapis.com', port=443): Max retries exceeded with url: /v1/places/ChIJMzgHuuBFpJQRiKTzKwbs6EE (Caused by NameResolutionError("HTTPSConnection(host='places.googleapis.com', port=443): Failed to resolve 'places.googleapis.com' ([Errno 11001] getaddrinfo failed)"))
2026-08-11 18:44:32,185 | fase2_concorrentes | WARNING | place_id=ChIJ5U52eCFHpJQR_-bEg9GSdXU falhou ao buscar reviews (C1.3): HTTPSConnectionPool(host='places.googleapis.com', port=443): Max retries exceeded with url: /v1/places/ChIJ5U52eCFHpJQR_-bEg9GSdXU (Caused by NameResolutionError("HTTPSConnection(host='places.googleapis.com', port=443): Failed to resolve 'places.googleapis.com' ([Errno 11001] getaddrinfo failed)"))
2026-08-11 18:44:32,200 | fase2_concorrentes | WARNING | place_id=ChIJM7fOaQlPpJQRIZA8gOAPnXU falhou ao buscar reviews (C1.3): HTTPSConnectionPool(host='places.googleapis.com', port=443): Max retries exceeded with url: /v1/places/ChIJM7fOaQlPpJQRIZA8gOAPnXU (Caused by NameResolutionError("HTTPSConnection(host='places.googleapis.com', port=443): Failed to resolve 'places.googleapis.com' ([Errno 11001] getaddrinfo failed)"))
2026-08-11 18:44:32,223 | fase2_concorrentes | WARNING | place_id=ChIJFSEsOLxFpJQRjPqDlXLS_h8 falhou ao buscar reviews (C1.3): HTTPSConnectionPool(host='places.googleapis.com', port=443): Max retries exceeded with url: /v1/places/ChIJFSEsOLxFpJQRjPqDlXLS_h8 (Caused by NameResolutionError("HTTPSConnection(host='places.googleapis.com', port=443): Failed to resolve 'places.googleapis.com' ([Errno 11001] getaddrinfo failed)"))
2026-08-11 18:44:32,235 | fase2_concorrentes | WARNING | place_id=ChIJb-813LpFpJQRRnc6Ce2ugkg falhou ao buscar reviews (C1.3): HTTPSConnectionPool(host='places.googleapis.com', port=443): Max retries exceeded with url: /v1/places/ChIJb-813LpFpJQRRnc6Ce2ugkg (Caused by NameResolutionError("HTTPSConnection(host='places.googleapis.com', port=443): Failed to resolve 'places.googleapis.com' ([Errno 11001] getaddrinfo failed)"))
2026-08-11 18:44:32,426 | fase2_concorrentes | WARNING | place_id=ChIJw3qz9vhEpJQRv0gytwMtXbg falhou ao buscar reviews (C1.3): HTTPSConnectionPool(host='places.googleapis.com', port=443): Max retries exceeded with url: /v1/places/ChIJw3qz9vhEpJQRv0gytwMtXbg (Caused by NameResolutionError("HTTPSConnection(host='places.googleapis.com', port=443): Failed to resolve 'places.googleapis.com' ([Errno 11001] getaddrinfo failed)"))
2026-08-11 18:44:32,436 | fase2_concorrentes | WARNING | place_id=ChIJz_zGnOhFpJQRtEwz52QJT94 falhou ao buscar reviews (C1.3): HTTPSConnectionPool(host='places.googleapis.com', port=443): Max retries exceeded with url: /v1/places/ChIJz_zGnOhFpJQRtEwz52QJT94 (Caused by NameResolutionError("HTTPSConnection(host='places.googleapis.com', port=443): Failed to resolve 'places.googleapis.com' ([Errno 11001] getaddrinfo failed)"))
2026-08-11 18:44:32,443 | fase2_concorrentes | WARNING | place_id=ChIJkbOxb6ZEpJQRB1RdxJSneBI falhou ao buscar reviews (C1.3): HTTPSConnectionPool(host='places.googleapis.com', port=443): Max retries exceeded with url: /v1/places/ChIJkbOxb6ZEpJQRB1RdxJSneBI (Caused by NameResolutionError("HTTPSConnection(host='places.googleapis.com', port=443): Failed to resolve 'places.googleapis.com' ([Errno 11001] getaddrinfo failed)"))
2026-08-11 18:44:32,610 | fase2_concorrentes | WARNING | place_id=ChIJMc_lapFFpJQRY94BW7oeKX4 falhou ao buscar reviews (C1.3): HTTPSConnectionPool(host='places.googleapis.com', port=443): Max retries exceeded with url: /v1/places/ChIJMc_lapFFpJQRY94BW7oeKX4 (Caused by NameResolutionError("HTTPSConnection(host='places.googleapis.com', port=443): Failed to resolve 'places.googleapis.com' ([Errno 11001] getaddrinfo failed)"))
2026-08-11 18:44:32,804 | fase2_concorrentes | WARNING | place_id=ChIJncxqT-VEpJQRCZB437fIB0k falhou ao buscar reviews (C1.3): HTTPSConnectionPool(host='places.googleapis.com', port=443): Max retries exceeded with url: /v1/places/ChIJncxqT-VEpJQRCZB437fIB0k (Caused by NameResolutionError("HTTPSConnection(host='places.googleapis.com', port=443): Failed to resolve 'places.googleapis.com' ([Errno 11001] getaddrinfo failed)"))
2026-08-11 18:44:33,003 | fase2_concorrentes | WARNING | place_id=ChIJd5KGQzxbpJQR0kfgEM0wbeo falhou ao buscar reviews (C1.3): HTTPSConnectionPool(host='places.googleapis.com', port=443): Max retries exceeded with url: /v1/places/ChIJd5KGQzxbpJQR0kfgEM0wbeo (Caused by NameResolutionError("HTTPSConnection(host='places.googleapis.com', port=443): Failed to resolve 'places.googleapis.com' ([Errno 11001] getaddrinfo failed)"))
2026-08-11 18:44:33,158 | fase2_concorrentes | WARNING | place_id=ChIJJzt7eWdbpJQRznmTn2Q9ZiE falhou ao buscar reviews (C1.3): HTTPSConnectionPool(host='places.googleapis.com', port=443): Max retries exceeded with url: /v1/places/ChIJJzt7eWdbpJQRznmTn2Q9ZiE (Caused by NameResolutionError("HTTPSConnection(host='places.googleapis.com', port=443): Failed to resolve 'places.googleapis.com' ([Errno 11001] getaddrinfo failed)"))
2026-08-11 18:44:33,168 | fase2_concorrentes | WARNING | place_id=ChIJ16FStmhFpJQRC1UeWE6ZWd0 falhou ao buscar reviews (C1.3): HTTPSConnectionPool(host='places.googleapis.com', port=443): Max retries exceeded with url: /v1/places/ChIJ16FStmhFpJQRC1UeWE6ZWd0 (Caused by NameResolutionError("HTTPSConnection(host='places.googleapis.com', port=443): Failed to resolve 'places.googleapis.com' ([Errno 11001] getaddrinfo failed)"))
2026-08-11 18:44:33,179 | fase2_concorrentes | WARNING | place_id=ChIJPww5doFEpJQRvjQDlLxpFqo falhou ao buscar reviews (C1.3): HTTPSConnectionPool(host='places.googleapis.com', port=443): Max retries exceeded with url: /v1/places/ChIJPww5doFEpJQRvjQDlLxpFqo (Caused by NameResolutionError("HTTPSConnection(host='places.googleapis.com', port=443): Failed to resolve 'places.googleapis.com' ([Errno 11001] getaddrinfo failed)"))
2026-08-11 18:44:33,220 | fase2_concorrentes | WARNING | place_id=ChIJz4kKFP5FpJQR8dq4D6vvYG0 falhou ao buscar reviews (C1.3): HTTPSConnectionPool(host='places.googleapis.com', port=443): Max retries exceeded with url: /v1/places/ChIJz4kKFP5FpJQR8dq4D6vvYG0 (Caused by NameResolutionError("HTTPSConnection(host='places.googleapis.com', port=443): Failed to resolve 'places.googleapis.com' ([Errno 11001] getaddrinfo failed)"))
2026-08-11 18:44:33,226 | fase2_concorrentes | WARNING | place_id=ChIJ82cRCoNEpJQRAD_OQY8gXOY falhou ao buscar reviews (C1.3): HTTPSConnectionPool(host='places.googleapis.com', port=443): Max retries exceeded with url: /v1/places/ChIJ82cRCoNEpJQRAD_OQY8gXOY (Caused by NameResolutionError("HTTPSConnection(host='places.googleapis.com', port=443): Failed to resolve 'places.googleapis.com' ([Errno 11001] getaddrinfo failed)"))
2026-08-11 18:44:33,279 | fase2_concorrentes | WARNING | place_id=ChIJX2t_QRxFpJQRFtSsRBz24HU falhou ao buscar reviews (C1.3): HTTPSConnectionPool(host='places.googleapis.com', port=443): Max retries exceeded with url: /v1/places/ChIJX2t_QRxFpJQRFtSsRBz24HU (Caused by NameResolutionError("HTTPSConnection(host='places.googleapis.com', port=443): Failed to resolve 'places.googleapis.com' ([Errno 11001] getaddrinfo failed)"))
2026-08-11 18:44:33,287 | fase2_concorrentes | WARNING | place_id=ChIJTbfCy5BEpJQRsrqbgoGo-Nw falhou ao buscar reviews (C1.3): HTTPSConnectionPool(host='places.googleapis.com', port=443): Max retries exceeded with url: /v1/places/ChIJTbfCy5BEpJQRsrqbgoGo-Nw (Caused by NameResolutionError("HTTPSConnection(host='places.googleapis.com', port=443): Failed to resolve 'places.googleapis.com' ([Errno 11001] getaddrinfo failed)"))
2026-08-11 18:44:33,329 | fase2_concorrentes | WARNING | place_id=ChIJDWg1OFREpJQRtKTD3AR_jcQ falhou ao buscar reviews (C1.3): HTTPSConnectionPool(host='places.googleapis.com', port=443): Max retries exceeded with url: /v1/places/ChIJDWg1OFREpJQRtKTD3AR_jcQ (Caused by NameResolutionError("HTTPSConnection(host='places.googleapis.com', port=443): Failed to resolve 'places.googleapis.com' ([Errno 11001] getaddrinfo failed)"))
2026-08-11 18:44:33,334 | fase2_concorrentes | WARNING | place_id=ChIJh11TkYNEpJQR9lS-N47FPpM falhou ao buscar reviews (C1.3): HTTPSConnectionPool(host='places.googleapis.com', port=443): Max retries exceeded with url: /v1/places/ChIJh11TkYNEpJQR9lS-N47FPpM (Caused by NameResolutionError("HTTPSConnection(host='places.googleapis.com', port=443): Failed to resolve 'places.googleapis.com' ([Errno 11001] getaddrinfo failed)"))
2026-08-11 18:44:33,371 | fase2_concorrentes | WARNING | place_id=ChIJbcCZ2ppEpJQRolqUz3M2C7g falhou ao buscar reviews (C1.3): HTTPSConnectionPool(host='places.googleapis.com', port=443): Max retries exceeded with url: /v1/places/ChIJbcCZ2ppEpJQRolqUz3M2C7g (Caused by NameResolutionError("HTTPSConnection(host='places.googleapis.com', port=443): Failed to resolve 'places.googleapis.com' ([Errno 11001] getaddrinfo failed)"))
2026-08-11 18:44:33,377 | fase2_concorrentes | WARNING | place_id=ChIJOVTvkmFFpJQRZWQ9fdm3dCg falhou ao buscar reviews (C1.3): HTTPSConnectionPool(host='places.googleapis.com', port=443): Max retries exceeded with url: /v1/places/ChIJOVTvkmFFpJQRZWQ9fdm3dCg (Caused by NameResolutionError("HTTPSConnection(host='places.googleapis.com', port=443): Failed to resolve 'places.googleapis.com' ([Errno 11001] getaddrinfo failed)"))
2026-08-11 18:44:33,383 | fase2_concorrentes | WARNING | place_id=ChIJ0bqy5JRDpJQRedb-0BP2MtQ falhou ao buscar reviews (C1.3): HTTPSConnectionPool(host='places.googleapis.com', port=443): Max retries exceeded with url: /v1/places/ChIJ0bqy5JRDpJQRedb-0BP2MtQ (Caused by NameResolutionError("HTTPSConnection(host='places.googleapis.com', port=443): Failed to resolve 'places.googleapis.com' ([Errno 11001] getaddrinfo failed)"))
2026-08-11 18:44:33,392 | fase2_concorrentes | WARNING | place_id=ChIJazII6yFFpJQRaHqw4_AardE falhou ao buscar reviews (C1.3): HTTPSConnectionPool(host='places.googleapis.com', port=443): Max retries exceeded with url: /v1/places/ChIJazII6yFFpJQRaHqw4_AardE (Caused by NameResolutionError("HTTPSConnection(host='places.googleapis.com', port=443): Failed to resolve 'places.googleapis.com' ([Errno 11001] getaddrinfo failed)"))
2026-08-11 18:44:33,394 | fase2_concorrentes | WARNING | place_id=ChIJU_TtKHlFpJQR_WPFkAlacqM falhou ao buscar reviews (C1.3): HTTPSConnectionPool(host='places.googleapis.com', port=443): Max retries exceeded with url: /v1/places/ChIJU_TtKHlFpJQR_WPFkAlacqM (Caused by NameResolutionError("HTTPSConnection(host='places.googleapis.com', port=443): Failed to resolve 'places.googleapis.com' ([Errno 11001] getaddrinfo failed)"))
2026-08-11 18:44:33,398 | fase2_concorrentes | WARNING | place_id=ChIJz7LqjGVPpJQRqf4uRoHY4jk falhou ao buscar reviews (C1.3): HTTPSConnectionPool(host='places.googleapis.com', port=443): Max retries exceeded with url: /v1/places/ChIJz7LqjGVPpJQRqf4uRoHY4jk (Caused by NameResolutionError("HTTPSConnection(host='places.googleapis.com', port=443): Failed to resolve 'places.googleapis.com' ([Errno 11001] getaddrinfo failed)"))
2026-08-11 18:44:33,402 | fase2_concorrentes | WARNING | place_id=ChIJ21DpqYVEpJQRLubarN798Ko falhou ao buscar reviews (C1.3): HTTPSConnectionPool(host='places.googleapis.com', port=443): Max retries exceeded with url: /v1/places/ChIJ21DpqYVEpJQRLubarN798Ko (Caused by NameResolutionError("HTTPSConnection(host='places.googleapis.com', port=443): Failed to resolve 'places.googleapis.com' ([Errno 11001] getaddrinfo failed)"))
2026-08-11 18:44:33,424 | fase2_concorrentes | WARNING | place_id=ChIJqYqgDVtFpJQR2sgM4wBj5pE falhou ao buscar reviews (C1.3): HTTPSConnectionPool(host='places.googleapis.com', port=443): Max retries exceeded with url: /v1/places/ChIJqYqgDVtFpJQR2sgM4wBj5pE (Caused by NameResolutionError("HTTPSConnection(host='places.googleapis.com', port=443): Failed to resolve 'places.googleapis.com' ([Errno 11001] getaddrinfo failed)"))
2026-08-11 18:44:33,430 | fase2_concorrentes | WARNING | place_id=ChIJu7fSvYFEpJQRpwzBFujBHJM falhou ao buscar reviews (C1.3): HTTPSConnectionPool(host='places.googleapis.com', port=443): Max retries exceeded with url: /v1/places/ChIJu7fSvYFEpJQRpwzBFujBHJM (Caused by NameResolutionError("HTTPSConnection(host='places.googleapis.com', port=443): Failed to resolve 'places.googleapis.com' ([Errno 11001] getaddrinfo failed)"))
2026-08-11 18:44:33,435 | fase2_concorrentes | WARNING | place_id=ChIJtYZSG4NFpJQR4Yz04RD5O_M falhou ao buscar reviews (C1.3): HTTPSConnectionPool(host='places.googleapis.com', port=443): Max retries exceeded with url: /v1/places/ChIJtYZSG4NFpJQR4Yz04RD5O_M (Caused by NameResolutionError("HTTPSConnection(host='places.googleapis.com', port=443): Failed to resolve 'places.googleapis.com' ([Errno 11001] getaddrinfo failed)"))
2026-08-11 18:44:33,448 | fase2_concorrentes | WARNING | place_id=ChIJBWoDG1NFpJQRkURQMrINxiI falhou ao buscar reviews (C1.3): HTTPSConnectionPool(host='places.googleapis.com', port=443): Max retries exceeded with url: /v1/places/ChIJBWoDG1NFpJQRkURQMrINxiI (Caused by NameResolutionError("HTTPSConnection(host='places.googleapis.com', port=443): Failed to resolve 'places.googleapis.com' ([Errno 11001] getaddrinfo failed)"))
2026-08-11 18:44:33,452 | fase2_concorrentes | WARNING | place_id=ChIJOYcHREBFpJQRuGC9zRn4Z-Y falhou ao buscar reviews (C1.3): HTTPSConnectionPool(host='places.googleapis.com', port=443): Max retries exceeded with url: /v1/places/ChIJOYcHREBFpJQRuGC9zRn4Z-Y (Caused by NameResolutionError("HTTPSConnection(host='places.googleapis.com', port=443): Failed to resolve 'places.googleapis.com' ([Errno 11001] getaddrinfo failed)"))
2026-08-11 18:44:33,456 | fase2_concorrentes | WARNING | place_id=ChIJT_xbVgBFpJQROGzXMMmgkYI falhou ao buscar reviews (C1.3): HTTPSConnectionPool(host='places.googleapis.com', port=443): Max retries exceeded with url: /v1/places/ChIJT_xbVgBFpJQROGzXMMmgkYI (Caused by NameResolutionError("HTTPSConnection(host='places.googleapis.com', port=443): Failed to resolve 'places.googleapis.com' ([Errno 11001] getaddrinfo failed)"))
2026-08-11 18:44:33,473 | fase2_concorrentes | WARNING | place_id=ChIJnaarLNFFpJQRSUzHWEM0Vz0 falhou ao buscar reviews (C1.3): HTTPSConnectionPool(host='places.googleapis.com', port=443): Max retries exceeded with url: /v1/places/ChIJnaarLNFFpJQRSUzHWEM0Vz0 (Caused by NameResolutionError("HTTPSConnection(host='places.googleapis.com', port=443): Failed to resolve 'places.googleapis.com' ([Errno 11001] getaddrinfo failed)"))
2026-08-11 18:44:33,478 | fase2_concorrentes | WARNING | place_id=ChIJKf_MGSNEpJQRTmnsopnZcwU falhou ao buscar reviews (C1.3): HTTPSConnectionPool(host='places.googleapis.com', port=443): Max retries exceeded with url: /v1/places/ChIJKf_MGSNEpJQRTmnsopnZcwU (Caused by NameResolutionError("HTTPSConnection(host='places.googleapis.com', port=443): Failed to resolve 'places.googleapis.com' ([Errno 11001] getaddrinfo failed)"))
2026-08-11 18:44:33,485 | fase2_concorrentes | WARNING | place_id=ChIJ88w7vAJFpJQRn81GH4_ePdA falhou ao buscar reviews (C1.3): HTTPSConnectionPool(host='places.googleapis.com', port=443): Max retries exceeded with url: /v1/places/ChIJ88w7vAJFpJQRn81GH4_ePdA (Caused by NameResolutionError("HTTPSConnection(host='places.googleapis.com', port=443): Failed to resolve 'places.googleapis.com' ([Errno 11001] getaddrinfo failed)"))
2026-08-11 18:44:33,494 | fase2_concorrentes | WARNING | place_id=ChIJpQIdpjVFpJQRcw-34sn1Gx4 falhou ao buscar reviews (C1.3): HTTPSConnectionPool(host='places.googleapis.com', port=443): Max retries exceeded with url: /v1/places/ChIJpQIdpjVFpJQRcw-34sn1Gx4 (Caused by NameResolutionError("HTTPSConnection(host='places.googleapis.com', port=443): Failed to resolve 'places.googleapis.com' ([Errno 11001] getaddrinfo failed)"))
2026-08-11 18:44:33,499 | fase2_concorrentes | WARNING | place_id=ChIJowLjgOZDpJQR4-Our17XrxE falhou ao buscar reviews (C1.3): HTTPSConnectionPool(host='places.googleapis.com', port=443): Max retries exceeded with url: /v1/places/ChIJowLjgOZDpJQR4-Our17XrxE (Caused by NameResolutionError("HTTPSConnection(host='places.googleapis.com', port=443): Failed to resolve 'places.googleapis.com' ([Errno 11001] getaddrinfo failed)"))
2026-08-11 18:44:33,505 | fase2_concorrentes | WARNING | place_id=ChIJ--mFPwlFpJQRiORIs-iu1EM falhou ao buscar reviews (C1.3): HTTPSConnectionPool(host='places.googleapis.com', port=443): Max retries exceeded with url: /v1/places/ChIJ--mFPwlFpJQRiORIs-iu1EM (Caused by NameResolutionError("HTTPSConnection(host='places.googleapis.com', port=443): Failed to resolve 'places.googleapis.com' ([Errno 11001] getaddrinfo failed)"))
2026-08-11 18:44:33,515 | fase2_concorrentes | WARNING | place_id=ChIJf1SXSJ9HpJQR3nWtWlXRl2g falhou ao buscar reviews (C1.3): HTTPSConnectionPool(host='places.googleapis.com', port=443): Max retries exceeded with url: /v1/places/ChIJf1SXSJ9HpJQR3nWtWlXRl2g (Caused by NameResolutionError("HTTPSConnection(host='places.googleapis.com', port=443): Failed to resolve 'places.googleapis.com' ([Errno 11001] getaddrinfo failed)"))
2026-08-11 18:44:33,520 | fase2_concorrentes | WARNING | place_id=ChIJ8yjzivxHpJQRG32zJsJVY9g falhou ao buscar reviews (C1.3): HTTPSConnectionPool(host='places.googleapis.com', port=443): Max retries exceeded with url: /v1/places/ChIJ8yjzivxHpJQRG32zJsJVY9g (Caused by NameResolutionError("HTTPSConnection(host='places.googleapis.com', port=443): Failed to resolve 'places.googleapis.com' ([Errno 11001] getaddrinfo failed)"))
2026-08-11 18:44:33,525 | fase2_concorrentes | WARNING | place_id=ChIJEzKC2HZGpJQRbeoipempsbg falhou ao buscar reviews (C1.3): HTTPSConnectionPool(host='places.googleapis.com', port=443): Max retries exceeded with url: /v1/places/ChIJEzKC2HZGpJQRbeoipempsbg (Caused by NameResolutionError("HTTPSConnection(host='places.googleapis.com', port=443): Failed to resolve 'places.googleapis.com' ([Errno 11001] getaddrinfo failed)"))
2026-08-11 18:44:33,539 | fase2_concorrentes | WARNING | place_id=ChIJtSoK-XpFpJQR-eb8GCkV0fc falhou ao buscar reviews (C1.3): HTTPSConnectionPool(host='places.googleapis.com', port=443): Max retries exceeded with url: /v1/places/ChIJtSoK-XpFpJQR-eb8GCkV0fc (Caused by NameResolutionError("HTTPSConnection(host='places.googleapis.com', port=443): Failed to resolve 'places.googleapis.com' ([Errno 11001] getaddrinfo failed)"))
2026-08-11 18:44:33,549 | fase2_concorrentes | WARNING | place_id=ChIJqUpmqVJHpJQRFB8tvIMdDDI falhou ao buscar reviews (C1.3): HTTPSConnectionPool(host='places.googleapis.com', port=443): Max retries exceeded with url: /v1/places/ChIJqUpmqVJHpJQRFB8tvIMdDDI (Caused by NameResolutionError("HTTPSConnection(host='places.googleapis.com', port=443): Failed to resolve 'places.googleapis.com' ([Errno 11001] getaddrinfo failed)"))
2026-08-11 18:44:33,552 | fase2_concorrentes | WARNING | place_id=ChIJK0YMaHNGpJQROUSm6kPEa0E falhou ao buscar reviews (C1.3): HTTPSConnectionPool(host='places.googleapis.com', port=443): Max retries exceeded with url: /v1/places/ChIJK0YMaHNGpJQROUSm6kPEa0E (Caused by NameResolutionError("HTTPSConnection(host='places.googleapis.com', port=443): Failed to resolve 'places.googleapis.com' ([Errno 11001] getaddrinfo failed)"))
2026-08-11 18:44:33,570 | fase2_concorrentes | WARNING | place_id=ChIJ5W79gehapJQRsVAfwSZBXp0 falhou ao buscar reviews (C1.3): HTTPSConnectionPool(host='places.googleapis.com', port=443): Max retries exceeded with url: /v1/places/ChIJ5W79gehapJQRsVAfwSZBXp0 (Caused by NameResolutionError("HTTPSConnection(host='places.googleapis.com', port=443): Failed to resolve 'places.googleapis.com' ([Errno 11001] getaddrinfo failed)"))
2026-08-11 18:44:33,574 | fase2_concorrentes | WARNING | place_id=ChIJOxY6u-9apJQRgllKNsFGzn8 falhou ao buscar reviews (C1.3): HTTPSConnectionPool(host='places.googleapis.com', port=443): Max retries exceeded with url: /v1/places/ChIJOxY6u-9apJQRgllKNsFGzn8 (Caused by NameResolutionError("HTTPSConnection(host='places.googleapis.com', port=443): Failed to resolve 'places.googleapis.com' ([Errno 11001] getaddrinfo failed)"))
2026-08-11 18:44:33,579 | fase2_concorrentes | WARNING | place_id=ChIJH94de4dbpJQRTZyLzQd6aiE falhou ao buscar reviews (C1.3): HTTPSConnectionPool(host='places.googleapis.com', port=443): Max retries exceeded with url: /v1/places/ChIJH94de4dbpJQRTZyLzQd6aiE (Caused by NameResolutionError("HTTPSConnection(host='places.googleapis.com', port=443): Failed to resolve 'places.googleapis.com' ([Errno 11001] getaddrinfo failed)"))
2026-08-11 18:44:33,594 | fase2_concorrentes | WARNING | place_id=ChIJE2aZRipbpJQRXQ82fz1IFow falhou ao buscar reviews (C1.3): HTTPSConnectionPool(host='places.googleapis.com', port=443): Max retries exceeded with url: /v1/places/ChIJE2aZRipbpJQRXQ82fz1IFow (Caused by NameResolutionError("HTTPSConnection(host='places.googleapis.com', port=443): Failed to resolve 'places.googleapis.com' ([Errno 11001] getaddrinfo failed)"))
2026-08-11 18:44:33,598 | fase2_concorrentes | WARNING | place_id=ChIJn3qz1lNFpJQR9zPygw1amWU falhou ao buscar reviews (C1.3): HTTPSConnectionPool(host='places.googleapis.com', port=443): Max retries exceeded with url: /v1/places/ChIJn3qz1lNFpJQR9zPygw1amWU (Caused by NameResolutionError("HTTPSConnection(host='places.googleapis.com', port=443): Failed to resolve 'places.googleapis.com' ([Errno 11001] getaddrinfo failed)"))
2026-08-11 18:44:33,605 | fase2_concorrentes | WARNING | place_id=ChIJWbCKMLtFpJQRBHKvob6bxYc falhou ao buscar reviews (C1.3): HTTPSConnectionPool(host='places.googleapis.com', port=443): Max retries exceeded with url: /v1/places/ChIJWbCKMLtFpJQRBHKvob6bxYc (Caused by NameResolutionError("HTTPSConnection(host='places.googleapis.com', port=443): Failed to resolve 'places.googleapis.com' ([Errno 11001] getaddrinfo failed)"))
2026-08-11 18:44:33,618 | fase2_concorrentes | WARNING | place_id=ChIJc1cVfp9bpJQRH-xa8nU1UrQ falhou ao buscar reviews (C1.3): HTTPSConnectionPool(host='places.googleapis.com', port=443): Max retries exceeded with url: /v1/places/ChIJc1cVfp9bpJQRH-xa8nU1UrQ (Caused by NameResolutionError("HTTPSConnection(host='places.googleapis.com', port=443): Failed to resolve 'places.googleapis.com' ([Errno 11001] getaddrinfo failed)"))
2026-08-11 18:44:33,625 | fase2_concorrentes | WARNING | place_id=ChIJMbIHMahapJQR_USzTY56V-U falhou ao buscar reviews (C1.3): HTTPSConnectionPool(host='places.googleapis.com', port=443): Max retries exceeded with url: /v1/places/ChIJMbIHMahapJQR_USzTY56V-U (Caused by NameResolutionError("HTTPSConnection(host='places.googleapis.com', port=443): Failed to resolve 'places.googleapis.com' ([Errno 11001] getaddrinfo failed)"))
2026-08-11 18:44:33,627 | fase2_concorrentes | WARNING | place_id=ChIJ5wbeAbdFpJQREbCIk0E-aEs falhou ao buscar reviews (C1.3): HTTPSConnectionPool(host='places.googleapis.com', port=443): Max retries exceeded with url: /v1/places/ChIJ5wbeAbdFpJQREbCIk0E-aEs (Caused by NameResolutionError("HTTPSConnection(host='places.googleapis.com', port=443): Failed to resolve 'places.googleapis.com' ([Errno 11001] getaddrinfo failed)"))
2026-08-11 18:44:33,631 | fase2_concorrentes | WARNING | place_id=ChIJU2AffQZbpJQRLrxZGpA_oLU falhou ao buscar reviews (C1.3): HTTPSConnectionPool(host='places.googleapis.com', port=443): Max retries exceeded with url: /v1/places/ChIJU2AffQZbpJQRLrxZGpA_oLU (Caused by NameResolutionError("HTTPSConnection(host='places.googleapis.com', port=443): Failed to resolve 'places.googleapis.com' ([Errno 11001] getaddrinfo failed)"))
2026-08-11 18:44:33,639 | fase2_concorrentes | WARNING | place_id=ChIJ6TT3b6tbpJQR4pNmE2qtxDI falhou ao buscar reviews (C1.3): HTTPSConnectionPool(host='places.googleapis.com', port=443): Max retries exceeded with url: /v1/places/ChIJ6TT3b6tbpJQR4pNmE2qtxDI (Caused by NameResolutionError("HTTPSConnection(host='places.googleapis.com', port=443): Failed to resolve 'places.googleapis.com' ([Errno 11001] getaddrinfo failed)"))
2026-08-11 18:44:33,643 | fase2_concorrentes | WARNING | place_id=ChIJFekHJYtFpJQRMz0Y68qSqNg falhou ao buscar reviews (C1.3): HTTPSConnectionPool(host='places.googleapis.com', port=443): Max retries exceeded with url: /v1/places/ChIJFekHJYtFpJQRMz0Y68qSqNg (Caused by NameResolutionError("HTTPSConnection(host='places.googleapis.com', port=443): Failed to resolve 'places.googleapis.com' ([Errno 11001] getaddrinfo failed)"))
2026-08-11 18:44:33,647 | fase2_concorrentes | WARNING | place_id=ChIJjci3mTNFpJQRMBxW5r_5tFQ falhou ao buscar reviews (C1.3): HTTPSConnectionPool(host='places.googleapis.com', port=443): Max retries exceeded with url: /v1/places/ChIJjci3mTNFpJQRMBxW5r_5tFQ (Caused by NameResolutionError("HTTPSConnection(host='places.googleapis.com', port=443): Failed to resolve 'places.googleapis.com' ([Errno 11001] getaddrinfo failed)"))
2026-08-11 18:44:33,661 | fase2_concorrentes | WARNING | place_id=ChIJz8Ha8AVFpJQRRDE0j2_8SpU falhou ao buscar reviews (C1.3): HTTPSConnectionPool(host='places.googleapis.com', port=443): Max retries exceeded with url: /v1/places/ChIJz8Ha8AVFpJQRRDE0j2_8SpU (Caused by NameResolutionError("HTTPSConnection(host='places.googleapis.com', port=443): Failed to resolve 'places.googleapis.com' ([Errno 11001] getaddrinfo failed)"))
2026-08-11 18:44:33,665 | fase2_concorrentes | WARNING | place_id=ChIJm9JG-RBFpJQRZSjlXgyWeiY falhou ao buscar reviews (C1.3): HTTPSConnectionPool(host='places.googleapis.com', port=443): Max retries exceeded with url: /v1/places/ChIJm9JG-RBFpJQRZSjlXgyWeiY (Caused by NameResolutionError("HTTPSConnection(host='places.googleapis.com', port=443): Failed to resolve 'places.googleapis.com' ([Errno 11001] getaddrinfo failed)"))
2026-08-11 18:44:33,671 | fase2_concorrentes | WARNING | place_id=ChIJtXPongdFpJQRGG240LxyVms falhou ao buscar reviews (C1.3): HTTPSConnectionPool(host='places.googleapis.com', port=443): Max retries exceeded with url: /v1/places/ChIJtXPongdFpJQRGG240LxyVms (Caused by NameResolutionError("HTTPSConnection(host='places.googleapis.com', port=443): Failed to resolve 'places.googleapis.com' ([Errno 11001] getaddrinfo failed)"))
2026-08-11 18:44:33,686 | fase2_concorrentes | WARNING | place_id=ChIJodtHdwBRpJQR3ju4KVzq4M8 falhou ao buscar reviews (C1.3): HTTPSConnectionPool(host='places.googleapis.com', port=443): Max retries exceeded with url: /v1/places/ChIJodtHdwBRpJQR3ju4KVzq4M8 (Caused by NameResolutionError("HTTPSConnection(host='places.googleapis.com', port=443): Failed to resolve 'places.googleapis.com' ([Errno 11001] getaddrinfo failed)"))
2026-08-11 18:44:33,690 | fase2_concorrentes | WARNING | place_id=ChIJgaNC6YtFpJQRfQr1UBgiQLA falhou ao buscar reviews (C1.3): HTTPSConnectionPool(host='places.googleapis.com', port=443): Max retries exceeded with url: /v1/places/ChIJgaNC6YtFpJQRfQr1UBgiQLA (Caused by NameResolutionError("HTTPSConnection(host='places.googleapis.com', port=443): Failed to resolve 'places.googleapis.com' ([Errno 11001] getaddrinfo failed)"))
2026-08-11 18:44:33,696 | fase2_concorrentes | WARNING | place_id=ChIJOXE77r9FpJQRTKgVxRyCY0o falhou ao buscar reviews (C1.3): HTTPSConnectionPool(host='places.googleapis.com', port=443): Max retries exceeded with url: /v1/places/ChIJOXE77r9FpJQRTKgVxRyCY0o (Caused by NameResolutionError("HTTPSConnection(host='places.googleapis.com', port=443): Failed to resolve 'places.googleapis.com' ([Errno 11001] getaddrinfo failed)"))
2026-08-11 18:44:33,712 | fase2_concorrentes | WARNING | place_id=ChIJzzs8jH5FpJQR8mcGe48r1Yc falhou ao buscar reviews (C1.3): HTTPSConnectionPool(host='places.googleapis.com', port=443): Max retries exceeded with url: /v1/places/ChIJzzs8jH5FpJQR8mcGe48r1Yc (Caused by NameResolutionError("HTTPSConnection(host='places.googleapis.com', port=443): Failed to resolve 'places.googleapis.com' ([Errno 11001] getaddrinfo failed)"))
2026-08-11 18:44:33,722 | fase2_concorrentes | WARNING | place_id=ChIJJZ-yU6NFpJQRfCkouv6gJc4 falhou ao buscar reviews (C1.3): HTTPSConnectionPool(host='places.googleapis.com', port=443): Max retries exceeded with url: /v1/places/ChIJJZ-yU6NFpJQRfCkouv6gJc4 (Caused by NameResolutionError("HTTPSConnection(host='places.googleapis.com', port=443): Failed to resolve 'places.googleapis.com' ([Errno 11001] getaddrinfo failed)"))
2026-08-11 18:44:33,728 | fase2_concorrentes | WARNING | place_id=ChIJm3-T351FpJQRezPyBusF2Uo falhou ao buscar reviews (C1.3): HTTPSConnectionPool(host='places.googleapis.com', port=443): Max retries exceeded with url: /v1/places/ChIJm3-T351FpJQRezPyBusF2Uo (Caused by NameResolutionError("HTTPSConnection(host='places.googleapis.com', port=443): Failed to resolve 'places.googleapis.com' ([Errno 11001] getaddrinfo failed)"))
2026-08-11 18:44:33,738 | fase2_concorrentes | WARNING | place_id=ChIJs44whMZFpJQRmRE8oRtDrn8 falhou ao buscar reviews (C1.3): HTTPSConnectionPool(host='places.googleapis.com', port=443): Max retries exceeded with url: /v1/places/ChIJs44whMZFpJQRmRE8oRtDrn8 (Caused by NameResolutionError("HTTPSConnection(host='places.googleapis.com', port=443): Failed to resolve 'places.googleapis.com' ([Errno 11001] getaddrinfo failed)"))
2026-08-11 18:44:33,742 | fase2_concorrentes | WARNING | place_id=ChIJwQXGhQJFpJQR36ehjufpnf0 falhou ao buscar reviews (C1.3): HTTPSConnectionPool(host='places.googleapis.com', port=443): Max retries exceeded with url: /v1/places/ChIJwQXGhQJFpJQR36ehjufpnf0 (Caused by NameResolutionError("HTTPSConnection(host='places.googleapis.com', port=443): Failed to resolve 'places.googleapis.com' ([Errno 11001] getaddrinfo failed)"))
2026-08-11 18:44:33,746 | fase2_concorrentes | WARNING | place_id=ChIJu712Vb9FpJQRY6qlwiaCtKQ falhou ao buscar reviews (C1.3): HTTPSConnectionPool(host='places.googleapis.com', port=443): Max retries exceeded with url: /v1/places/ChIJu712Vb9FpJQRY6qlwiaCtKQ (Caused by NameResolutionError("HTTPSConnection(host='places.googleapis.com', port=443): Failed to resolve 'places.googleapis.com' ([Errno 11001] getaddrinfo failed)"))
2026-08-11 18:44:33,754 | fase2_concorrentes | WARNING | place_id=ChIJ38bWv4tFpJQRaovbdzEZjz8 falhou ao buscar reviews (C1.3): HTTPSConnectionPool(host='places.googleapis.com', port=443): Max retries exceeded with url: /v1/places/ChIJ38bWv4tFpJQRaovbdzEZjz8 (Caused by NameResolutionError("HTTPSConnection(host='places.googleapis.com', port=443): Failed to resolve 'places.googleapis.com' ([Errno 11001] getaddrinfo failed)"))
2026-08-11 18:44:33,756 | fase2_concorrentes | WARNING | place_id=ChIJmRXE3s1FpJQR8AC2Snmetsk falhou ao buscar reviews (C1.3): HTTPSConnectionPool(host='places.googleapis.com', port=443): Max retries exceeded with url: /v1/places/ChIJmRXE3s1FpJQR8AC2Snmetsk (Caused by NameResolutionError("HTTPSConnection(host='places.googleapis.com', port=443): Failed to resolve 'places.googleapis.com' ([Errno 11001] getaddrinfo failed)"))
2026-08-11 18:44:33,778 | fase2_concorrentes | WARNING | place_id=ChIJVb21649FpJQRHryu5hxghu4 falhou ao buscar reviews (C1.3): HTTPSConnectionPool(host='places.googleapis.com', port=443): Max retries exceeded with url: /v1/places/ChIJVb21649FpJQRHryu5hxghu4 (Caused by NameResolutionError("HTTPSConnection(host='places.googleapis.com', port=443): Failed to resolve 'places.googleapis.com' ([Errno 11001] getaddrinfo failed)"))
2026-08-11 18:44:33,782 | fase2_concorrentes | WARNING | place_id=ChIJbfNIT8hFpJQR6S6uEvKF4fo falhou ao buscar reviews (C1.3): HTTPSConnectionPool(host='places.googleapis.com', port=443): Max retries exceeded with url: /v1/places/ChIJbfNIT8hFpJQR6S6uEvKF4fo (Caused by NameResolutionError("HTTPSConnection(host='places.googleapis.com', port=443): Failed to resolve 'places.googleapis.com' ([Errno 11001] getaddrinfo failed)"))
2026-08-11 18:44:33,786 | fase2_concorrentes | WARNING | place_id=ChIJ8XzkjrtFpJQRllFGiJOJZlE falhou ao buscar reviews (C1.3): HTTPSConnectionPool(host='places.googleapis.com', port=443): Max retries exceeded with url: /v1/places/ChIJ8XzkjrtFpJQRllFGiJOJZlE (Caused by NameResolutionError("HTTPSConnection(host='places.googleapis.com', port=443): Failed to resolve 'places.googleapis.com' ([Errno 11001] getaddrinfo failed)"))
2026-08-11 18:44:33,798 | fase2_concorrentes | WARNING | place_id=ChIJa66lKpZFpJQRp0MmL9B6Tpw falhou ao buscar reviews (C1.3): HTTPSConnectionPool(host='places.googleapis.com', port=443): Max retries exceeded with url: /v1/places/ChIJa66lKpZFpJQRp0MmL9B6Tpw (Caused by NameResolutionError("HTTPSConnection(host='places.googleapis.com', port=443): Failed to resolve 'places.googleapis.com' ([Errno 11001] getaddrinfo failed)"))
2026-08-11 18:44:33,802 | fase2_concorrentes | WARNING | place_id=ChIJjWLwZq1uAy8RZ9Z066sHQmU falhou ao buscar reviews (C1.3): HTTPSConnectionPool(host='places.googleapis.com', port=443): Max retries exceeded with url: /v1/places/ChIJjWLwZq1uAy8RZ9Z066sHQmU (Caused by NameResolutionError("HTTPSConnection(host='places.googleapis.com', port=443): Failed to resolve 'places.googleapis.com' ([Errno 11001] getaddrinfo failed)"))
2026-08-11 18:44:33,809 | fase2_concorrentes | WARNING | place_id=ChIJSTAeiu5FpJQRAm5cCz4rf30 falhou ao buscar reviews (C1.3): HTTPSConnectionPool(host='places.googleapis.com', port=443): Max retries exceeded with url: /v1/places/ChIJSTAeiu5FpJQRAm5cCz4rf30 (Caused by NameResolutionError("HTTPSConnection(host='places.googleapis.com', port=443): Failed to resolve 'places.googleapis.com' ([Errno 11001] getaddrinfo failed)"))
2026-08-11 18:44:33,831 | fase2_concorrentes | WARNING | place_id=ChIJVQfY3s1FpJQRpRf5XHDDOrw falhou ao buscar reviews (C1.3): HTTPSConnectionPool(host='places.googleapis.com', port=443): Max retries exceeded with url: /v1/places/ChIJVQfY3s1FpJQRpRf5XHDDOrw (Caused by NameResolutionError("HTTPSConnection(host='places.googleapis.com', port=443): Failed to resolve 'places.googleapis.com' ([Errno 11001] getaddrinfo failed)"))
2026-08-11 18:44:33,835 | fase2_concorrentes | WARNING | place_id=ChIJ6YCqytZFpJQR4HCWCff0GOU falhou ao buscar reviews (C1.3): HTTPSConnectionPool(host='places.googleapis.com', port=443): Max retries exceeded with url: /v1/places/ChIJ6YCqytZFpJQR4HCWCff0GOU (Caused by NameResolutionError("HTTPSConnection(host='places.googleapis.com', port=443): Failed to resolve 'places.googleapis.com' ([Errno 11001] getaddrinfo failed)"))
2026-08-11 18:44:33,841 | fase2_concorrentes | WARNING | place_id=ChIJa0INBxRFpJQRjvhCbdU9ndc falhou ao buscar reviews (C1.3): HTTPSConnectionPool(host='places.googleapis.com', port=443): Max retries exceeded with url: /v1/places/ChIJa0INBxRFpJQRjvhCbdU9ndc (Caused by NameResolutionError("HTTPSConnection(host='places.googleapis.com', port=443): Failed to resolve 'places.googleapis.com' ([Errno 11001] getaddrinfo failed)"))
2026-08-11 18:44:33,852 | fase2_concorrentes | WARNING | place_id=ChIJ0e9zWElFpJQRWElAOaJIJRE falhou ao buscar reviews (C1.3): HTTPSConnectionPool(host='places.googleapis.com', port=443): Max retries exceeded with url: /v1/places/ChIJ0e9zWElFpJQRWElAOaJIJRE (Caused by NameResolutionError("HTTPSConnection(host='places.googleapis.com', port=443): Failed to resolve 'places.googleapis.com' ([Errno 11001] getaddrinfo failed)"))
2026-08-11 18:44:33,857 | fase2_concorrentes | WARNING | place_id=ChIJg7YMZQ5FpJQRqvK_9oqiL5k falhou ao buscar reviews (C1.3): HTTPSConnectionPool(host='places.googleapis.com', port=443): Max retries exceeded with url: /v1/places/ChIJg7YMZQ5FpJQRqvK_9oqiL5k (Caused by NameResolutionError("HTTPSConnection(host='places.googleapis.com', port=443): Failed to resolve 'places.googleapis.com' ([Errno 11001] getaddrinfo failed)"))
2026-08-11 18:44:33,863 | fase2_concorrentes | WARNING | place_id=ChIJJQEJAktHpJQRWR54FWA1HyE falhou ao buscar reviews (C1.3): HTTPSConnectionPool(host='places.googleapis.com', port=443): Max retries exceeded with url: /v1/places/ChIJJQEJAktHpJQRWR54FWA1HyE (Caused by NameResolutionError("HTTPSConnection(host='places.googleapis.com', port=443): Failed to resolve 'places.googleapis.com' ([Errno 11001] getaddrinfo failed)"))
2026-08-11 18:44:33,871 | fase2_concorrentes | WARNING | place_id=ChIJGUANODZHpJQRsx6UUy5jMWI falhou ao buscar reviews (C1.3): HTTPSConnectionPool(host='places.googleapis.com', port=443): Max retries exceeded with url: /v1/places/ChIJGUANODZHpJQRsx6UUy5jMWI (Caused by NameResolutionError("HTTPSConnection(host='places.googleapis.com', port=443): Failed to resolve 'places.googleapis.com' ([Errno 11001] getaddrinfo failed)"))
2026-08-11 18:44:33,876 | fase2_concorrentes | WARNING | place_id=ChIJZx_DS3dHpJQRX5hMWQ4uzxE falhou ao buscar reviews (C1.3): HTTPSConnectionPool(host='places.googleapis.com', port=443): Max retries exceeded with url: /v1/places/ChIJZx_DS3dHpJQRX5hMWQ4uzxE (Caused by NameResolutionError("HTTPSConnection(host='places.googleapis.com', port=443): Failed to resolve 'places.googleapis.com' ([Errno 11001] getaddrinfo failed)"))
2026-08-11 18:44:33,879 | fase2_concorrentes | WARNING | place_id=ChIJm9imO3hGpJQRDErh4VSpKik falhou ao buscar reviews (C1.3): HTTPSConnectionPool(host='places.googleapis.com', port=443): Max retries exceeded with url: /v1/places/ChIJm9imO3hGpJQRDErh4VSpKik (Caused by NameResolutionError("HTTPSConnection(host='places.googleapis.com', port=443): Failed to resolve 'places.googleapis.com' ([Errno 11001] getaddrinfo failed)"))
2026-08-11 18:44:33,892 | fase2_concorrentes | WARNING | place_id=ChIJ-TCQXw9QpJQRkE9J4rVWgcE falhou ao buscar reviews (C1.3): HTTPSConnectionPool(host='places.googleapis.com', port=443): Max retries exceeded with url: /v1/places/ChIJ-TCQXw9QpJQRkE9J4rVWgcE (Caused by NameResolutionError("HTTPSConnection(host='places.googleapis.com', port=443): Failed to resolve 'places.googleapis.com' ([Errno 11001] getaddrinfo failed)"))
2026-08-11 18:44:33,895 | fase2_concorrentes | WARNING | place_id=ChIJoXZVRp5RpJQRKsrmHjTAuhE falhou ao buscar reviews (C1.3): HTTPSConnectionPool(host='places.googleapis.com', port=443): Max retries exceeded with url: /v1/places/ChIJoXZVRp5RpJQRKsrmHjTAuhE (Caused by NameResolutionError("HTTPSConnection(host='places.googleapis.com', port=443): Failed to resolve 'places.googleapis.com' ([Errno 11001] getaddrinfo failed)"))
2026-08-11 18:44:33,899 | fase2_concorrentes | WARNING | place_id=ChIJxQKJ8UtRpJQR_bLOE8Fe5YM falhou ao buscar reviews (C1.3): HTTPSConnectionPool(host='places.googleapis.com', port=443): Max retries exceeded with url: /v1/places/ChIJxQKJ8UtRpJQR_bLOE8Fe5YM (Caused by NameResolutionError("HTTPSConnection(host='places.googleapis.com', port=443): Failed to resolve 'places.googleapis.com' ([Errno 11001] getaddrinfo failed)"))
2026-08-11 18:44:33,904 | fase2_concorrentes | WARNING | place_id=ChIJOcuHY7BRpJQRCKuYRNrBKpE falhou ao buscar reviews (C1.3): HTTPSConnectionPool(host='places.googleapis.com', port=443): Max retries exceeded with url: /v1/places/ChIJOcuHY7BRpJQRCKuYRNrBKpE (Caused by NameResolutionError("HTTPSConnection(host='places.googleapis.com', port=443): Failed to resolve 'places.googleapis.com' ([Errno 11001] getaddrinfo failed)"))
2026-08-11 18:44:33,904 | fase2_concorrentes | WARNING | place_id=ChIJV7qwBhFQpJQRrRT_B1Y7zJA falhou ao buscar reviews (C1.3): HTTPSConnectionPool(host='places.googleapis.com', port=443): Max retries exceeded with url: /v1/places/ChIJV7qwBhFQpJQRrRT_B1Y7zJA (Caused by NameResolutionError("HTTPSConnection(host='places.googleapis.com', port=443): Failed to resolve 'places.googleapis.com' ([Errno 11001] getaddrinfo failed)"))
2026-08-11 18:44:33,913 | fase2_concorrentes | WARNING | place_id=ChIJszHsaxRQpJQRJiuBfOA79dg falhou ao buscar reviews (C1.3): HTTPSConnectionPool(host='places.googleapis.com', port=443): Max retries exceeded with url: /v1/places/ChIJszHsaxRQpJQRJiuBfOA79dg (Caused by NameResolutionError("HTTPSConnection(host='places.googleapis.com', port=443): Failed to resolve 'places.googleapis.com' ([Errno 11001] getaddrinfo failed)"))
2026-08-11 18:44:33,917 | fase2_concorrentes | WARNING | place_id=ChIJk381E4lPpJQRgx-UQ6jhtL8 falhou ao buscar reviews (C1.3): HTTPSConnectionPool(host='places.googleapis.com', port=443): Max retries exceeded with url: /v1/places/ChIJk381E4lPpJQRgx-UQ6jhtL8 (Caused by NameResolutionError("HTTPSConnection(host='places.googleapis.com', port=443): Failed to resolve 'places.googleapis.com' ([Errno 11001] getaddrinfo failed)"))
2026-08-11 18:44:33,922 | fase2_concorrentes | WARNING | place_id=ChIJAwLKmQxQpJQR_-FiiOlKTY0 falhou ao buscar reviews (C1.3): HTTPSConnectionPool(host='places.googleapis.com', port=443): Max retries exceeded with url: /v1/places/ChIJAwLKmQxQpJQR_-FiiOlKTY0 (Caused by NameResolutionError("HTTPSConnection(host='places.googleapis.com', port=443): Failed to resolve 'places.googleapis.com' ([Errno 11001] getaddrinfo failed)"))
2026-08-11 18:44:33,926 | fase2_concorrentes | WARNING | place_id=ChIJIRqRTClFpJQRXVKyGsPJB-c falhou ao buscar reviews (C1.3): HTTPSConnectionPool(host='places.googleapis.com', port=443): Max retries exceeded with url: /v1/places/ChIJIRqRTClFpJQRXVKyGsPJB-c (Caused by NameResolutionError("HTTPSConnection(host='places.googleapis.com', port=443): Failed to resolve 'places.googleapis.com' ([Errno 11001] getaddrinfo failed)"))
2026-08-11 18:44:33,934 | fase2_concorrentes | WARNING | place_id=ChIJcYs8KMVRpJQRtF4AKItDVaQ falhou ao buscar reviews (C1.3): HTTPSConnectionPool(host='places.googleapis.com', port=443): Max retries exceeded with url: /v1/places/ChIJcYs8KMVRpJQRtF4AKItDVaQ (Caused by NameResolutionError("HTTPSConnection(host='places.googleapis.com', port=443): Failed to resolve 'places.googleapis.com' ([Errno 11001] getaddrinfo failed)"))
2026-08-11 18:44:33,940 | fase2_concorrentes | WARNING | place_id=ChIJdSIySsNRpJQRgd3gO9AKW-E falhou ao buscar reviews (C1.3): HTTPSConnectionPool(host='places.googleapis.com', port=443): Max retries exceeded with url: /v1/places/ChIJdSIySsNRpJQRgd3gO9AKW-E (Caused by NameResolutionError("HTTPSConnection(host='places.googleapis.com', port=443): Failed to resolve 'places.googleapis.com' ([Errno 11001] getaddrinfo failed)"))
2026-08-11 18:44:33,945 | fase2_concorrentes | WARNING | place_id=ChIJB-7B80BRpJQRseRtiJfN7lA falhou ao buscar reviews (C1.3): HTTPSConnectionPool(host='places.googleapis.com', port=443): Max retries exceeded with url: /v1/places/ChIJB-7B80BRpJQRseRtiJfN7lA (Caused by NameResolutionError("HTTPSConnection(host='places.googleapis.com', port=443): Failed to resolve 'places.googleapis.com' ([Errno 11001] getaddrinfo failed)"))
2026-08-11 18:44:33,957 | fase2_concorrentes | WARNING | place_id=ChIJzclF4B5bpJQRwzv787f0lK0 falhou ao buscar reviews (C1.3): HTTPSConnectionPool(host='places.googleapis.com', port=443): Max retries exceeded with url: /v1/places/ChIJzclF4B5bpJQRwzv787f0lK0 (Caused by NameResolutionError("HTTPSConnection(host='places.googleapis.com', port=443): Failed to resolve 'places.googleapis.com' ([Errno 11001] getaddrinfo failed)"))
2026-08-11 18:44:33,961 | fase2_concorrentes | WARNING | place_id=ChIJ8ZilQE9RpJQRRAxS3qo4b1Y falhou ao buscar reviews (C1.3): HTTPSConnectionPool(host='places.googleapis.com', port=443): Max retries exceeded with url: /v1/places/ChIJ8ZilQE9RpJQRRAxS3qo4b1Y (Caused by NameResolutionError("HTTPSConnection(host='places.googleapis.com', port=443): Failed to resolve 'places.googleapis.com' ([Errno 11001] getaddrinfo failed)"))
2026-08-11 18:44:33,965 | fase2_concorrentes | WARNING | place_id=ChIJ9e3VyFRRpJQRtD4Fao7JXDs falhou ao buscar reviews (C1.3): HTTPSConnectionPool(host='places.googleapis.com', port=443): Max retries exceeded with url: /v1/places/ChIJ9e3VyFRRpJQRtD4Fao7JXDs (Caused by NameResolutionError("HTTPSConnection(host='places.googleapis.com', port=443): Failed to resolve 'places.googleapis.com' ([Errno 11001] getaddrinfo failed)"))
2026-08-11 18:44:33,973 | fase2_concorrentes | WARNING | place_id=ChIJ5SFY_ulRpJQRBdjHCbsD-ac falhou ao buscar reviews (C1.3): HTTPSConnectionPool(host='places.googleapis.com', port=443): Max retries exceeded with url: /v1/places/ChIJ5SFY_ulRpJQRBdjHCbsD-ac (Caused by NameResolutionError("HTTPSConnection(host='places.googleapis.com', port=443): Failed to resolve 'places.googleapis.com' ([Errno 11001] getaddrinfo failed)"))
2026-08-11 18:44:33,979 | fase2_concorrentes | WARNING | place_id=ChIJywUPb_JFpJQRe8TQWc2wqPk falhou ao buscar reviews (C1.3): HTTPSConnectionPool(host='places.googleapis.com', port=443): Max retries exceeded with url: /v1/places/ChIJywUPb_JFpJQRe8TQWc2wqPk (Caused by NameResolutionError("HTTPSConnection(host='places.googleapis.com', port=443): Failed to resolve 'places.googleapis.com' ([Errno 11001] getaddrinfo failed)"))
2026-08-11 18:44:33,981 | fase2_concorrentes | WARNING | place_id=ChIJ0Uc6qGBRpJQRzQRJuQne8Oo falhou ao buscar reviews (C1.3): HTTPSConnectionPool(host='places.googleapis.com', port=443): Max retries exceeded with url: /v1/places/ChIJ0Uc6qGBRpJQRzQRJuQne8Oo (Caused by NameResolutionError("HTTPSConnection(host='places.googleapis.com', port=443): Failed to resolve 'places.googleapis.com' ([Errno 11001] getaddrinfo failed)"))
2026-08-11 18:44:33,991 | fase2_concorrentes | WARNING | place_id=ChIJ61KOjKVPpJQReaAfy3F0YNo falhou ao buscar reviews (C1.3): HTTPSConnectionPool(host='places.googleapis.com', port=443): Max retries exceeded with url: /v1/places/ChIJ61KOjKVPpJQReaAfy3F0YNo (Caused by NameResolutionError("HTTPSConnection(host='places.googleapis.com', port=443): Failed to resolve 'places.googleapis.com' ([Errno 11001] getaddrinfo failed)"))
2026-08-11 18:44:33,995 | fase2_concorrentes | WARNING | place_id=ChIJX_sCWslFpJQRvI1ILtiUBlk falhou ao buscar reviews (C1.3): HTTPSConnectionPool(host='places.googleapis.com', port=443): Max retries exceeded with url: /v1/places/ChIJX_sCWslFpJQRvI1ILtiUBlk (Caused by NameResolutionError("HTTPSConnection(host='places.googleapis.com', port=443): Failed to resolve 'places.googleapis.com' ([Errno 11001] getaddrinfo failed)"))
2026-08-11 18:44:34,000 | fase2_concorrentes | WARNING | place_id=ChIJH1_i2LNPpJQRZ4wsw5v01BY falhou ao buscar reviews (C1.3): HTTPSConnectionPool(host='places.googleapis.com', port=443): Max retries exceeded with url: /v1/places/ChIJH1_i2LNPpJQRZ4wsw5v01BY (Caused by NameResolutionError("HTTPSConnection(host='places.googleapis.com', port=443): Failed to resolve 'places.googleapis.com' ([Errno 11001] getaddrinfo failed)"))
2026-08-11 18:44:34,009 | fase2_concorrentes | WARNING | place_id=ChIJG8hB2mJRpJQRkXliiyOz4ik falhou ao buscar reviews (C1.3): HTTPSConnectionPool(host='places.googleapis.com', port=443): Max retries exceeded with url: /v1/places/ChIJG8hB2mJRpJQRkXliiyOz4ik (Caused by NameResolutionError("HTTPSConnection(host='places.googleapis.com', port=443): Failed to resolve 'places.googleapis.com' ([Errno 11001] getaddrinfo failed)"))
2026-08-11 18:44:34,012 | fase2_concorrentes | WARNING | place_id=ChIJD7xhSuFRpJQRGsi8nhSRaqo falhou ao buscar reviews (C1.3): HTTPSConnectionPool(host='places.googleapis.com', port=443): Max retries exceeded with url: /v1/places/ChIJD7xhSuFRpJQRGsi8nhSRaqo (Caused by NameResolutionError("HTTPSConnection(host='places.googleapis.com', port=443): Failed to resolve 'places.googleapis.com' ([Errno 11001] getaddrinfo failed)"))
2026-08-11 18:44:34,016 | fase2_concorrentes | WARNING | place_id=ChIJfw9NK-FPpJQRAXmPqxUT2hU falhou ao buscar reviews (C1.3): HTTPSConnectionPool(host='places.googleapis.com', port=443): Max retries exceeded with url: /v1/places/ChIJfw9NK-FPpJQRAXmPqxUT2hU (Caused by NameResolutionError("HTTPSConnection(host='places.googleapis.com', port=443): Failed to resolve 'places.googleapis.com' ([Errno 11001] getaddrinfo failed)"))
2026-08-11 18:44:34,028 | fase2_concorrentes | WARNING | place_id=ChIJ04hWae5PpJQRgVicETveYtY falhou ao buscar reviews (C1.3): HTTPSConnectionPool(host='places.googleapis.com', port=443): Max retries exceeded with url: /v1/places/ChIJ04hWae5PpJQRgVicETveYtY (Caused by NameResolutionError("HTTPSConnection(host='places.googleapis.com', port=443): Failed to resolve 'places.googleapis.com' ([Errno 11001] getaddrinfo failed)"))
2026-08-11 18:44:34,032 | fase2_concorrentes | WARNING | place_id=ChIJCWcGX05PpJQR77f1Dvuob7I falhou ao buscar reviews (C1.3): HTTPSConnectionPool(host='places.googleapis.com', port=443): Max retries exceeded with url: /v1/places/ChIJCWcGX05PpJQR77f1Dvuob7I (Caused by NameResolutionError("HTTPSConnection(host='places.googleapis.com', port=443): Failed to resolve 'places.googleapis.com' ([Errno 11001] getaddrinfo failed)"))
2026-08-11 18:44:34,036 | fase2_concorrentes | WARNING | place_id=ChIJHcGRfkZOpJQRWmalMNCn5lE falhou ao buscar reviews (C1.3): HTTPSConnectionPool(host='places.googleapis.com', port=443): Max retries exceeded with url: /v1/places/ChIJHcGRfkZOpJQRWmalMNCn5lE (Caused by NameResolutionError("HTTPSConnection(host='places.googleapis.com', port=443): Failed to resolve 'places.googleapis.com' ([Errno 11001] getaddrinfo failed)"))
2026-08-11 18:44:34,042 | fase2_concorrentes | WARNING | place_id=ChIJEb_n4-9PpJQR528cAbvB03s falhou ao buscar reviews (C1.3): HTTPSConnectionPool(host='places.googleapis.com', port=443): Max retries exceeded with url: /v1/places/ChIJEb_n4-9PpJQR528cAbvB03s (Caused by NameResolutionError("HTTPSConnection(host='places.googleapis.com', port=443): Failed to resolve 'places.googleapis.com' ([Errno 11001] getaddrinfo failed)"))
2026-08-11 18:44:34,047 | fase2_concorrentes | WARNING | place_id=ChIJtY1a7jFPpJQR_lbXNLYbP94 falhou ao buscar reviews (C1.3): HTTPSConnectionPool(host='places.googleapis.com', port=443): Max retries exceeded with url: /v1/places/ChIJtY1a7jFPpJQR_lbXNLYbP94 (Caused by NameResolutionError("HTTPSConnection(host='places.googleapis.com', port=443): Failed to resolve 'places.googleapis.com' ([Errno 11001] getaddrinfo failed)"))
2026-08-11 18:44:34,050 | fase2_concorrentes | WARNING | place_id=ChIJw1ekCKNFpJQRFapxbkCRxs0 falhou ao buscar reviews (C1.3): HTTPSConnectionPool(host='places.googleapis.com', port=443): Max retries exceeded with url: /v1/places/ChIJw1ekCKNFpJQRFapxbkCRxs0 (Caused by NameResolutionError("HTTPSConnection(host='places.googleapis.com', port=443): Failed to resolve 'places.googleapis.com' ([Errno 11001] getaddrinfo failed)"))
2026-08-11 18:44:34,056 | fase2_concorrentes | WARNING | place_id=ChIJpZ40fLdPpJQRggxFmRV9qMM falhou ao buscar reviews (C1.3): HTTPSConnectionPool(host='places.googleapis.com', port=443): Max retries exceeded with url: /v1/places/ChIJpZ40fLdPpJQRggxFmRV9qMM (Caused by NameResolutionError("HTTPSConnection(host='places.googleapis.com', port=443): Failed to resolve 'places.googleapis.com' ([Errno 11001] getaddrinfo failed)"))
2026-08-11 18:44:34,060 | fase2_concorrentes | WARNING | place_id=ChIJD0iht65PpJQRQMSzP1xcX5Q falhou ao buscar reviews (C1.3): HTTPSConnectionPool(host='places.googleapis.com', port=443): Max retries exceeded with url: /v1/places/ChIJD0iht65PpJQRQMSzP1xcX5Q (Caused by NameResolutionError("HTTPSConnection(host='places.googleapis.com', port=443): Failed to resolve 'places.googleapis.com' ([Errno 11001] getaddrinfo failed)"))
2026-08-11 18:44:34,066 | fase2_concorrentes | WARNING | place_id=ChIJV2_fkgBFpJQROtOg6H1nGRk falhou ao buscar reviews (C1.3): HTTPSConnectionPool(host='places.googleapis.com', port=443): Max retries exceeded with url: /v1/places/ChIJV2_fkgBFpJQROtOg6H1nGRk (Caused by NameResolutionError("HTTPSConnection(host='places.googleapis.com', port=443): Failed to resolve 'places.googleapis.com' ([Errno 11001] getaddrinfo failed)"))
2026-08-11 18:44:34,070 | fase2_concorrentes | WARNING | place_id=ChIJDVRKgeFPpJQRXRmOqbwFyxY falhou ao buscar reviews (C1.3): HTTPSConnectionPool(host='places.googleapis.com', port=443): Max retries exceeded with url: /v1/places/ChIJDVRKgeFPpJQRXRmOqbwFyxY (Caused by NameResolutionError("HTTPSConnection(host='places.googleapis.com', port=443): Failed to resolve 'places.googleapis.com' ([Errno 11001] getaddrinfo failed)"))
2026-08-11 18:44:34,074 | fase2_concorrentes | WARNING | place_id=ChIJS-XlKeVFpJQRvovlET1C_GI falhou ao buscar reviews (C1.3): HTTPSConnectionPool(host='places.googleapis.com', port=443): Max retries exceeded with url: /v1/places/ChIJS-XlKeVFpJQRvovlET1C_GI (Caused by NameResolutionError("HTTPSConnection(host='places.googleapis.com', port=443): Failed to resolve 'places.googleapis.com' ([Errno 11001] getaddrinfo failed)"))
2026-08-11 18:44:34,078 | fase2_concorrentes | WARNING | place_id=ChIJQ4MahmpPpJQRsFmiL8XqVTI falhou ao buscar reviews (C1.3): HTTPSConnectionPool(host='places.googleapis.com', port=443): Max retries exceeded with url: /v1/places/ChIJQ4MahmpPpJQRsFmiL8XqVTI (Caused by NameResolutionError("HTTPSConnection(host='places.googleapis.com', port=443): Failed to resolve 'places.googleapis.com' ([Errno 11001] getaddrinfo failed)"))
2026-08-11 18:44:34,086 | fase2_concorrentes | WARNING | place_id=ChIJIVzwfFhPpJQRdG-UdFARAJ8 falhou ao buscar reviews (C1.3): HTTPSConnectionPool(host='places.googleapis.com', port=443): Max retries exceeded with url: /v1/places/ChIJIVzwfFhPpJQRdG-UdFARAJ8 (Caused by NameResolutionError("HTTPSConnection(host='places.googleapis.com', port=443): Failed to resolve 'places.googleapis.com' ([Errno 11001] getaddrinfo failed)"))
2026-08-11 18:44:34,090 | fase2_concorrentes | WARNING | place_id=ChIJi9v1g2BPpJQRG2cwkAPKDQg falhou ao buscar reviews (C1.3): HTTPSConnectionPool(host='places.googleapis.com', port=443): Max retries exceeded with url: /v1/places/ChIJi9v1g2BPpJQRG2cwkAPKDQg (Caused by NameResolutionError("HTTPSConnection(host='places.googleapis.com', port=443): Failed to resolve 'places.googleapis.com' ([Errno 11001] getaddrinfo failed)"))
2026-08-11 18:44:34,097 | fase2_concorrentes | WARNING | place_id=ChIJVQb8oEBPpJQRNoDj67VTKVk falhou ao buscar reviews (C1.3): HTTPSConnectionPool(host='places.googleapis.com', port=443): Max retries exceeded with url: /v1/places/ChIJVQb8oEBPpJQRNoDj67VTKVk (Caused by NameResolutionError("HTTPSConnection(host='places.googleapis.com', port=443): Failed to resolve 'places.googleapis.com' ([Errno 11001] getaddrinfo failed)"))
2026-08-11 18:44:34,103 | fase2_concorrentes | WARNING | place_id=ChIJxwc2fexFpJQRaEzJ3WrafTY falhou ao buscar reviews (C1.3): HTTPSConnectionPool(host='places.googleapis.com', port=443): Max retries exceeded with url: /v1/places/ChIJxwc2fexFpJQRaEzJ3WrafTY (Caused by NameResolutionError("HTTPSConnection(host='places.googleapis.com', port=443): Failed to resolve 'places.googleapis.com' ([Errno 11001] getaddrinfo failed)"))
2026-08-11 18:44:34,107 | fase2_concorrentes | WARNING | place_id=ChIJMbbrLThPpJQRmwPoqzVHEcA falhou ao buscar reviews (C1.3): HTTPSConnectionPool(host='places.googleapis.com', port=443): Max retries exceeded with url: /v1/places/ChIJMbbrLThPpJQRmwPoqzVHEcA (Caused by NameResolutionError("HTTPSConnection(host='places.googleapis.com', port=443): Failed to resolve 'places.googleapis.com' ([Errno 11001] getaddrinfo failed)"))
2026-08-11 18:44:34,111 | fase2_concorrentes | WARNING | place_id=ChIJS5VBCABPpJQRRG91rzmGgzA falhou ao buscar reviews (C1.3): HTTPSConnectionPool(host='places.googleapis.com', port=443): Max retries exceeded with url: /v1/places/ChIJS5VBCABPpJQRRG91rzmGgzA (Caused by NameResolutionError("HTTPSConnection(host='places.googleapis.com', port=443): Failed to resolve 'places.googleapis.com' ([Errno 11001] getaddrinfo failed)"))
2026-08-11 18:44:34,113 | fase2_concorrentes | WARNING | place_id=ChIJl6CTblVFpJQRl2C0FpbJYes falhou ao buscar reviews (C1.3): HTTPSConnectionPool(host='places.googleapis.com', port=443): Max retries exceeded with url: /v1/places/ChIJl6CTblVFpJQRl2C0FpbJYes (Caused by NameResolutionError("HTTPSConnection(host='places.googleapis.com', port=443): Failed to resolve 'places.googleapis.com' ([Errno 11001] getaddrinfo failed)"))
2026-08-11 18:44:34,115 | fase2_concorrentes | WARNING | place_id=ChIJHwmoXtpFpJQRmtPbG1L5ZS8 falhou ao buscar reviews (C1.3): HTTPSConnectionPool(host='places.googleapis.com', port=443): Max retries exceeded with url: /v1/places/ChIJHwmoXtpFpJQRmtPbG1L5ZS8 (Caused by NameResolutionError("HTTPSConnection(host='places.googleapis.com', port=443): Failed to resolve 'places.googleapis.com' ([Errno 11001] getaddrinfo failed)"))
2026-08-11 18:44:34,120 | fase2_concorrentes | WARNING | place_id=ChIJHSKOasxPpJQR7XnzGPGDw1g falhou ao buscar reviews (C1.3): HTTPSConnectionPool(host='places.googleapis.com', port=443): Max retries exceeded with url: /v1/places/ChIJHSKOasxPpJQR7XnzGPGDw1g (Caused by NameResolutionError("HTTPSConnection(host='places.googleapis.com', port=443): Failed to resolve 'places.googleapis.com' ([Errno 11001] getaddrinfo failed)"))
2026-08-11 18:44:34,124 | fase2_concorrentes | WARNING | place_id=ChIJT5gEZRZPpJQRDTiKVOwx4Wg falhou ao buscar reviews (C1.3): HTTPSConnectionPool(host='places.googleapis.com', port=443): Max retries exceeded with url: /v1/places/ChIJT5gEZRZPpJQRDTiKVOwx4Wg (Caused by NameResolutionError("HTTPSConnection(host='places.googleapis.com', port=443): Failed to resolve 'places.googleapis.com' ([Errno 11001] getaddrinfo failed)"))
2026-08-11 18:44:34,127 | fase2_concorrentes | WARNING | place_id=ChIJzex1FklOpJQR88AgxS3GYDY falhou ao buscar reviews (C1.3): HTTPSConnectionPool(host='places.googleapis.com', port=443): Max retries exceeded with url: /v1/places/ChIJzex1FklOpJQR88AgxS3GYDY (Caused by NameResolutionError("HTTPSConnection(host='places.googleapis.com', port=443): Failed to resolve 'places.googleapis.com' ([Errno 11001] getaddrinfo failed)"))
2026-08-11 18:44:34,133 | fase2_concorrentes | WARNING | place_id=ChIJ7VNwyK9PpJQR5QH-rl_t6ew falhou ao buscar reviews (C1.3): HTTPSConnectionPool(host='places.googleapis.com', port=443): Max retries exceeded with url: /v1/places/ChIJ7VNwyK9PpJQR5QH-rl_t6ew (Caused by NameResolutionError("HTTPSConnection(host='places.googleapis.com', port=443): Failed to resolve 'places.googleapis.com' ([Errno 11001] getaddrinfo failed)"))
2026-08-11 18:44:34,136 | fase2_concorrentes | WARNING | place_id=ChIJrRx7UkdOpJQRhBT56ocsHG8 falhou ao buscar reviews (C1.3): HTTPSConnectionPool(host='places.googleapis.com', port=443): Max retries exceeded with url: /v1/places/ChIJrRx7UkdOpJQRhBT56ocsHG8 (Caused by NameResolutionError("HTTPSConnection(host='places.googleapis.com', port=443): Failed to resolve 'places.googleapis.com' ([Errno 11001] getaddrinfo failed)"))
2026-08-11 18:44:34,141 | fase2_concorrentes | WARNING | place_id=ChIJDeuccElOpJQRrfA-WkO8Fdg falhou ao buscar reviews (C1.3): HTTPSConnectionPool(host='places.googleapis.com', port=443): Max retries exceeded with url: /v1/places/ChIJDeuccElOpJQRrfA-WkO8Fdg (Caused by NameResolutionError("HTTPSConnection(host='places.googleapis.com', port=443): Failed to resolve 'places.googleapis.com' ([Errno 11001] getaddrinfo failed)"))
2026-08-11 18:44:34,148 | fase2_concorrentes | WARNING | place_id=ChIJm9npfUREpJQRVxoInFBxt44 falhou ao buscar reviews (C1.3): HTTPSConnectionPool(host='places.googleapis.com', port=443): Max retries exceeded with url: /v1/places/ChIJm9npfUREpJQRVxoInFBxt44 (Caused by NameResolutionError("HTTPSConnection(host='places.googleapis.com', port=443): Failed to resolve 'places.googleapis.com' ([Errno 11001] getaddrinfo failed)"))
2026-08-11 18:44:34,151 | fase2_concorrentes | WARNING | place_id=ChIJL9cxM7JPpJQRvpDA01lMIrs falhou ao buscar reviews (C1.3): HTTPSConnectionPool(host='places.googleapis.com', port=443): Max retries exceeded with url: /v1/places/ChIJL9cxM7JPpJQRvpDA01lMIrs (Caused by NameResolutionError("HTTPSConnection(host='places.googleapis.com', port=443): Failed to resolve 'places.googleapis.com' ([Errno 11001] getaddrinfo failed)"))
2026-08-11 18:44:34,155 | fase2_concorrentes | INFO | C1.3 — recência de avaliações obtida para 113/273 concorrentes (fonte=google)
2026-08-11 18:44:34,181 | fase2_concorrentes | INFO | contagem por tipo: {'pet_shop': 178, 'veterinaria': 74, 'agropecuaria': 50, 'rede': 3}
2026-08-11 18:44:34,181 | fase2_concorrentes | INFO | ACEITE — as 3 redes conhecidas estão presentes
2026-08-11 18:44:34,337 | fase2_concorrentes | INFO | gravado: C:\projetos\novo_ponto\data\processed\concorrentes.gpkg
2026-08-11 18:44:34,337 | fase2_concorrentes | INFO | RESUMO — entrada=310 saida=305 descartados=5 motivo='fora do polígono municipal e/ou duplicata (proximidade+nome)'
2026-08-11 20:23:51,277 | fase2b_vitalidade | INFO | Estabelecimentos6.zip: 4753435 linhas, 24387 de Uberlândia
2026-08-11 20:23:51,279 | fase2b_vitalidade | INFO | baixando https://dados-abertos-rf-cnpj.casadosdados.com.br/arquivos/2026-07-12/Estabelecimentos7.zip -> C:\projetos\novo_ponto\data\raw\rfb\2026-07-12\Estabelecimentos7.zip
2026-08-11 20:26:20,665 | fase2b_vitalidade | INFO | === Fase 2b: vitalidade comercial (C1.1 — mortalidade empresarial via RFB) ===
2026-08-11 20:26:21,284 | fase2b_vitalidade | INFO | RFB (mirror) — mês mais recente disponível: 2026-07-12
2026-08-11 20:26:21,289 | fase2b_vitalidade | INFO | cache hit, não baixa de novo: C:\projetos\novo_ponto\data\raw\rfb\2026-07-12\Municipios.zip
2026-08-11 20:26:21,321 | fase2b_vitalidade | INFO | RFB — código de município para Uberlândia (código interno da Receita, != IBGE): 5403
2026-08-11 20:26:21,321 | fase2b_vitalidade | INFO | cache hit, não baixa de novo: C:\projetos\novo_ponto\data\raw\rfb\2026-07-12\Estabelecimentos0.zip
2026-08-11 20:31:06,266 | fase2b_vitalidade | INFO | Estabelecimentos0.zip: 29538053 linhas, 146332 de Uberlândia
2026-08-11 20:31:06,266 | fase2b_vitalidade | INFO | cache hit, não baixa de novo: C:\projetos\novo_ponto\data\raw\rfb\2026-07-12\Estabelecimentos1.zip
2026-08-11 20:31:19,219 | fase2b_vitalidade | INFO | Estabelecimentos1.zip: 4753435 linhas, 21116 de Uberlândia
2026-08-11 20:31:19,221 | fase2b_vitalidade | INFO | cache hit, não baixa de novo: C:\projetos\novo_ponto\data\raw\rfb\2026-07-12\Estabelecimentos2.zip
2026-08-11 20:31:32,557 | fase2b_vitalidade | INFO | Estabelecimentos2.zip: 4753435 linhas, 23834 de Uberlândia
2026-08-11 20:31:32,557 | fase2b_vitalidade | INFO | cache hit, não baixa de novo: C:\projetos\novo_ponto\data\raw\rfb\2026-07-12\Estabelecimentos3.zip
2026-08-11 20:31:45,933 | fase2b_vitalidade | INFO | Estabelecimentos3.zip: 4753435 linhas, 24701 de Uberlândia
2026-08-11 20:31:45,935 | fase2b_vitalidade | INFO | cache hit, não baixa de novo: C:\projetos\novo_ponto\data\raw\rfb\2026-07-12\Estabelecimentos4.zip
2026-08-11 20:31:59,078 | fase2b_vitalidade | INFO | Estabelecimentos4.zip: 4753435 linhas, 21356 de Uberlândia
2026-08-11 20:31:59,078 | fase2b_vitalidade | INFO | cache hit, não baixa de novo: C:\projetos\novo_ponto\data\raw\rfb\2026-07-12\Estabelecimentos5.zip
2026-08-11 20:32:12,108 | fase2b_vitalidade | INFO | Estabelecimentos5.zip: 4753435 linhas, 24436 de Uberlândia
2026-08-11 20:32:12,108 | fase2b_vitalidade | INFO | cache hit, não baixa de novo: C:\projetos\novo_ponto\data\raw\rfb\2026-07-12\Estabelecimentos6.zip
2026-08-11 20:32:25,660 | fase2b_vitalidade | INFO | Estabelecimentos6.zip: 4753435 linhas, 24387 de Uberlândia
2026-08-11 20:32:25,660 | fase2b_vitalidade | INFO | baixando https://dados-abertos-rf-cnpj.casadosdados.com.br/arquivos/2026-07-12/Estabelecimentos7.zip -> C:\projetos\novo_ponto\data\raw\rfb\2026-07-12\Estabelecimentos7.zip (tentativa 1/5)
2026-08-11 20:32:42,624 | fase2b_vitalidade | INFO | download concluído: C:\projetos\novo_ponto\data\raw\rfb\2026-07-12\Estabelecimentos7.zip (340694903 bytes)
2026-08-11 20:32:55,687 | fase2b_vitalidade | INFO | Estabelecimentos7.zip: 4753435 linhas, 21656 de Uberlândia
2026-08-11 20:32:55,689 | fase2b_vitalidade | INFO | baixando https://dados-abertos-rf-cnpj.casadosdados.com.br/arquivos/2026-07-12/Estabelecimentos8.zip -> C:\projetos\novo_ponto\data\raw\rfb\2026-07-12\Estabelecimentos8.zip (tentativa 1/5)
2026-08-11 20:33:13,062 | fase2b_vitalidade | INFO | download concluído: C:\projetos\novo_ponto\data\raw\rfb\2026-07-12\Estabelecimentos8.zip (334764377 bytes)
2026-08-11 20:33:25,545 | fase2b_vitalidade | INFO | Estabelecimentos8.zip: 4753435 linhas, 24270 de Uberlândia
2026-08-11 20:33:25,547 | fase2b_vitalidade | INFO | baixando https://dados-abertos-rf-cnpj.casadosdados.com.br/arquivos/2026-07-12/Estabelecimentos9.zip -> C:\projetos\novo_ponto\data\raw\rfb\2026-07-12\Estabelecimentos9.zip (tentativa 1/5)
2026-08-11 20:33:44,138 | fase2b_vitalidade | INFO | download concluído: C:\projetos\novo_ponto\data\raw\rfb\2026-07-12\Estabelecimentos9.zip (368970563 bytes)
2026-08-11 20:34:06,376 | fase2b_vitalidade | INFO | Estabelecimentos9.zip: 4753435 linhas, 24332 de Uberlândia
2026-08-11 20:34:07,056 | fase2b_vitalidade | INFO | RFB — 356420 estabelecimentos de Uberlândia (todas as CNAEs) de 72318968 linhas totais nos 10 arquivos; gravado: C:\projetos\novo_ponto\data\interim\rfb_estabelecimentos_uberlandia_2026-07-12.parquet
2026-08-11 20:34:07,630 | fase2b_vitalidade | INFO | RFB — 73116 de 356420 estabelecimentos de Uberlândia são de comércio varejista (CNAE divisão 47)
2026-08-11 20:34:08,071 | fase2b_vitalidade | INFO | RFB — bairro (texto livre do endereço) casado contra NM_BAIRRO do IBGE (normalização, sem fuzzy match): 61343 casados, 11773 não casados de 73116 estabelecimentos de comércio
2026-08-11 20:34:08,503 | fase2b_vitalidade | WARNING | C1.1 — 'CENTRO' não tem estabelecimentos de comércio casados nesta agregação — sem dado
2026-08-11 20:34:08,516 | fase2b_vitalidade | WARNING | C1.1 — 'PRESIDENTE ROOSEVELT' não tem estabelecimentos de comércio casados nesta agregação — sem dado
2026-08-11 20:34:08,520 | fase2b_vitalidade | INFO | gravado: C:\projetos\novo_ponto\data\processed\vitalidade_bairro.csv (75 bairros)
2026-08-11 20:34:08,520 | fase2b_vitalidade | INFO | RESUMO — entrada=356420 saida=75 descartados=295077 motivo='fora da divisão 47 (comércio varejista) ou sem bairro casado contra o IBGE'
2026-08-11 20:36:19,168 | fase2b_vitalidade | INFO | === Fase 2b: vitalidade comercial (C1.1 — mortalidade empresarial via RFB) ===
2026-08-11 20:36:19,658 | fase2b_vitalidade | INFO | RFB (mirror) — mês mais recente disponível: 2026-07-12
2026-08-11 20:36:19,658 | fase2b_vitalidade | INFO | cache hit, não baixa de novo: C:\projetos\novo_ponto\data\raw\rfb\2026-07-12\Municipios.zip
2026-08-11 20:36:19,689 | fase2b_vitalidade | INFO | RFB — código de município para Uberlândia (código interno da Receita, != IBGE): 5403
2026-08-11 20:36:19,689 | fase2b_vitalidade | INFO | cache hit — usando filtro já feito: C:\projetos\novo_ponto\data\interim\rfb_estabelecimentos_uberlandia_2026-07-12.parquet
2026-08-11 20:36:19,872 | fase2b_vitalidade | INFO | RFB — 73116 de 356420 estabelecimentos de Uberlândia são de comércio varejista (CNAE divisão 47)
2026-08-11 20:36:20,017 | fase2b_vitalidade | INFO | RFB — bairro (texto livre do endereço) casado contra NM_BAIRRO do IBGE (normalização, sem fuzzy match): 61343 casados, 11773 não casados de 73116 estabelecimentos de comércio
2026-08-11 20:36:20,222 | fase2b_vitalidade | INFO | C1.2 — taxa de fechamento (Google Places) calculada para 57 bairros (273 concorrentes fonte=google, 0 fechados permanentemente)
2026-08-11 20:36:20,235 | fase2b_vitalidade | WARNING | C1.3 — concorrentes.gpkg sem data_ultima_avaliacao preenchida (GOOGLE_PLACES_API_KEY ausente, ou rode f2_concorrentes.py de novo) — pulado
2026-08-11 20:36:20,238 | fase2b_vitalidade | WARNING | C1.1 — validação FALHOU: 'CENTRO' tem dado de mortalidade mas NÃO está no quartil superior — investigar antes de confiar no indicador (CORRECOES_2.md)
2026-08-11 20:36:20,238 | fase2b_vitalidade | WARNING | C1.1 — validação FALHOU: 'PRESIDENTE ROOSEVELT' tem dado de mortalidade mas NÃO está no quartil superior — investigar antes de confiar no indicador (CORRECOES_2.md)
2026-08-11 20:36:20,238 | fase2b_vitalidade | INFO | gravado: C:\projetos\novo_ponto\data\processed\vitalidade_bairro.csv (75 bairros)
2026-08-11 20:36:20,238 | fase2b_vitalidade | INFO | RESUMO — entrada=356420 saida=75 descartados=295077 motivo='fora da divisão 47 (comércio varejista) ou sem bairro casado contra o IBGE'
2026-08-11 20:40:41,167 | fase1_ibge | INFO | === Fase 1: base demográfica IBGE — município 3170206 ===
2026-08-11 20:40:43,167 | fase1_ibge | INFO | URL mais recente para basico: https://ftp.ibge.gov.br/Censos/Censo_Demografico_2022/Agregados_por_Setores_Censitarios/Agregados_por_Setor_csv/Agregados_por_setores_basico_BR_20260520.zip
2026-08-11 20:40:43,169 | fase1_ibge | INFO | URL mais recente para domicilio1: https://ftp.ibge.gov.br/Censos/Censo_Demografico_2022/Agregados_por_Setores_Censitarios/Agregados_por_Setor_csv/Agregados_por_setores_caracteristicas_domicilio1_BR.zip
2026-08-11 20:40:43,169 | fase1_ibge | INFO | URL mais recente para demografia: https://ftp.ibge.gov.br/Censos/Censo_Demografico_2022/Agregados_por_Setores_Censitarios/Agregados_por_Setor_csv/Agregados_por_setores_demografia_BR.zip
2026-08-11 20:40:43,169 | fase1_ibge | INFO | URL mais recente para dicionario: https://ftp.ibge.gov.br/Censos/Censo_Demografico_2022/Agregados_por_Setores_Censitarios/dicionario_de_dados_agregados_por_setores_censitarios_20260520.xlsx
2026-08-11 20:40:43,169 | fase1_ibge | INFO | URL mais recente para malha: https://ftp.ibge.gov.br/Censos/Censo_Demografico_2022/Agregados_por_Setores_Censitarios/malha_com_atributos/setores/gpkg/UF/MG/MG_setores_CD2022.gpkg
2026-08-11 20:40:43,169 | fase1_ibge | INFO | URL mais recente para renda_zip: https://ftp.ibge.gov.br/Censos/Censo_Demografico_2022/Agregados_por_Setores_Censitarios_Rendimento_do_Responsavel/Agregados_por_setores_renda_responsavel_BR_20260508_xlsx.zip
2026-08-11 20:40:43,169 | fase1_ibge | INFO | URL mais recente para renda_dicionario: https://ftp.ibge.gov.br/Censos/Censo_Demografico_2022/Agregados_por_Setores_Censitarios_Rendimento_do_Responsavel/dicionario_de_dados_renda_responsavel_20260508.xlsx
2026-08-11 20:40:43,169 | fase1_ibge | INFO | cache hit, não baixa de novo: C:\projetos\novo_ponto\data\raw\ibge\Agregados_por_setores_basico_BR_20260520.zip
2026-08-11 20:40:43,193 | fase1_ibge | INFO | cache hit, não baixa de novo: C:\projetos\novo_ponto\data\raw\ibge\Agregados_por_setores_caracteristicas_domicilio1_BR.zip
2026-08-11 20:40:43,193 | fase1_ibge | INFO | cache hit, não baixa de novo: C:\projetos\novo_ponto\data\raw\ibge\Agregados_por_setores_demografia_BR.zip
2026-08-11 20:40:43,193 | fase1_ibge | INFO | cache hit, não baixa de novo: C:\projetos\novo_ponto\data\raw\ibge\dicionario_de_dados_agregados_por_setores_censitarios_20260520.xlsx
2026-08-11 20:40:43,193 | fase1_ibge | INFO | cache hit, não baixa de novo: C:\projetos\novo_ponto\data\raw\ibge\MG_setores_CD2022.gpkg
2026-08-11 20:40:43,200 | fase1_ibge | INFO | cache hit, não baixa de novo: C:\projetos\novo_ponto\data\raw\ibge\Agregados_por_setores_renda_responsavel_BR_20260508_xlsx.zip
2026-08-11 20:40:43,200 | fase1_ibge | INFO | cache hit, não baixa de novo: C:\projetos\novo_ponto\data\raw\ibge\dicionario_de_dados_renda_responsavel_20260508.xlsx
2026-08-11 20:40:43,202 | fase1_ibge | INFO | markitdown já convertido, pulando: C:\projetos\novo_ponto\data\interim\md\dicionario_de_dados_agregados_por_setores_censitarios_20260520.xlsx.md
2026-08-11 20:40:43,202 | fase1_ibge | INFO | markitdown já convertido, pulando: C:\projetos\novo_ponto\data\interim\md\dicionario_de_dados_renda_responsavel_20260508.xlsx.md
2026-08-11 20:40:43,202 | fase1_ibge | INFO | lendo malha geográfica de MG (pode demorar, é um gpkg grande)
2026-08-11 20:40:45,927 | fase1_ibge | INFO | malha: 51392 setores em MG, 1988 em Uberlândia (CD_MUN=3170206)
2026-08-11 20:40:45,927 | fase1_ibge | INFO | já extraído, pulando: Agregados_por_setores_basico_BR_20260520.zip
2026-08-11 20:40:45,927 | fase1_ibge | INFO | já extraído, pulando: Agregados_por_setores_caracteristicas_domicilio1_BR.zip
2026-08-11 20:40:45,927 | fase1_ibge | INFO | já extraído, pulando: Agregados_por_setores_demografia_BR.zip
2026-08-11 20:40:45,927 | fase1_ibge | INFO | já extraído, pulando: Agregados_por_setores_renda_responsavel_BR_20260508_xlsx.zip
2026-08-11 20:40:46,077 | fase1_ibge | INFO | Agregados_por_setores_basico_BR.csv: chardet sugeriu ISO-8859-1 (confiança=0.006); usando cp1252
2026-08-11 20:40:46,085 | fase1_ibge | INFO | Agregados_por_setores_basico_BR.csv: separador decimal detectado=',' (amostra: vírgula=5194 ponto=0)
2026-08-11 20:40:49,572 | fase1_ibge | INFO | Agregados_por_setores_caracteristicas_domicilio1_BR.csv: chardet sugeriu ascii (confiança=1.000); usando cp1252
2026-08-11 20:40:49,580 | fase1_ibge | INFO | Agregados_por_setores_caracteristicas_domicilio1_BR.csv: separador decimal detectado='.' (amostra: vírgula=0 ponto=0)
2026-08-11 20:40:55,231 | fase1_ibge | INFO | Agregados_por_setores_demografia_BR.csv: chardet sugeriu ascii (confiança=1.000); usando cp1252
2026-08-11 20:40:55,245 | fase1_ibge | INFO | Agregados_por_setores_demografia_BR.csv: separador decimal detectado='.' (amostra: vírgula=0 ponto=0)
2026-08-11 20:40:58,307 | fase1_ibge | INFO | Agregados_por_setores_renda_responsavel_BR.csv: chardet sugeriu ascii (confiança=1.000); usando cp1252
2026-08-11 20:40:58,327 | fase1_ibge | INFO | Agregados_por_setores_renda_responsavel_BR.csv: separador decimal detectado='.' (amostra: vírgula=0 ponto=20283)
2026-08-11 20:40:59,300 | fase1_ibge | INFO | linhas filtradas para Uberlândia: básico=1988 domicilio1=1924 demografia=1924 renda=1924
2026-08-11 20:40:59,360 | fase1_ibge | INFO | G1 — domicilios_apartamento preenchido por diferença (casa+ocupados conhecidos): 220 setor(es); domicilios_casa preenchido por diferença (apartamento+ocupados conhecidos): 5 setor(es); mantidos nulos por divergência >5% entre soma e ocupados (sigilo real, não zero): 0 setor(es)
2026-08-11 20:40:59,410 | fase1_ibge | INFO | merge com básico: 1988->1988 linhas, 0 setores sem correspondência nessa tabela
2026-08-11 20:40:59,413 | fase1_ibge | INFO | merge com domicilio1: 1988->1988 linhas, 90 setores sem correspondência nessa tabela
2026-08-11 20:40:59,413 | fase1_ibge | INFO | merge com demografia: 1988->1988 linhas, 90 setores sem correspondência nessa tabela
2026-08-11 20:40:59,413 | fase1_ibge | INFO | merge com renda: 1988->1988 linhas, 90 setores sem correspondência nessa tabela
2026-08-11 20:40:59,427 | fase1_ibge | INFO | M2 — 90 setores sem domicilio1/demografia/renda, por categoria: rural=5, urbano sem população registrada (industrial/área não-residencial, provável)=62, urbano com população>0 mas sem domicílio (sigilo real, provável)=23, outros=0
2026-08-11 20:40:59,458 | fase1_ibge | INFO | reprojetado de EPSG:4674 para EPSG:31982 (spec: sempre métrico antes de cálculo de distância/área)
2026-08-11 20:40:59,460 | fase1_ibge | INFO | ACEITE — todos os critérios da Fase 1 passaram (n_setores=1988, soma_domicilios=267966)
2026-08-11 20:40:59,460 | fase1_ibge | INFO | M3 — gravado: C:\projetos\novo_ponto\data\processed\dicionario_variaveis.json (unidade de renda confirmada contra o dicionário oficial: R$ nominal/mês, do responsável)
2026-08-11 20:40:59,574 | fase1_ibge | INFO | gravado: C:\projetos\novo_ponto\data\processed\setores.gpkg
2026-08-11 20:40:59,574 | fase1_ibge | INFO | RESUMO — entrada=1988 saida=1988 descartados=0 motivo='setores fora de Uberlândia (filtro CD_MUN) já removidos na malha de origem'
2026-08-11 20:41:00,465 | fase2_concorrentes | INFO | === Fase 2: concorrência ===
2026-08-11 20:41:00,465 | fase2_concorrentes | INFO | cache hit Overpass: C:\projetos\novo_ponto\data\raw\osm\overpass_concorrentes.json
2026-08-11 20:41:00,475 | fase2_concorrentes | INFO | OSM: 36 concorrentes brutos coletados
2026-08-11 20:41:00,741 | fase2_concorrentes | INFO | grade urbana: 25 células (espaçamento=4500m, raio=3200m)
2026-08-11 20:41:19,794 | fase2_concorrentes | WARNING | célula (-18.9310,-48.1804) termo='clínica veterinária' esgotou tentativas (falha persistente cacheada de execução anterior) — pulando só esta
2026-08-11 20:41:20,796 | fase2_concorrentes | WARNING | célula (-18.9310,-48.1804) termo='banho e tosa' esgotou tentativas (falha persistente cacheada de execução anterior) — pulando só esta
2026-08-11 20:41:21,798 | fase2_concorrentes | WARNING | célula (-18.8904,-48.1811) termo='pet shop' esgotou tentativas (falha persistente cacheada de execução anterior) — pulando só esta
2026-08-11 20:41:22,799 | fase2_concorrentes | WARNING | célula (-18.8904,-48.1811) termo='agropecuária' esgotou tentativas (falha persistente cacheada de execução anterior) — pulando só esta
2026-08-11 20:41:23,802 | fase2_concorrentes | WARNING | célula (-18.8904,-48.1811) termo='casa de ração' esgotou tentativas (falha persistente cacheada de execução anterior) — pulando só esta
2026-08-11 20:41:24,803 | fase2_concorrentes | WARNING | célula (-18.8904,-48.1811) termo='clínica veterinária' esgotou tentativas (falha persistente cacheada de execução anterior) — pulando só esta
2026-08-11 20:41:25,805 | fase2_concorrentes | WARNING | célula (-18.8904,-48.1811) termo='banho e tosa' esgotou tentativas (falha persistente cacheada de execução anterior) — pulando só esta
2026-08-11 20:41:26,807 | fase2_concorrentes | WARNING | célula (-19.1300,-47.9206) termo='pet shop' esgotou tentativas (falha persistente cacheada de execução anterior) — pulando só esta
2026-08-11 20:41:27,809 | fase2_concorrentes | WARNING | célula (-19.1300,-47.9206) termo='agropecuária' esgotou tentativas (falha persistente cacheada de execução anterior) — pulando só esta
2026-08-11 20:41:28,810 | fase2_concorrentes | WARNING | célula (-19.1300,-47.9206) termo='casa de ração' esgotou tentativas (falha persistente cacheada de execução anterior) — pulando só esta
2026-08-11 20:41:29,812 | fase2_concorrentes | WARNING | célula (-19.1300,-47.9206) termo='clínica veterinária' esgotou tentativas (falha persistente cacheada de execução anterior) — pulando só esta
2026-08-11 20:41:30,813 | fase2_concorrentes | WARNING | célula (-19.1300,-47.9206) termo='banho e tosa' esgotou tentativas (falha persistente cacheada de execução anterior) — pulando só esta
2026-08-11 20:41:31,819 | fase2_concorrentes | INFO | Google Places: 113 células x termo consultadas (com cache), 12 puladas por falha persistente, 2260 resultados brutos
2026-08-11 20:41:31,834 | fase2_concorrentes | INFO | Google Places: dedup por place_id 2260 -> 274
2026-08-11 20:41:32,193 | fase2_concorrentes | INFO | dedup espacial (<30m + nome similar): 310 -> 305
2026-08-11 20:41:32,200 | fase2_concorrentes | INFO | redes conhecidas geocodificadas: 3/3
2026-08-11 20:41:32,217 | fase2_concorrentes | INFO | rede 'Petz Rondon Pacheco' resolvida para 'Petz Uberlândia' (fonte=google, casado por texto do endereço); 0 duplicata(s) da mesma loja removida(s)
2026-08-11 20:41:32,217 | fase2_concorrentes | INFO | rede 'Petz Center Shopping' resolvida para 'Petz Center Shopping' (fonte=google, casado por texto do endereço); 0 duplicata(s) da mesma loja removida(s)
2026-08-11 20:41:32,225 | fase2_concorrentes | INFO | rede 'Cobasi Rondon Pacheco' resolvida para 'Cobasi Uberlândia' (fonte=google, casado por texto do endereço); 0 duplicata(s) da mesma loja removida(s)
2026-08-11 20:42:12,183 | fase2_concorrentes | INFO | C1.3 — recência de avaliações: 50/273 concorrentes processados
2026-08-11 20:42:53,322 | fase2_concorrentes | INFO | C1.3 — recência de avaliações: 100/273 concorrentes processados
2026-08-11 20:50:56,045 | fase2_concorrentes | INFO | === Fase 2: concorrência ===
2026-08-11 20:50:56,045 | fase2_concorrentes | INFO | cache hit Overpass: C:\projetos\novo_ponto\data\raw\osm\overpass_concorrentes.json
2026-08-11 20:50:56,069 | fase2_concorrentes | INFO | OSM: 36 concorrentes brutos coletados
2026-08-11 20:50:57,116 | fase2_concorrentes | INFO | grade urbana: 25 células (espaçamento=4500m, raio=3200m)
2026-08-11 20:51:15,461 | fase2_concorrentes | WARNING | célula (-18.9310,-48.1804) termo='clínica veterinária' esgotou tentativas (falha persistente cacheada de execução anterior) — pulando só esta
2026-08-11 20:51:16,464 | fase2_concorrentes | WARNING | célula (-18.9310,-48.1804) termo='banho e tosa' esgotou tentativas (falha persistente cacheada de execução anterior) — pulando só esta
2026-08-11 20:51:17,466 | fase2_concorrentes | WARNING | célula (-18.8904,-48.1811) termo='pet shop' esgotou tentativas (falha persistente cacheada de execução anterior) — pulando só esta
2026-08-11 20:51:18,468 | fase2_concorrentes | WARNING | célula (-18.8904,-48.1811) termo='agropecuária' esgotou tentativas (falha persistente cacheada de execução anterior) — pulando só esta
2026-08-11 20:51:19,469 | fase2_concorrentes | WARNING | célula (-18.8904,-48.1811) termo='casa de ração' esgotou tentativas (falha persistente cacheada de execução anterior) — pulando só esta
2026-08-11 20:51:20,472 | fase2_concorrentes | WARNING | célula (-18.8904,-48.1811) termo='clínica veterinária' esgotou tentativas (falha persistente cacheada de execução anterior) — pulando só esta
2026-08-11 20:51:21,474 | fase2_concorrentes | WARNING | célula (-18.8904,-48.1811) termo='banho e tosa' esgotou tentativas (falha persistente cacheada de execução anterior) — pulando só esta
2026-08-11 20:51:22,476 | fase2_concorrentes | WARNING | célula (-19.1300,-47.9206) termo='pet shop' esgotou tentativas (falha persistente cacheada de execução anterior) — pulando só esta
2026-08-11 20:51:23,478 | fase2_concorrentes | WARNING | célula (-19.1300,-47.9206) termo='agropecuária' esgotou tentativas (falha persistente cacheada de execução anterior) — pulando só esta
2026-08-11 20:51:24,480 | fase2_concorrentes | WARNING | célula (-19.1300,-47.9206) termo='casa de ração' esgotou tentativas (falha persistente cacheada de execução anterior) — pulando só esta
2026-08-11 20:51:25,482 | fase2_concorrentes | WARNING | célula (-19.1300,-47.9206) termo='clínica veterinária' esgotou tentativas (falha persistente cacheada de execução anterior) — pulando só esta
2026-08-11 20:51:26,484 | fase2_concorrentes | WARNING | célula (-19.1300,-47.9206) termo='banho e tosa' esgotou tentativas (falha persistente cacheada de execução anterior) — pulando só esta
2026-08-11 20:51:27,496 | fase2_concorrentes | INFO | Google Places: 113 células x termo consultadas (com cache), 12 puladas por falha persistente, 2260 resultados brutos
2026-08-11 20:51:27,513 | fase2_concorrentes | INFO | Google Places: dedup por place_id 2260 -> 274
2026-08-11 20:51:28,879 | fase2_concorrentes | INFO | dedup espacial (<30m + nome similar): 310 -> 305
2026-08-11 20:51:28,894 | fase2_concorrentes | INFO | redes conhecidas geocodificadas: 3/3
2026-08-11 20:51:28,928 | fase2_concorrentes | INFO | rede 'Petz Rondon Pacheco' resolvida para 'Petz Uberlândia' (fonte=google, casado por texto do endereço); 0 duplicata(s) da mesma loja removida(s)
2026-08-11 20:51:28,962 | fase2_concorrentes | INFO | rede 'Petz Center Shopping' resolvida para 'Petz Center Shopping' (fonte=google, casado por texto do endereço); 0 duplicata(s) da mesma loja removida(s)
2026-08-11 20:51:28,983 | fase2_concorrentes | INFO | rede 'Cobasi Rondon Pacheco' resolvida para 'Cobasi Uberlândia' (fonte=google, casado por texto do endereço); 0 duplicata(s) da mesma loja removida(s)
2026-08-11 20:51:33,987 | fase2_concorrentes | INFO | C1.3 — recência de avaliações: 50/273 concorrentes processados
2026-08-11 20:51:38,948 | fase2_concorrentes | INFO | C1.3 — recência de avaliações: 100/273 concorrentes processados
2026-08-11 21:10:50,520 | fase2_concorrentes | INFO | === Fase 2: concorrência ===
2026-08-11 21:10:50,522 | fase2_concorrentes | INFO | cache hit Overpass: C:\projetos\novo_ponto\data\raw\osm\overpass_concorrentes.json
2026-08-11 21:10:50,548 | fase2_concorrentes | INFO | OSM: 36 concorrentes brutos coletados
2026-08-11 21:10:51,924 | fase2_concorrentes | INFO | grade urbana: 25 células (espaçamento=4500m, raio=3200m)
2026-08-11 21:11:09,489 | fase2_concorrentes | WARNING | célula (-18.9310,-48.1804) termo='clínica veterinária' esgotou tentativas (falha persistente cacheada de execução anterior) — pulando só esta
2026-08-11 21:11:10,491 | fase2_concorrentes | WARNING | célula (-18.9310,-48.1804) termo='banho e tosa' esgotou tentativas (falha persistente cacheada de execução anterior) — pulando só esta
2026-08-11 21:11:11,494 | fase2_concorrentes | WARNING | célula (-18.8904,-48.1811) termo='pet shop' esgotou tentativas (falha persistente cacheada de execução anterior) — pulando só esta
2026-08-11 21:11:12,497 | fase2_concorrentes | WARNING | célula (-18.8904,-48.1811) termo='agropecuária' esgotou tentativas (falha persistente cacheada de execução anterior) — pulando só esta
2026-08-11 21:11:13,499 | fase2_concorrentes | WARNING | célula (-18.8904,-48.1811) termo='casa de ração' esgotou tentativas (falha persistente cacheada de execução anterior) — pulando só esta
2026-08-11 21:11:14,500 | fase2_concorrentes | WARNING | célula (-18.8904,-48.1811) termo='clínica veterinária' esgotou tentativas (falha persistente cacheada de execução anterior) — pulando só esta
2026-08-11 21:11:15,502 | fase2_concorrentes | WARNING | célula (-18.8904,-48.1811) termo='banho e tosa' esgotou tentativas (falha persistente cacheada de execução anterior) — pulando só esta
2026-08-11 21:11:16,504 | fase2_concorrentes | WARNING | célula (-19.1300,-47.9206) termo='pet shop' esgotou tentativas (falha persistente cacheada de execução anterior) — pulando só esta
2026-08-11 21:11:17,506 | fase2_concorrentes | WARNING | célula (-19.1300,-47.9206) termo='agropecuária' esgotou tentativas (falha persistente cacheada de execução anterior) — pulando só esta
2026-08-11 21:11:18,508 | fase2_concorrentes | WARNING | célula (-19.1300,-47.9206) termo='casa de ração' esgotou tentativas (falha persistente cacheada de execução anterior) — pulando só esta
2026-08-11 21:11:19,510 | fase2_concorrentes | WARNING | célula (-19.1300,-47.9206) termo='clínica veterinária' esgotou tentativas (falha persistente cacheada de execução anterior) — pulando só esta
2026-08-11 21:11:20,512 | fase2_concorrentes | WARNING | célula (-19.1300,-47.9206) termo='banho e tosa' esgotou tentativas (falha persistente cacheada de execução anterior) — pulando só esta
2026-08-11 21:11:21,528 | fase2_concorrentes | INFO | Google Places: 113 células x termo consultadas (com cache), 12 puladas por falha persistente, 2260 resultados brutos
2026-08-11 21:11:21,545 | fase2_concorrentes | INFO | Google Places: dedup por place_id 2260 -> 274
2026-08-11 21:11:22,732 | fase2_concorrentes | INFO | dedup espacial (<30m + nome similar): 310 -> 305
2026-08-11 21:11:22,743 | fase2_concorrentes | INFO | redes conhecidas geocodificadas: 3/3
2026-08-11 21:11:22,792 | fase2_concorrentes | INFO | rede 'Petz Rondon Pacheco' resolvida para 'Petz Uberlândia' (fonte=google, casado por texto do endereço); 0 duplicata(s) da mesma loja removida(s)
2026-08-11 21:11:22,809 | fase2_concorrentes | INFO | rede 'Petz Center Shopping' resolvida para 'Petz Center Shopping' (fonte=google, casado por texto do endereço); 0 duplicata(s) da mesma loja removida(s)
2026-08-11 21:11:22,825 | fase2_concorrentes | INFO | rede 'Cobasi Rondon Pacheco' resolvida para 'Cobasi Uberlândia' (fonte=google, casado por texto do endereço); 0 duplicata(s) da mesma loja removida(s)
2026-08-11 21:12:06,905 | fase2_concorrentes | WARNING | C1.3 — HTTP 429 esgotou as 5 tentativas para place_id=ChIJYee9OLdFpJQRzeksljxEzUY (falhas consecutivas=1/5)
2026-08-11 21:12:08,234 | fase2_concorrentes | INFO | C1.3 — recência de avaliações: 50/273 concorrentes processados
2026-08-11 21:12:49,286 | fase2_concorrentes | WARNING | C1.3 — HTTP 429 esgotou as 5 tentativas para place_id=ChIJY1qVh7xFpJQRBuHT_n8bNBU (falhas consecutivas=1/5)
2026-08-11 21:12:50,511 | fase2_concorrentes | INFO | C1.3 — recência de avaliações: 100/273 concorrentes processados
2026-08-11 21:13:32,295 | fase2_concorrentes | WARNING | C1.3 — HTTP 429 esgotou as 5 tentativas para place_id=ChIJdz_0ZgBFpJQRW4LGqobTjU4 (falhas consecutivas=1/5)
2026-08-11 21:14:09,571 | fase2_concorrentes | WARNING | C1.3 — HTTP 429 esgotou as 5 tentativas para place_id=ChIJregg-cBFpJQRlgZEkSGwd8U (falhas consecutivas=2/5)
2026-08-11 21:14:55,550 | fase2_concorrentes | WARNING | C1.3 — HTTP 429 esgotou as 5 tentativas para place_id=ChIJF4haG9dFpJQRuUzZkBXT5b4 (falhas consecutivas=1/5)
2026-08-11 21:15:35,381 | fase2_concorrentes | WARNING | C1.3 — HTTP 429 esgotou as 5 tentativas para place_id=ChIJM0A7pYNEpJQRqqo1Ggs0thQ (falhas consecutivas=2/5)
2026-08-11 21:16:14,500 | fase2_concorrentes | WARNING | C1.3 — HTTP 429 esgotou as 5 tentativas para place_id=ChIJ36R18_1DpJQR2dkm6fELLzk (falhas consecutivas=3/5)
2026-08-11 21:16:53,003 | fase2_concorrentes | WARNING | C1.3 — HTTP 429 esgotou as 5 tentativas para place_id=ChIJmbSxkWpDpJQRZ9sqVVVNQAo (falhas consecutivas=4/5)
2026-08-11 21:17:31,608 | fase2_concorrentes | WARNING | C1.3 — HTTP 429 esgotou as 5 tentativas para place_id=ChIJde602jdDpJQR2Bg0-cntPiw (falhas consecutivas=5/5)
2026-08-11 21:17:31,608 | fase2_concorrentes | WARNING | C1.3 — 5 falhas consecutivas por rate-limit/cota — abortando o restante do loop (123/273 tentados); os demais place_ids ficam sem cache, prontos para uma execução futura quando a cota renovar
2026-08-11 21:17:31,612 | fase2_concorrentes | INFO | C1.3 — recência de avaliações obtida para 114/273 concorrentes (fonte=google)
2026-08-11 21:17:31,613 | fase2_concorrentes | WARNING | C1.3 — LIMITAÇÃO CONFIRMADA: 114 resposta(s) 200 OK do Place Details, nenhuma trouxe a chave 'reviews' (field mask 'id,reviews' correto, mas a chave/projeto aparentemente não tem o tier Enterprise+Atmosphere habilitado — mesmo padrão do problema já documentado com a API legada). C1.3 fica 'não coletado', não é bug de implementação — ver comentário em GOOGLE_FIELD_MASK_REVIEWS.
2026-08-11 21:17:31,635 | fase2_concorrentes | INFO | contagem por tipo: {'pet_shop': 178, 'veterinaria': 74, 'agropecuaria': 50, 'rede': 3}
2026-08-11 21:17:31,635 | fase2_concorrentes | INFO | ACEITE — as 3 redes conhecidas estão presentes
2026-08-11 21:17:31,762 | fase2_concorrentes | INFO | gravado: C:\projetos\novo_ponto\data\processed\concorrentes.gpkg
2026-08-11 21:17:31,777 | fase2_concorrentes | INFO | RESUMO — entrada=310 saida=305 descartados=5 motivo='fora do polígono municipal e/ou duplicata (proximidade+nome)'
2026-08-11 21:18:10,396 | fase3_vias_zoneamento | INFO | === Fase 3: vias e zoneamento ===
2026-08-11 21:18:10,398 | fase3_vias_zoneamento | INFO | cache hit Overpass (vias): C:\projetos\novo_ponto\data\raw\osm\overpass_vias.json
2026-08-11 21:18:12,038 | fase3_vias_zoneamento | INFO | malha viária: 12686 segmentos coletados
2026-08-11 21:18:12,046 | fase3_vias_zoneamento | INFO | contagem por classe de via: {'residential': 9562, 'tertiary': 1848, 'secondary': 843, 'primary': 433}
2026-08-11 21:18:13,115 | fase3_vias_zoneamento | INFO | gravado: C:\projetos\novo_ponto\data\processed\vias.gpkg
2026-08-11 21:18:14,092 | fase3_vias_zoneamento | WARNING | https://www.uberlandia.mg.gov.br/portal-da-transparencia/dados-abertos/catalogo-de-dados-abertos/ respondeu HTTP 403 — não deu pra checar vetorial nessa página
2026-08-11 21:18:15,021 | fase3_vias_zoneamento | WARNING | https://www.uberlandia.mg.gov.br/prefeitura/secretarias/planejamento-urbano/mapas-e-bairros/ respondeu HTTP 403 — não deu pra checar vetorial nessa página
2026-08-11 21:18:15,021 | fase3_vias_zoneamento | INFO | cache hit, não baixa de novo: C:\projetos\novo_ponto\data\raw\zoneamento\Mapa-Zoneamento-e-Ocupacao-do-Solo-%E2%80%93-Lei-8122_026-e-suas-alteracoes.pdf
2026-08-11 21:18:15,028 | fase3_vias_zoneamento | INFO | mapa de zoneamento baixado: C:\projetos\novo_ponto\data\raw\zoneamento\Mapa-Zoneamento-e-Ocupacao-do-Solo-%E2%80%93-Lei-8122_026-e-suas-alteracoes.pdf (2026-02 (Lei 8122/026 e alterações — vigente))
2026-08-11 21:18:15,028 | fase3_vias_zoneamento | INFO | markitdown já convertido, pulando: C:\projetos\novo_ponto\data\interim\md\Mapa-Zoneamento-e-Ocupacao-do-Solo-%E2%80%93-Lei-8122_026-e-suas-alteracoes.pdf.md
2026-08-11 21:18:15,080 | fase3_vias_zoneamento | INFO | legenda de zonas extraída do PDF: 25 zonas identificadas
2026-08-11 21:18:15,093 | fase3_vias_zoneamento | INFO | gravado: C:\projetos\novo_ponto\data\processed\zonas_permitidas.csv (25 linhas)
2026-08-11 21:18:24,345 | fase3_vias_zoneamento | INFO | perímetro urbano: área setores-Urbana=241.7 km², área c/ vias=1107.3 km², combinado=1106.2 km² (município=4120.0 km²)
2026-08-11 21:18:24,491 | fase3_vias_zoneamento | INFO | gravado: C:\projetos\novo_ponto\data\processed\perimetro_urbano.gpkg
2026-08-11 21:18:24,493 | fase3_vias_zoneamento | INFO | gravado: C:\projetos\novo_ponto\data\processed\limitacoes_fase3.txt (2 limitação(ões) registrada(s), vão para a seção Limitações do relatório)
2026-08-11 21:18:24,493 | fase3_vias_zoneamento | WARNING | LIMITAÇÃO — As páginas de dados abertos / Mapas e Bairros da Prefeitura de Uberlândia retornaram erro (bloqueio de acesso automatizado) durante a coleta — não foi possível confirmar programaticamente se existe camada vetorial de zoneamento. Usado o mapa em PDF como Plano B, conforme previsto na spec.
2026-08-11 21:18:24,493 | fase3_vias_zoneamento | WARNING | LIMITAÇÃO — Zoneamento: 25 zonas identificadas pelo nome/código a partir do mapa em PDF (Mapa-Zoneamento-e-Ocupacao-do-Solo-%E2%80%93-Lei-8122_026-e-suas-alteracoes.pdf), mas a tabela de USOS PERMITIDOS por zona não pôde ser extraída automaticamente (está na Lei Complementar 812/2026, cujo texto integral não foi acessível pelas fontes públicas tentadas — leismunicipais.com.br e leis.org bloquearam o acesso automatizado). Compatibilidade de zoneamento por candidato fica como verificação manual obrigatória antes de assinar contrato.
2026-08-11 21:18:24,494 | fase3_vias_zoneamento | INFO | RESUMO — entrada=12686 saida=12686 descartados=0
2026-08-11 21:18:27,852 | fase4_candidatos | INFO | === Fase 4: geração de candidatos ===
2026-08-11 21:18:28,491 | fase4_candidatos | INFO | vias de classe candidata (secondary/tertiary/residential): 12253 de 12686
2026-08-11 21:18:33,452 | fase4_candidatos | INFO | vias dentro do perímetro urbano: 12248
2026-08-11 21:18:35,908 | fase4_candidatos | INFO | vias de maior conectividade (grau >= mediana=2): 7728 de 12248
2026-08-11 21:18:37,098 | fase4_candidatos | INFO | pontos gerados a cada 400m ao longo das vias selecionadas: 12234 (após remover coincidentes)
2026-08-11 21:18:37,126 | fase4_candidatos | INFO | filtro rede (>=3000m): 12234 -> 8945
2026-08-11 21:18:38,760 | fase4_candidatos | INFO | filtro setor (domicílios>0 e renda>=2000 ou desconhecida): 8945 -> 6548
2026-08-11 21:19:01,352 | fase4_candidatos | INFO | ACEITE — 300 candidatos em 13 bairros distintos (mínimo 150/>8)
2026-08-11 21:19:01,457 | fase4_candidatos | INFO | gravado: C:\projetos\novo_ponto\data\processed\candidatos.gpkg
2026-08-11 21:19:01,457 | fase4_candidatos | INFO | RESUMO — entrada=12234 saida=300 descartados=11934 motivo='fora do perímetro/baixa conectividade, perto de rede, setor sem domicílio/renda baixa, ou fora do top-N preliminar'
2026-08-11 21:19:04,858 | fase5_isocronas | INFO | === Fase 5: isócronas ===
2026-08-11 21:19:05,483 | fase5_isocronas | INFO | isócronas: 300 já em cache, 0 pendentes
2026-08-11 21:21:11,253 | fase5_isocronas | INFO | demanda calculada: 300/300 candidatos com isócrona completa (0 ainda sem)
2026-08-11 21:21:11,256 | fase5_isocronas | WARNING | B1 — domicilios_efetivo mediano=75824 (28.3% do total municipal=267966) NÃO ficou abaixo de 15% (alvo do CORRECOES.md). Mesmo o anel de 5min isolado (peso 1.00) já cobre mediana de 36751 domicílios (13.7%) — as isócronas driving-car do ORS para Uberlândia são geometricamente grandes mesmo em 5min nos pontos bem conectados que a Fase 4 seleciona (ex.: ~17-20km² de área só no anel de 5min). Isso NÃO é um erro de implementação (fórmula/pesos conferem com o pseudocódigo do B1) — é uma característica real da malha viária local. Mantido como está; C4.1 (CORRECOES_2.md) aperta ainda mais a captação de balcão (só anéis 5/10min, sem 15min) mas não resolve sozinho — ver nota de C6 item 5 no relatório final.
2026-08-11 21:21:11,547 | fase5_isocronas | INFO | gravado: C:\projetos\novo_ponto\data\processed\candidatos_com_demanda.gpkg (camadas: candidatos_com_demanda, isocronas_10min)
2026-08-11 21:21:11,547 | fase5_isocronas | INFO | RESUMO — entrada=300 saida=300 descartados=0
2026-08-11 21:21:20,607 | fase6_calibracao | INFO | === Fase 6: calibração por análogos ===
2026-08-11 21:21:20,931 | fase6_calibracao | INFO | pet shops independentes com avaliações conhecidas: 159
2026-08-11 21:21:24,067 | fase6_calibracao | INFO | regressão OLS: n=159, R²=0.086, R² ajustado=0.050
2026-08-11 21:21:24,067 | fase6_calibracao | INFO |   domicilios: coef=0.00009 p=0.580
2026-08-11 21:21:24,067 | fase6_calibracao | INFO |   pct_apartamento: coef=-0.51790 p=0.497
2026-08-11 21:21:24,067 | fase6_calibracao | INFO |   renda: coef=0.00012 p=0.029
2026-08-11 21:21:24,076 | fase6_calibracao | INFO |   densidade: coef=0.00011 p=0.821
2026-08-11 21:21:24,076 | fase6_calibracao | INFO |   n_concorrentes: coef=-0.03460 p=0.428
2026-08-11 21:21:24,076 | fase6_calibracao | INFO |   n_clinicas_sem_loja: coef=0.18238 p=0.078
2026-08-11 21:21:24,092 | fase6_calibracao | INFO | VIF: {'domicilios': 9.10951320050957, 'pct_apartamento': 1.745272609914853, 'renda': 1.4801141816159455, 'densidade': 8.325303193650699, 'n_concorrentes': 3.1255816226225384, 'n_clinicas_sem_loja': 2.885779058009948}
2026-08-11 21:21:24,092 | fase6_calibracao | WARNING | regressão fraca demais para usar como peso (n=159 < 25 ou R²=0.086 < 0.25) — caindo pro método de quartis
2026-08-11 21:21:24,101 | fase6_calibracao | INFO | método de quartis: 40 no quartil superior, 40 no inferior
2026-08-11 21:21:24,107 | fase6_calibracao | INFO | gravado: C:\projetos\novo_ponto\data\processed\pesos.json — método=quartis confiança=baixa
2026-08-11 21:21:24,107 | fase6_calibracao | INFO | pesos dos eixos finais: {'demanda_estimada': 0.271, 'saturacao': 0.229, 'oferta_imovel': 0.2, 'acesso': 0.15, 'vitalidade_comercial': 0.15}
2026-08-11 21:21:24,107 | fase6_calibracao | INFO | RESUMO — entrada=159 saida=159 descartados=0
2026-08-11 21:21:27,187 | fase7_score | INFO | === Fase 7: score e filtros ===
2026-08-11 21:21:28,045 | fase7_score | INFO | C3 — 1 candidato(s) com suspeita de verticalização estudantil (fator de verticalização ×0.6 aplicado)
2026-08-11 21:21:35,404 | fase7_score | INFO | B2 — captura_min=0.05/captura_max=0.15 do config.yaml não são mais usados no teste absoluto desde a adoção do modelo de Huff (demanda_capturada); mantidos no config só por retrocompatibilidade, sem efeito ativo
2026-08-11 21:22:36,607 | fase7_score | WARNING | B2 — soma de demanda_capturada em 'Chácaras Tubalina e Quartel' (R$ 7004048) ultrapassa o potencial do bairro (R$ 383856)
2026-08-11 21:22:36,607 | fase7_score | WARNING | B2 — soma de demanda_capturada em 'Jardim Brasília' (R$ 1551359) ultrapassa o potencial do bairro (R$ 405174)
2026-08-11 21:22:36,607 | fase7_score | WARNING | B2 — soma de demanda_capturada em 'Jardim Patrícia' (R$ 618820) ultrapassa o potencial do bairro (R$ 273966)
2026-08-11 21:22:36,607 | fase7_score | WARNING | B2 — soma de demanda_capturada em 'Laranjeiras' (R$ 4326289) ultrapassa o potencial do bairro (R$ 555720)
2026-08-11 21:22:36,607 | fase7_score | WARNING | B2 — soma de demanda_capturada em 'Luizote de Freitas' (R$ 1527826) ultrapassa o potencial do bairro (R$ 393096)
2026-08-11 21:22:36,607 | fase7_score | WARNING | B2 — soma de demanda_capturada em 'Pacaembú' (R$ 936611) ultrapassa o potencial do bairro (R$ 199518)
2026-08-11 21:22:36,607 | fase7_score | WARNING | B2 — soma de demanda_capturada em 'Pampulha' (R$ 151630) ultrapassa o potencial do bairro (R$ 99858)
2026-08-11 21:22:36,607 | fase7_score | WARNING | B2 — soma de demanda_capturada em 'Presidente Roosevelt' (R$ 9272189) ultrapassa o potencial do bairro (R$ 531234)
2026-08-11 21:22:36,607 | fase7_score | WARNING | B2 — soma de demanda_capturada em 'Santa Mônica' (R$ 1069368) ultrapassa o potencial do bairro (R$ 1066758)
2026-08-11 21:22:36,607 | fase7_score | WARNING | B2 — soma de demanda_capturada em 'São Jorge' (R$ 1177694) ultrapassa o potencial do bairro (R$ 673794)
2026-08-11 21:22:36,607 | fase7_score | WARNING | B2 — 10 bairro(s) com demanda_capturada somada acima do potencial (candidatos do mesmo bairro competindo pela mesma demanda sem se descontar)
2026-08-11 21:22:36,622 | fase7_score | WARNING | nenhum dado de aluguel em data/manual/imoveis.csv ainda — custo_fixo usa o fallback negocio.teto_aluguel=4000 (não zero); rode a Fase 8 depois de preencher o CSV e recalcule
2026-08-11 21:22:36,638 | fase7_score | INFO | C4.2 — raio de entrega viável: tempo_deslocamento_max=7.6min, tempo_porta_a_porta=25.0min, custo_por_entrega=R$7.50, raio equivalente mediano=0.2km (esperado ~3-4km, CORRECOES_2.md)
2026-08-11 21:22:36,644 | fase7_score | WARNING | B3 — teste absoluto aprovou 100% dos candidatos mesmo depois de B1+B2+B3 (fallback de aluguel=4000). Isso pode ser real (mercado com bastante espaço), mas precisa ficar dito no relatório, não escondido — ver seção de Metodologia.
2026-08-11 21:22:36,654 | fase7_score | INFO | C5 — filtro de percentil máximo de força de concorrência (<=70%): 90/300 candidatos reprovados
2026-08-11 21:22:36,670 | fase7_score | INFO | C1.4 — eixo informativo (filtro duro desativado): 103/300 candidatos estariam no quartil superior de mortalidade (limite=0.321) se o filtro estivesse ativo
2026-08-11 21:22:36,774 | fase7_score | INFO | M1 — eixos disponíveis nesta rodada: ['demanda_estimada', 'saturacao', 'acesso', 'vitalidade_comercial'] (pesos originais {'demanda_estimada': 0.271, 'saturacao': 0.229, 'oferta_imovel': 0.2, 'acesso': 0.15, 'vitalidade_comercial': 0.15} -> renormalizados {'demanda_estimada': 0.339, 'saturacao': 0.286, 'acesso': 0.187, 'vitalidade_comercial': 0.187})
2026-08-11 21:22:36,774 | fase7_score | INFO | gravado: C:\projetos\novo_ponto\data\processed\pesos_efetivos_aplicados.json
2026-08-11 21:22:36,806 | fase7_score | INFO | C2 — conhecimento local: 100 candidato(s) excluído(s) (['Centro', 'Presidente Roosevelt']), 14 penalizado(s) (['Santa Mônica'])
2026-08-11 21:22:36,941 | fase7_score | INFO | teste absoluto: 300 passaram, 113 reprovados; dedup geográfica: 288 duplicatas suprimidas
2026-08-11 21:22:36,955 | fase7_score | WARNING | ACEITE — só 9 candidatos sobraram pro Top 10 depois do cap de 2/bairro (esperado 10; 0 excedentes bloqueados só pelo cap, não por score)
2026-08-11 21:22:36,955 | fase7_score | INFO | ACEITE — nenhum candidato do Top 10 a menos de 3000m de rede
2026-08-11 21:22:36,971 | fase7_score | INFO | gravado: C:\projetos\novo_ponto\output\top10.csv (9 linhas)
2026-08-11 21:22:37,108 | fase7_score | INFO | gravado: C:\projetos\novo_ponto\data\processed\ranking_completo.parquet (300 linhas, todos os candidatos)
2026-08-11 21:22:37,108 | fase7_score | INFO | RESUMO — entrada=300 saida=9 descartados=291 motivo='reprovados no teste absoluto, duplicata geográfica <800m, ou fora do top 10 por score'
2026-08-11 21:22:40,255 | fase8_manuais | INFO | === Fase 8: entradas manuais ===
2026-08-11 21:22:40,473 | fase8_manuais | INFO | imoveis.csv existe mas está vazio (só cabeçalho) — pendente de preenchimento manual
2026-08-11 21:22:40,482 | fase8_manuais | INFO | ifood.csv existe mas está vazio (só cabeçalho) — pendente de preenchimento manual
2026-08-11 21:22:40,488 | fase8_manuais | INFO | meta_publico.csv existe mas está vazio (só cabeçalho) — pendente de preenchimento manual
2026-08-11 21:22:40,492 | fase8_manuais | INFO | google_buscas.csv existe mas está vazio (só cabeçalho) — pendente de preenchimento manual
2026-08-11 21:22:40,496 | fase8_manuais | INFO | campo_fluxo.csv existe mas está vazio (só cabeçalho) — pendente de preenchimento manual
2026-08-11 21:22:40,500 | fase8_manuais | INFO | cliente_oculto.csv existe mas está vazio (só cabeçalho) — pendente de preenchimento manual
2026-08-11 21:22:40,505 | fase8_manuais | INFO | geoteste.csv existe mas está vazio (só cabeçalho) — pendente de preenchimento manual
2026-08-11 21:22:40,510 | fase8_manuais | INFO | marcas_carteira.csv existe mas está vazio (só cabeçalho) — pendente de preenchimento manual
2026-08-11 21:22:40,514 | fase8_manuais | INFO | imoveis.csv existe mas está vazio (só cabeçalho) — pendente de preenchimento manual
2026-08-11 21:22:40,522 | fase8_manuais | INFO | meta_publico.csv existe mas está vazio (só cabeçalho) — pendente de preenchimento manual
2026-08-11 21:22:40,522 | fase8_manuais | INFO | google_buscas.csv existe mas está vazio (só cabeçalho) — pendente de preenchimento manual
2026-08-11 21:22:40,532 | fase8_manuais | INFO | campo_fluxo.csv existe mas está vazio (só cabeçalho) — pendente de preenchimento manual
2026-08-11 21:22:40,538 | fase8_manuais | INFO | geoteste.csv existe mas está vazio (só cabeçalho) — pendente de preenchimento manual
2026-08-11 21:22:40,542 | fase8_manuais | INFO | marcas_carteira.csv existe mas está vazio (só cabeçalho) — pendente de preenchimento manual
2026-08-11 21:22:40,557 | fase8_manuais | INFO | G2 — cap de 2/bairro reaplicado: 9 candidatos no Top10, 7 bairros distintos, 0 excedentes
2026-08-11 21:22:40,589 | fase8_manuais | INFO | gravado (enriquecido): C:\projetos\novo_ponto\data\processed\ranking_completo.parquet
2026-08-11 21:22:40,600 | fase8_manuais | INFO | gravado (enriquecido): C:\projetos\novo_ponto\output\top10.csv
2026-08-11 21:22:40,602 | fase8_manuais | INFO | gravado: C:\projetos\novo_ponto\data\processed\limitacoes_fase8.txt (8 entrada(s) manual(is) pendente(s))
2026-08-11 21:22:40,602 | fase8_manuais | INFO | resumo: 0 preenchido(s) [], 8 pendente(s) ['imoveis.csv', 'ifood.csv', 'meta_publico.csv', 'google_buscas.csv', 'campo_fluxo.csv', 'cliente_oculto.csv', 'geoteste.csv', 'marcas_carteira.csv']
2026-08-11 21:22:40,602 | fase8_manuais | INFO | RESUMO — entrada=300 saida=300 descartados=0
2026-08-11 21:22:44,166 | fase9_relatorio | INFO | === Fase 9: relatório HTML ===
2026-08-11 21:22:44,905 | fase9_relatorio | INFO | C6.1 — OK: Top10 tem 7 bairros distintos (mínimo 6)
2026-08-11 21:22:44,911 | fase9_relatorio | INFO | C6.2 — OK: nenhum candidato do Top10 em bairro excluído por conhecimento local
2026-08-11 21:24:04,941 | fase9_relatorio | INFO | === Fase 9: relatório HTML ===
2026-08-11 21:24:06,113 | fase9_relatorio | INFO | C6.1 — OK: Top10 tem 7 bairros distintos (mínimo 6)
2026-08-11 21:24:06,141 | fase9_relatorio | INFO | C6.2 — OK: nenhum candidato do Top10 em bairro excluído por conhecimento local
2026-08-11 21:24:06,169 | fase9_relatorio | WARNING | C6.3 — 2 candidato(s) do Top10 em bairro no quartil superior de mortalidade empresarial (aviso, não bloqueia — filtro duro desativado, indicador não validou contra Centro/Presidente Roosevelt com dado real; ver f7_score.py C1.4)
2026-08-11 21:24:06,174 | fase9_relatorio | INFO | C6.4 — OK: nenhum candidato do Top10 a menos de 3000m de rede
2026-08-11 21:24:06,186 | fase9_relatorio | INFO | C6.5 — OK: mediana de domicilios_captacao_efetivo = 21.9% do total municipal (teto ajustado: 28%)
2026-08-11 21:24:06,188 | fase9_relatorio | WARNING | C6.6 — taxa de aprovação do teste absoluto = 100.0% (acima do teto de 80% do documento, mas não bloqueado — ver TAXA_APROVACAO_MIN em _sanidade.py para a justificativa do desvio)
2026-08-11 21:24:06,188 | fase9_relatorio | INFO | SANIDADE (C6) — todos os testes aplicáveis nesta etapa passaram
2026-08-11 21:24:11,888 | fase9_relatorio | INFO | gravado: C:\projetos\novo_ponto\output\mapa.html (recursos externos inlinados — funciona sem internet)
2026-08-11 21:24:13,124 | fase9_relatorio | INFO | fichas individuais geradas: 9
2026-08-11 21:24:13,336 | fase9_relatorio | INFO | gravado: C:\projetos\novo_ponto\output\relatorio.html (7.1 MB)
2026-08-11 21:24:13,336 | fase9_relatorio | INFO | RESUMO — entrada=9 saida=9 descartados=0
2026-08-11 21:31:46,960 | fase5_isocronas | INFO | === Fase 5: isócronas ===
2026-08-11 21:31:47,390 | fase5_isocronas | INFO | isócronas: 300 já em cache, 0 pendentes
2026-08-11 21:32:23,305 | fase5_isocronas | INFO | demanda calculada: 300/300 candidatos com isócrona completa (0 ainda sem)
2026-08-11 21:32:23,305 | fase5_isocronas | WARNING | B1 — domicilios_efetivo mediano=75824 (28.3% do total municipal=267966) NÃO ficou abaixo de 15% (alvo do CORRECOES.md). Mesmo o anel de 5min isolado (peso 1.00) já cobre mediana de 36751 domicílios (13.7%) — as isócronas driving-car do ORS para Uberlândia são geometricamente grandes mesmo em 5min nos pontos bem conectados que a Fase 4 seleciona (ex.: ~17-20km² de área só no anel de 5min). Isso NÃO é um erro de implementação (fórmula/pesos conferem com o pseudocódigo do B1) — é uma característica real da malha viária local. Mantido como está; C4.1 (CORRECOES_2.md) aperta ainda mais a captação de balcão (só anéis 5/10min, sem 15min) mas não resolve sozinho — ver nota de C6 item 5 no relatório final.
2026-08-11 21:32:23,517 | fase5_isocronas | INFO | gravado: C:\projetos\novo_ponto\data\processed\candidatos_com_demanda.gpkg (camadas: candidatos_com_demanda, isocronas_10min)
2026-08-11 21:32:23,517 | fase5_isocronas | INFO | RESUMO — entrada=300 saida=300 descartados=0
2026-08-11 21:32:26,633 | fase6_calibracao | INFO | === Fase 6: calibração por análogos ===
2026-08-11 21:32:26,810 | fase6_calibracao | INFO | pet shops independentes com avaliações conhecidas: 159
2026-08-11 21:32:27,842 | fase6_calibracao | INFO | regressão OLS: n=159, R²=0.086, R² ajustado=0.050
2026-08-11 21:32:27,842 | fase6_calibracao | INFO |   domicilios: coef=0.00009 p=0.580
2026-08-11 21:32:27,842 | fase6_calibracao | INFO |   pct_apartamento: coef=-0.51790 p=0.497
2026-08-11 21:32:27,842 | fase6_calibracao | INFO |   renda: coef=0.00012 p=0.029
2026-08-11 21:32:27,842 | fase6_calibracao | INFO |   densidade: coef=0.00011 p=0.821
2026-08-11 21:32:27,842 | fase6_calibracao | INFO |   n_concorrentes: coef=-0.03460 p=0.428
2026-08-11 21:32:27,842 | fase6_calibracao | INFO |   n_clinicas_sem_loja: coef=0.18238 p=0.078
2026-08-11 21:32:27,854 | fase6_calibracao | INFO | VIF: {'domicilios': 9.10951320050957, 'pct_apartamento': 1.745272609914853, 'renda': 1.4801141816159455, 'densidade': 8.325303193650699, 'n_concorrentes': 3.1255816226225384, 'n_clinicas_sem_loja': 2.885779058009948}
2026-08-11 21:32:27,854 | fase6_calibracao | WARNING | regressão fraca demais para usar como peso (n=159 < 25 ou R²=0.086 < 0.25) — caindo pro método de quartis
2026-08-11 21:32:27,854 | fase6_calibracao | INFO | método de quartis: 40 no quartil superior, 40 no inferior
2026-08-11 21:32:27,862 | fase6_calibracao | INFO | gravado: C:\projetos\novo_ponto\data\processed\pesos.json — método=quartis confiança=baixa
2026-08-11 21:32:27,862 | fase6_calibracao | INFO | pesos dos eixos finais: {'demanda_estimada': 0.271, 'saturacao': 0.229, 'oferta_imovel': 0.2, 'acesso': 0.15, 'vitalidade_comercial': 0.15}
2026-08-11 21:32:27,862 | fase6_calibracao | INFO | RESUMO — entrada=159 saida=159 descartados=0
2026-08-11 21:32:28,952 | fase7_score | INFO | === Fase 7: score e filtros ===
2026-08-11 21:32:29,167 | fase7_score | INFO | C3 — 1 candidato(s) com suspeita de verticalização estudantil (fator de verticalização ×0.6 aplicado)
2026-08-11 21:32:31,186 | fase7_score | INFO | B2 — captura_min=0.05/captura_max=0.15 do config.yaml não são mais usados no teste absoluto desde a adoção do modelo de Huff (demanda_capturada); mantidos no config só por retrocompatibilidade, sem efeito ativo
2026-08-11 21:32:47,921 | fase7_score | WARNING | B2 — soma de demanda_capturada em 'Chácaras Tubalina e Quartel' (R$ 7004048) ultrapassa o potencial do bairro (R$ 383856)
2026-08-11 21:32:47,921 | fase7_score | WARNING | B2 — soma de demanda_capturada em 'Jardim Brasília' (R$ 1551359) ultrapassa o potencial do bairro (R$ 405174)
2026-08-11 21:32:47,921 | fase7_score | WARNING | B2 — soma de demanda_capturada em 'Jardim Patrícia' (R$ 618820) ultrapassa o potencial do bairro (R$ 273966)
2026-08-11 21:32:47,921 | fase7_score | WARNING | B2 — soma de demanda_capturada em 'Laranjeiras' (R$ 4326289) ultrapassa o potencial do bairro (R$ 555720)
2026-08-11 21:32:47,921 | fase7_score | WARNING | B2 — soma de demanda_capturada em 'Luizote de Freitas' (R$ 1527826) ultrapassa o potencial do bairro (R$ 393096)
2026-08-11 21:32:47,921 | fase7_score | WARNING | B2 — soma de demanda_capturada em 'Pacaembú' (R$ 936611) ultrapassa o potencial do bairro (R$ 199518)
2026-08-11 21:32:47,921 | fase7_score | WARNING | B2 — soma de demanda_capturada em 'Pampulha' (R$ 151630) ultrapassa o potencial do bairro (R$ 99858)
2026-08-11 21:32:47,921 | fase7_score | WARNING | B2 — soma de demanda_capturada em 'Presidente Roosevelt' (R$ 9272189) ultrapassa o potencial do bairro (R$ 531234)
2026-08-11 21:32:47,921 | fase7_score | WARNING | B2 — soma de demanda_capturada em 'Santa Mônica' (R$ 1069368) ultrapassa o potencial do bairro (R$ 1066758)
2026-08-11 21:32:47,921 | fase7_score | WARNING | B2 — soma de demanda_capturada em 'São Jorge' (R$ 1177694) ultrapassa o potencial do bairro (R$ 673794)
2026-08-11 21:32:47,921 | fase7_score | WARNING | B2 — 10 bairro(s) com demanda_capturada somada acima do potencial (candidatos do mesmo bairro competindo pela mesma demanda sem se descontar)
2026-08-11 21:32:47,927 | fase7_score | WARNING | nenhum dado de aluguel em data/manual/imoveis.csv ainda — custo_fixo usa o fallback negocio.teto_aluguel=4000 (não zero); rode a Fase 8 depois de preencher o CSV e recalcule
2026-08-11 21:32:47,931 | fase7_score | INFO | C4.2 — raio de entrega viável: tempo_deslocamento_max=7.6min, tempo_porta_a_porta=25.0min, custo_por_entrega=R$7.50, raio equivalente mediano=4.1km (esperado ~3-4km, CORRECOES_2.md)
2026-08-11 21:32:47,933 | fase7_score | WARNING | B3 — teste absoluto aprovou 100% dos candidatos mesmo depois de B1+B2+B3 (fallback de aluguel=4000). Isso pode ser real (mercado com bastante espaço), mas precisa ficar dito no relatório, não escondido — ver seção de Metodologia.
2026-08-11 21:32:47,934 | fase7_score | INFO | C5 — filtro de percentil máximo de força de concorrência (<=70%): 90/300 candidatos reprovados
2026-08-11 21:32:47,949 | fase7_score | INFO | C1.4 — eixo informativo (filtro duro desativado): 103/300 candidatos estariam no quartil superior de mortalidade (limite=0.321) se o filtro estivesse ativo
2026-08-11 21:32:47,980 | fase7_score | INFO | M1 — eixos disponíveis nesta rodada: ['demanda_estimada', 'saturacao', 'acesso', 'vitalidade_comercial'] (pesos originais {'demanda_estimada': 0.271, 'saturacao': 0.229, 'oferta_imovel': 0.2, 'acesso': 0.15, 'vitalidade_comercial': 0.15} -> renormalizados {'demanda_estimada': 0.339, 'saturacao': 0.286, 'acesso': 0.187, 'vitalidade_comercial': 0.187})
2026-08-11 21:32:47,980 | fase7_score | INFO | gravado: C:\projetos\novo_ponto\data\processed\pesos_efetivos_aplicados.json
2026-08-11 21:32:47,983 | fase7_score | INFO | C2 — conhecimento local: 100 candidato(s) excluído(s) (['Centro', 'Presidente Roosevelt']), 14 penalizado(s) (['Santa Mônica'])
2026-08-11 21:32:48,015 | fase7_score | INFO | teste absoluto: 300 passaram, 113 reprovados; dedup geográfica: 288 duplicatas suprimidas
2026-08-11 21:32:48,016 | fase7_score | WARNING | ACEITE — só 9 candidatos sobraram pro Top 10 depois do cap de 2/bairro (esperado 10; 0 excedentes bloqueados só pelo cap, não por score)
2026-08-11 21:32:48,016 | fase7_score | INFO | ACEITE — nenhum candidato do Top 10 a menos de 3000m de rede
2026-08-11 21:32:48,016 | fase7_score | INFO | gravado: C:\projetos\novo_ponto\output\top10.csv (9 linhas)
2026-08-11 21:32:48,055 | fase7_score | INFO | gravado: C:\projetos\novo_ponto\data\processed\ranking_completo.parquet (300 linhas, todos os candidatos)
2026-08-11 21:32:48,055 | fase7_score | INFO | RESUMO — entrada=300 saida=9 descartados=291 motivo='reprovados no teste absoluto, duplicata geográfica <800m, ou fora do top 10 por score'
2026-08-11 21:32:49,003 | fase8_manuais | INFO | === Fase 8: entradas manuais ===
2026-08-11 21:32:49,057 | fase8_manuais | INFO | imoveis.csv existe mas está vazio (só cabeçalho) — pendente de preenchimento manual
2026-08-11 21:32:49,060 | fase8_manuais | INFO | ifood.csv existe mas está vazio (só cabeçalho) — pendente de preenchimento manual
2026-08-11 21:32:49,060 | fase8_manuais | INFO | meta_publico.csv existe mas está vazio (só cabeçalho) — pendente de preenchimento manual
2026-08-11 21:32:49,062 | fase8_manuais | INFO | google_buscas.csv existe mas está vazio (só cabeçalho) — pendente de preenchimento manual
2026-08-11 21:32:49,063 | fase8_manuais | INFO | campo_fluxo.csv existe mas está vazio (só cabeçalho) — pendente de preenchimento manual
2026-08-11 21:32:49,068 | fase8_manuais | INFO | cliente_oculto.csv existe mas está vazio (só cabeçalho) — pendente de preenchimento manual
2026-08-11 21:32:49,070 | fase8_manuais | INFO | geoteste.csv existe mas está vazio (só cabeçalho) — pendente de preenchimento manual
2026-08-11 21:32:49,071 | fase8_manuais | INFO | marcas_carteira.csv existe mas está vazio (só cabeçalho) — pendente de preenchimento manual
2026-08-11 21:32:49,073 | fase8_manuais | INFO | imoveis.csv existe mas está vazio (só cabeçalho) — pendente de preenchimento manual
2026-08-11 21:32:49,075 | fase8_manuais | INFO | meta_publico.csv existe mas está vazio (só cabeçalho) — pendente de preenchimento manual
2026-08-11 21:32:49,077 | fase8_manuais | INFO | google_buscas.csv existe mas está vazio (só cabeçalho) — pendente de preenchimento manual
2026-08-11 21:32:49,077 | fase8_manuais | INFO | campo_fluxo.csv existe mas está vazio (só cabeçalho) — pendente de preenchimento manual
2026-08-11 21:32:49,083 | fase8_manuais | INFO | geoteste.csv existe mas está vazio (só cabeçalho) — pendente de preenchimento manual
2026-08-11 21:32:49,085 | fase8_manuais | INFO | marcas_carteira.csv existe mas está vazio (só cabeçalho) — pendente de preenchimento manual
2026-08-11 21:32:49,094 | fase8_manuais | INFO | G2 — cap de 2/bairro reaplicado: 9 candidatos no Top10, 7 bairros distintos, 0 excedentes
2026-08-11 21:32:49,108 | fase8_manuais | INFO | gravado (enriquecido): C:\projetos\novo_ponto\data\processed\ranking_completo.parquet
2026-08-11 21:32:49,108 | fase8_manuais | INFO | gravado (enriquecido): C:\projetos\novo_ponto\output\top10.csv
2026-08-11 21:32:49,108 | fase8_manuais | INFO | gravado: C:\projetos\novo_ponto\data\processed\limitacoes_fase8.txt (8 entrada(s) manual(is) pendente(s))
2026-08-11 21:32:49,108 | fase8_manuais | INFO | resumo: 0 preenchido(s) [], 8 pendente(s) ['imoveis.csv', 'ifood.csv', 'meta_publico.csv', 'google_buscas.csv', 'campo_fluxo.csv', 'cliente_oculto.csv', 'geoteste.csv', 'marcas_carteira.csv']
2026-08-11 21:32:49,108 | fase8_manuais | INFO | RESUMO — entrada=300 saida=300 descartados=0
2026-08-11 21:32:50,130 | fase9_relatorio | INFO | === Fase 9: relatório HTML ===
2026-08-11 21:32:50,290 | fase9_relatorio | INFO | C6.1 — OK: Top10 tem 7 bairros distintos (mínimo 6)
2026-08-11 21:32:50,292 | fase9_relatorio | INFO | C6.2 — OK: nenhum candidato do Top10 em bairro excluído por conhecimento local
2026-08-11 21:32:50,298 | fase9_relatorio | WARNING | C6.3 — 2 candidato(s) do Top10 em bairro no quartil superior de mortalidade empresarial (aviso, não bloqueia — filtro duro desativado, indicador não validou contra Centro/Presidente Roosevelt com dado real; ver f7_score.py C1.4)
2026-08-11 21:32:50,300 | fase9_relatorio | INFO | C6.4 — OK: nenhum candidato do Top10 a menos de 3000m de rede
2026-08-11 21:32:50,300 | fase9_relatorio | INFO | C6.5 — OK: mediana de domicilios_captacao_efetivo = 21.9% do total municipal (teto ajustado: 28%)
2026-08-11 21:32:50,300 | fase9_relatorio | WARNING | C6.6 — taxa de aprovação do teste absoluto = 100.0% (acima do teto de 80% do documento, mas não bloqueado — ver TAXA_APROVACAO_MIN em _sanidade.py para a justificativa do desvio)
2026-08-11 21:32:50,300 | fase9_relatorio | INFO | SANIDADE (C6) — todos os testes aplicáveis nesta etapa passaram
2026-08-11 21:32:51,688 | fase9_relatorio | INFO | gravado: C:\projetos\novo_ponto\output\mapa.html (recursos externos inlinados — funciona sem internet)
2026-08-11 21:32:52,035 | fase9_relatorio | INFO | fichas individuais geradas: 9
2026-08-11 21:32:52,098 | fase9_relatorio | INFO | gravado: C:\projetos\novo_ponto\output\relatorio.html (7.1 MB)
2026-08-11 21:32:52,098 | fase9_relatorio | INFO | RESUMO — entrada=9 saida=9 descartados=0
2026-08-11 21:39:39,702 | fase7_score | INFO | === Fase 7: score e filtros ===
2026-08-11 21:39:40,153 | fase7_score | INFO | C3 — 1 candidato(s) com suspeita de verticalização estudantil (fator de verticalização ×0.6 aplicado)
2026-08-11 21:39:40,161 | fase7_score | WARNING | C3 — validação do CORRECOES_2.md esperava Santa Mônica fortemente representado entre os descontados; nenhum dos 14 candidatos de Santa Mônica disparou o filtro (dist_campus_km mín=2.02km, limite configurado=2.0km). Causa raiz investigada: o único ponto OSM amenity=university nas proximidades (UFU Campus Santa Mônica) está com o campo 'name' malformado no OSM ('1H', não o nome do campus) e representa um único prédio, não o polígono do campus inteiro — a distância medida (mín. ~2,0km) fica bem na borda do corte de 2.0km. Não ajustado aqui (mudar o limite só pra encaixar Santa Mônica seria ajustar o critério ao resultado desejado, não uma correção de bug). C2 (conhecimento local, bairros_penalizados) já cobre esse mesmo efeito por conhecimento direto do avaliador, então o score final não fica cego a isso — só o eixo automático C3 é que não sozinho.
2026-08-11 21:39:43,034 | fase7_score | INFO | B2 — captura_min=0.05/captura_max=0.15 do config.yaml não são mais usados no teste absoluto desde a adoção do modelo de Huff (demanda_capturada); mantidos no config só por retrocompatibilidade, sem efeito ativo
2026-08-11 21:40:23,766 | fase7_score | WARNING | B2 — soma de demanda_capturada em 'Chácaras Tubalina e Quartel' (R$ 7004048) ultrapassa o potencial do bairro (R$ 383856)
2026-08-11 21:40:23,766 | fase7_score | WARNING | B2 — soma de demanda_capturada em 'Jardim Brasília' (R$ 1551359) ultrapassa o potencial do bairro (R$ 405174)
2026-08-11 21:40:23,766 | fase7_score | WARNING | B2 — soma de demanda_capturada em 'Jardim Patrícia' (R$ 618820) ultrapassa o potencial do bairro (R$ 273966)
2026-08-11 21:40:23,767 | fase7_score | WARNING | B2 — soma de demanda_capturada em 'Laranjeiras' (R$ 4326289) ultrapassa o potencial do bairro (R$ 555720)
2026-08-11 21:40:23,767 | fase7_score | WARNING | B2 — soma de demanda_capturada em 'Luizote de Freitas' (R$ 1527826) ultrapassa o potencial do bairro (R$ 393096)
2026-08-11 21:40:23,767 | fase7_score | WARNING | B2 — soma de demanda_capturada em 'Pacaembú' (R$ 936611) ultrapassa o potencial do bairro (R$ 199518)
2026-08-11 21:40:23,767 | fase7_score | WARNING | B2 — soma de demanda_capturada em 'Pampulha' (R$ 151630) ultrapassa o potencial do bairro (R$ 99858)
2026-08-11 21:40:23,768 | fase7_score | WARNING | B2 — soma de demanda_capturada em 'Presidente Roosevelt' (R$ 9272189) ultrapassa o potencial do bairro (R$ 531234)
2026-08-11 21:40:23,768 | fase7_score | WARNING | B2 — soma de demanda_capturada em 'Santa Mônica' (R$ 1069368) ultrapassa o potencial do bairro (R$ 1066758)
2026-08-11 21:40:23,768 | fase7_score | WARNING | B2 — soma de demanda_capturada em 'São Jorge' (R$ 1177694) ultrapassa o potencial do bairro (R$ 673794)
2026-08-11 21:40:23,768 | fase7_score | WARNING | B2 — 10 bairro(s) com demanda_capturada somada acima do potencial (candidatos do mesmo bairro competindo pela mesma demanda sem se descontar)
2026-08-11 21:40:23,777 | fase7_score | WARNING | nenhum dado de aluguel em data/manual/imoveis.csv ainda — custo_fixo usa o fallback negocio.teto_aluguel=4000 (não zero); rode a Fase 8 depois de preencher o CSV e recalcule
2026-08-11 21:40:23,785 | fase7_score | INFO | C4.2 — raio de entrega viável: tempo_deslocamento_max=7.6min, tempo_porta_a_porta=25.0min, custo_por_entrega=R$7.50, raio equivalente mediano=4.1km (esperado ~3-4km, CORRECOES_2.md)
2026-08-11 21:40:23,791 | fase7_score | WARNING | B3 — teste absoluto aprovou 100% dos candidatos mesmo depois de B1+B2+B3 (fallback de aluguel=4000). Isso pode ser real (mercado com bastante espaço), mas precisa ficar dito no relatório, não escondido — ver seção de Metodologia.
2026-08-11 21:40:23,794 | fase7_score | INFO | C5 — filtro de percentil máximo de força de concorrência (<=70%): 90/300 candidatos reprovados
2026-08-11 21:40:23,811 | fase7_score | INFO | C1.4 — eixo informativo (filtro duro desativado): 103/300 candidatos estariam no quartil superior de mortalidade (limite=0.321) se o filtro estivesse ativo
2026-08-11 21:40:23,877 | fase7_score | INFO | M1 — eixos disponíveis nesta rodada: ['demanda_estimada', 'saturacao', 'acesso', 'vitalidade_comercial'] (pesos originais {'demanda_estimada': 0.271, 'saturacao': 0.229, 'oferta_imovel': 0.2, 'acesso': 0.15, 'vitalidade_comercial': 0.15} -> renormalizados {'demanda_estimada': 0.339, 'saturacao': 0.286, 'acesso': 0.187, 'vitalidade_comercial': 0.187})
2026-08-11 21:40:23,880 | fase7_score | INFO | gravado: C:\projetos\novo_ponto\data\processed\pesos_efetivos_aplicados.json
2026-08-11 21:40:23,891 | fase7_score | INFO | C2 — conhecimento local: 100 candidato(s) excluído(s) (['Centro', 'Presidente Roosevelt']), 14 penalizado(s) (['Santa Mônica'])
2026-08-11 21:40:23,959 | fase7_score | INFO | teste absoluto: 300 passaram, 113 reprovados; dedup geográfica: 288 duplicatas suprimidas
2026-08-11 21:40:23,971 | fase7_score | WARNING | ACEITE — só 9 candidatos sobraram pro Top 10 depois do cap de 2/bairro (esperado 10; 0 excedentes bloqueados só pelo cap, não por score)
2026-08-11 21:40:23,971 | fase7_score | INFO | ACEITE — nenhum candidato do Top 10 a menos de 3000m de rede
2026-08-11 21:40:23,982 | fase7_score | INFO | gravado: C:\projetos\novo_ponto\output\top10.csv (9 linhas)
2026-08-11 21:40:24,055 | fase7_score | INFO | gravado: C:\projetos\novo_ponto\data\processed\ranking_completo.parquet (300 linhas, todos os candidatos)
2026-08-11 21:40:24,055 | fase7_score | INFO | RESUMO — entrada=300 saida=9 descartados=291 motivo='reprovados no teste absoluto, duplicata geográfica <800m, ou fora do top 10 por score'
2026-08-11 21:40:24,969 | fase8_manuais | INFO | === Fase 8: entradas manuais ===
2026-08-11 21:40:25,017 | fase8_manuais | INFO | imoveis.csv existe mas está vazio (só cabeçalho) — pendente de preenchimento manual
2026-08-11 21:40:25,018 | fase8_manuais | INFO | ifood.csv existe mas está vazio (só cabeçalho) — pendente de preenchimento manual
2026-08-11 21:40:25,019 | fase8_manuais | INFO | meta_publico.csv existe mas está vazio (só cabeçalho) — pendente de preenchimento manual
2026-08-11 21:40:25,021 | fase8_manuais | INFO | google_buscas.csv existe mas está vazio (só cabeçalho) — pendente de preenchimento manual
2026-08-11 21:40:25,023 | fase8_manuais | INFO | campo_fluxo.csv existe mas está vazio (só cabeçalho) — pendente de preenchimento manual
2026-08-11 21:40:25,024 | fase8_manuais | INFO | cliente_oculto.csv existe mas está vazio (só cabeçalho) — pendente de preenchimento manual
2026-08-11 21:40:25,026 | fase8_manuais | INFO | geoteste.csv existe mas está vazio (só cabeçalho) — pendente de preenchimento manual
2026-08-11 21:40:25,028 | fase8_manuais | INFO | marcas_carteira.csv existe mas está vazio (só cabeçalho) — pendente de preenchimento manual
2026-08-11 21:40:25,029 | fase8_manuais | INFO | imoveis.csv existe mas está vazio (só cabeçalho) — pendente de preenchimento manual
2026-08-11 21:40:25,032 | fase8_manuais | INFO | meta_publico.csv existe mas está vazio (só cabeçalho) — pendente de preenchimento manual
2026-08-11 21:40:25,033 | fase8_manuais | INFO | google_buscas.csv existe mas está vazio (só cabeçalho) — pendente de preenchimento manual
2026-08-11 21:40:25,036 | fase8_manuais | INFO | campo_fluxo.csv existe mas está vazio (só cabeçalho) — pendente de preenchimento manual
2026-08-11 21:40:25,038 | fase8_manuais | INFO | geoteste.csv existe mas está vazio (só cabeçalho) — pendente de preenchimento manual
2026-08-11 21:40:25,039 | fase8_manuais | INFO | marcas_carteira.csv existe mas está vazio (só cabeçalho) — pendente de preenchimento manual
2026-08-11 21:40:25,062 | fase8_manuais | INFO | G2 — cap de 2/bairro reaplicado: 9 candidatos no Top10, 7 bairros distintos, 0 excedentes
2026-08-11 21:40:25,073 | fase8_manuais | INFO | gravado (enriquecido): C:\projetos\novo_ponto\data\processed\ranking_completo.parquet
2026-08-11 21:40:25,075 | fase8_manuais | INFO | gravado (enriquecido): C:\projetos\novo_ponto\output\top10.csv
2026-08-11 21:40:25,076 | fase8_manuais | INFO | gravado: C:\projetos\novo_ponto\data\processed\limitacoes_fase8.txt (8 entrada(s) manual(is) pendente(s))
2026-08-11 21:40:25,076 | fase8_manuais | INFO | resumo: 0 preenchido(s) [], 8 pendente(s) ['imoveis.csv', 'ifood.csv', 'meta_publico.csv', 'google_buscas.csv', 'campo_fluxo.csv', 'cliente_oculto.csv', 'geoteste.csv', 'marcas_carteira.csv']
2026-08-11 21:40:25,076 | fase8_manuais | INFO | RESUMO — entrada=300 saida=300 descartados=0
2026-08-11 21:40:26,140 | fase9_relatorio | INFO | === Fase 9: relatório HTML ===
2026-08-11 21:40:26,323 | fase9_relatorio | INFO | C6.1 — OK: Top10 tem 7 bairros distintos (mínimo 6)
2026-08-11 21:40:26,325 | fase9_relatorio | INFO | C6.2 — OK: nenhum candidato do Top10 em bairro excluído por conhecimento local
2026-08-11 21:40:26,328 | fase9_relatorio | WARNING | C6.3 — 2 candidato(s) do Top10 em bairro no quartil superior de mortalidade empresarial (aviso, não bloqueia — filtro duro desativado, indicador não validou contra Centro/Presidente Roosevelt com dado real; ver f7_score.py C1.4)
2026-08-11 21:40:26,329 | fase9_relatorio | INFO | C6.4 — OK: nenhum candidato do Top10 a menos de 3000m de rede
2026-08-11 21:40:26,330 | fase9_relatorio | INFO | C6.5 — OK: mediana de domicilios_captacao_efetivo = 21.9% do total municipal (teto ajustado: 28%)
2026-08-11 21:40:26,330 | fase9_relatorio | WARNING | C6.6 — taxa de aprovação do teste absoluto = 100.0% (acima do teto de 80% do documento, mas não bloqueado — ver TAXA_APROVACAO_MIN em _sanidade.py para a justificativa do desvio)
2026-08-11 21:40:26,330 | fase9_relatorio | INFO | SANIDADE (C6) — todos os testes aplicáveis nesta etapa passaram
2026-08-11 21:40:27,562 | fase9_relatorio | INFO | gravado: C:\projetos\novo_ponto\output\mapa.html (recursos externos inlinados — funciona sem internet)
2026-08-11 21:40:27,856 | fase9_relatorio | INFO | fichas individuais geradas: 9
2026-08-11 21:40:27,902 | fase9_relatorio | INFO | gravado: C:\projetos\novo_ponto\output\relatorio.html (7.1 MB)
2026-08-11 21:40:27,902 | fase9_relatorio | INFO | RESUMO — entrada=9 saida=9 descartados=0
